/*
Navicat MySQL Data Transfer

Source Server         : localhost:3306
Source Server Version : 50641
Source Host           : localhost:3306
Source Database       : oa

Target Server Type    : MYSQL
Target Server Version : 50641
File Encoding         : 65001

Date: 2021-02-11 13:53:27
*/

SET FOREIGN_KEY_CHECKS=0;

-- ----------------------------
-- Table structure for absence
-- ----------------------------
DROP TABLE IF EXISTS `absence`;
CREATE TABLE `absence` (
  `id` int(20) NOT NULL AUTO_INCREMENT,
  `days` int(11) NOT NULL,
  `title` varchar(255) NOT NULL,
  `reason` varchar(255) NOT NULL,
  `leave_time` datetime NOT NULL,
  `state` int(11) NOT NULL,
  `user_id` int(20) NOT NULL,
  PRIMARY KEY (`id`) USING BTREE,
  KEY `FK62FCB35E2B4D7140` (`user_id`) USING BTREE
) ENGINE=InnoDB AUTO_INCREMENT=42 DEFAULT CHARSET=utf8 ROW_FORMAT=DYNAMIC;

-- ----------------------------
-- Records of absence
-- ----------------------------
INSERT INTO `absence` VALUES ('41', '30', '年假', '放年假了', '2021-02-09 23:07:26', '2', '6');

-- ----------------------------
-- Table structure for act_ge_bytearray
-- ----------------------------
DROP TABLE IF EXISTS `act_ge_bytearray`;
CREATE TABLE `act_ge_bytearray` (
  `ID_` varchar(64) COLLATE utf8_bin NOT NULL DEFAULT '',
  `REV_` int(11) DEFAULT NULL,
  `NAME_` varchar(255) COLLATE utf8_bin DEFAULT NULL,
  `DEPLOYMENT_ID_` varchar(64) COLLATE utf8_bin DEFAULT NULL,
  `BYTES_` longblob,
  `GENERATED_` tinyint(4) DEFAULT NULL,
  PRIMARY KEY (`ID_`),
  KEY `ACT_FK_BYTEARR_DEPL` (`DEPLOYMENT_ID_`),
  CONSTRAINT `ACT_FK_BYTEARR_DEPL` FOREIGN KEY (`DEPLOYMENT_ID_`) REFERENCES `act_re_deployment` (`ID_`)
) ENGINE=InnoDB DEFAULT CHARSET=utf8 COLLATE=utf8_bin;

-- ----------------------------
-- Records of act_ge_bytearray
-- ----------------------------
INSERT INTO `act_ge_bytearray` VALUES ('306', '1', '请假流程/AbsenceProcess.bpmn', '305', 0x3C3F786D6C2076657273696F6E3D22312E302220656E636F64696E673D225554462D38223F3E0A3C646566696E6974696F6E7320786D6C6E733D22687474703A2F2F7777772E6F6D672E6F72672F737065632F42504D4E2F32303130303532342F4D4F44454C2220786D6C6E733A7873693D22687474703A2F2F7777772E77332E6F72672F323030312F584D4C536368656D612D696E7374616E63652220786D6C6E733A7873643D22687474703A2F2F7777772E77332E6F72672F323030312F584D4C536368656D612220786D6C6E733A61637469766974693D22687474703A2F2F61637469766974692E6F72672F62706D6E2220786D6C6E733A62706D6E64693D22687474703A2F2F7777772E6F6D672E6F72672F737065632F42504D4E2F32303130303532342F44492220786D6C6E733A6F6D6764633D22687474703A2F2F7777772E6F6D672E6F72672F737065632F44442F32303130303532342F44432220786D6C6E733A6F6D6764693D22687474703A2F2F7777772E6F6D672E6F72672F737065632F44442F32303130303532342F44492220747970654C616E67756167653D22687474703A2F2F7777772E77332E6F72672F323030312F584D4C536368656D61222065787072657373696F6E4C616E67756167653D22687474703A2F2F7777772E77332E6F72672F313939392F585061746822207461726765744E616D6573706163653D22687474703A2F2F7777772E61637469766974692E6F72672F74657374223E0A20203C70726F636573732069643D22416273656E636550726F6365737322206E616D653D22416273656E636550726F6365737342504D4E2220697345786563757461626C653D2274727565223E0A202020203C73746172744576656E742069643D2273746172746576656E743122206E616D653D225374617274223E3C2F73746172744576656E743E0A202020203C757365725461736B2069643D22757365727461736B3122206E616D653D22E59198E5B7A5E794B3E8AFB7E8AFB7E58187222061637469766974693A61737369676E65653D22247B696E707574557365727D223E3C2F757365725461736B3E0A202020203C73657175656E6365466C6F772069643D22666C6F77312220736F757263655265663D2273746172746576656E743122207461726765745265663D22757365727461736B31223E3C2F73657175656E6365466C6F773E0A202020203C757365725461736B2069643D22757365727461736B3222206E616D653D224852E983A8E997A8E7BB8FE79086E5AEA1E689B9223E0A2020202020203C657874656E73696F6E456C656D656E74733E0A20202020202020203C61637469766974693A7461736B4C697374656E6572206576656E743D226372656174652220636C6173733D226F72672E64657369676E2E7574696C732E4D616E616765725461736B48616E646C6572223E3C2F61637469766974693A7461736B4C697374656E65723E0A2020202020203C2F657874656E73696F6E456C656D656E74733E0A202020203C2F757365725461736B3E0A202020203C73657175656E6365466C6F772069643D22666C6F77322220736F757263655265663D22757365727461736B3122207461726765745265663D22757365727461736B32223E3C2F73657175656E6365466C6F773E0A202020203C73657175656E6365466C6F772069643D22666C6F773322206E616D653D22E9A9B3E59B9E2220736F757263655265663D22757365727461736B3222207461726765745265663D22757365727461736B31223E0A2020202020203C636F6E646974696F6E45787072657373696F6E207873693A747970653D2274466F726D616C45787072657373696F6E223E3C215B43444154415B247B6D6573736167653D3D27E9A9B3E59B9E277D5D5D3E3C2F636F6E646974696F6E45787072657373696F6E3E0A202020203C2F73657175656E6365466C6F773E0A202020203C656E644576656E742069643D22656E646576656E743122206E616D653D22456E64223E3C2F656E644576656E743E0A202020203C73657175656E6365466C6F772069643D22666C6F773422206E616D653D22E4B88DE5908CE6848F2220736F757263655265663D22757365727461736B3222207461726765745265663D22656E646576656E7431223E0A2020202020203C636F6E646974696F6E45787072657373696F6E207873693A747970653D2274466F726D616C45787072657373696F6E223E3C215B43444154415B247B6D6573736167653D3D27E4B88DE5908CE6848F277D5D5D3E3C2F636F6E646974696F6E45787072657373696F6E3E0A202020203C2F73657175656E6365466C6F773E0A202020203C757365725461736B2069643D22757365727461736B3322206E616D653D224852E5AEA1E689B9222061637469766974693A61737369676E65653D226368656E223E3C2F757365725461736B3E0A202020203C757365725461736B2069643D22757365727461736B3422206E616D653D22E680BBE7BB8FE79086E5AEA1E689B9223E0A2020202020203C657874656E73696F6E456C656D656E74733E0A20202020202020203C61637469766974693A7461736B4C697374656E6572206576656E743D226372656174652220636C6173733D226F72672E64657369676E2E7574696C732E4D616E616765725461736B48616E646C6572223E3C2F61637469766974693A7461736B4C697374656E65723E0A2020202020203C2F657874656E73696F6E456C656D656E74733E0A202020203C2F757365725461736B3E0A202020203C73657175656E6365466C6F772069643D22666C6F773522206E616D653D22E8AFB7E58187E5A4A9E695B0312D33E5A4A92220736F757263655265663D22757365727461736B3222207461726765745265663D22757365727461736B33223E0A2020202020203C636F6E646974696F6E45787072657373696F6E207873693A747970653D2274466F726D616C45787072657373696F6E223E3C215B43444154415B247B6D6573736167653D3D27E8AFB7E58187E5A4A9E695B0312D33E5A4A9277D5D5D3E3C2F636F6E646974696F6E45787072657373696F6E3E0A202020203C2F73657175656E6365466C6F773E0A202020203C73657175656E6365466C6F772069643D22666C6F773622206E616D653D22E8AFB7E58187E5A4A9E695B0E5A4A7E4BA8E33E5A4A92220736F757263655265663D22757365727461736B3222207461726765745265663D22757365727461736B34223E0A2020202020203C636F6E646974696F6E45787072657373696F6E207873693A747970653D2274466F726D616C45787072657373696F6E223E3C215B43444154415B247B6D6573736167653D3D27E8AFB7E58187E5A4A9E695B0E5A4A7E4BA8E33E5A4A9277D5D5D3E3C2F636F6E646974696F6E45787072657373696F6E3E0A202020203C2F73657175656E6365466C6F773E0A202020203C73657175656E6365466C6F772069643D22666C6F77372220736F757263655265663D22757365727461736B3322207461726765745265663D22656E646576656E7431223E3C2F73657175656E6365466C6F773E0A202020203C73657175656E6365466C6F772069643D22666C6F773822206E616D653D22E4B88DE5908CE6848F2220736F757263655265663D22757365727461736B3422207461726765745265663D22656E646576656E7431223E0A2020202020203C636F6E646974696F6E45787072657373696F6E207873693A747970653D2274466F726D616C45787072657373696F6E223E3C215B43444154415B247B6D6573736167653D3D27E4B88DE5908CE6848F277D5D5D3E3C2F636F6E646974696F6E45787072657373696F6E3E0A202020203C2F73657175656E6365466C6F773E0A202020203C73657175656E6365466C6F772069643D22666C6F773922206E616D653D22E9A9B3E59B9E2220736F757263655265663D22757365727461736B3422207461726765745265663D22757365727461736B31223E0A2020202020203C636F6E646974696F6E45787072657373696F6E207873693A747970653D2274466F726D616C45787072657373696F6E223E3C215B43444154415B247B6D6573736167653D3D27E9A9B3E59B9E277D5D5D3E3C2F636F6E646974696F6E45787072657373696F6E3E0A202020203C2F73657175656E6365466C6F773E0A202020203C73657175656E6365466C6F772069643D22666C6F77313022206E616D653D22E5908CE6848F2220736F757263655265663D22757365727461736B3422207461726765745265663D22757365727461736B33223E0A2020202020203C636F6E646974696F6E45787072657373696F6E207873693A747970653D2274466F726D616C45787072657373696F6E223E3C215B43444154415B247B6D6573736167653D3D27E5908CE6848F277D5D5D3E3C2F636F6E646974696F6E45787072657373696F6E3E0A202020203C2F73657175656E6365466C6F773E0A20203C2F70726F636573733E0A20203C62706D6E64693A42504D4E4469616772616D2069643D2242504D4E4469616772616D5F416273656E636550726F63657373223E0A202020203C62706D6E64693A42504D4E506C616E652062706D6E456C656D656E743D22416273656E636550726F63657373222069643D2242504D4E506C616E655F416273656E636550726F63657373223E0A2020202020203C62706D6E64693A42504D4E53686170652062706D6E456C656D656E743D2273746172746576656E7431222069643D2242504D4E53686170655F73746172746576656E7431223E0A20202020202020203C6F6D6764633A426F756E6473206865696768743D2233352E30222077696474683D2233352E302220783D223334302E302220793D2236302E30223E3C2F6F6D6764633A426F756E64733E0A2020202020203C2F62706D6E64693A42504D4E53686170653E0A2020202020203C62706D6E64693A42504D4E53686170652062706D6E456C656D656E743D22757365727461736B31222069643D2242504D4E53686170655F757365727461736B31223E0A20202020202020203C6F6D6764633A426F756E6473206865696768743D2235352E30222077696474683D223130352E302220783D223330352E302220793D223135302E30223E3C2F6F6D6764633A426F756E64733E0A2020202020203C2F62706D6E64693A42504D4E53686170653E0A2020202020203C62706D6E64693A42504D4E53686170652062706D6E456C656D656E743D22757365727461736B32222069643D2242504D4E53686170655F757365727461736B32223E0A20202020202020203C6F6D6764633A426F756E6473206865696768743D2235352E30222077696474683D223130352E302220783D223330352E302220793D223237302E30223E3C2F6F6D6764633A426F756E64733E0A2020202020203C2F62706D6E64693A42504D4E53686170653E0A2020202020203C62706D6E64693A42504D4E53686170652062706D6E456C656D656E743D22656E646576656E7431222069643D2242504D4E53686170655F656E646576656E7431223E0A20202020202020203C6F6D6764633A426F756E6473206865696768743D2233352E30222077696474683D2233352E302220783D223334302E302220793D223339302E30223E3C2F6F6D6764633A426F756E64733E0A2020202020203C2F62706D6E64693A42504D4E53686170653E0A2020202020203C62706D6E64693A42504D4E53686170652062706D6E456C656D656E743D22757365727461736B33222069643D2242504D4E53686170655F757365727461736B33223E0A20202020202020203C6F6D6764633A426F756E6473206865696768743D2235352E30222077696474683D223130352E302220783D223131362E302220793D223338302E30223E3C2F6F6D6764633A426F756E64733E0A2020202020203C2F62706D6E64693A42504D4E53686170653E0A2020202020203C62706D6E64693A42504D4E53686170652062706D6E456C656D656E743D22757365727461736B34222069643D2242504D4E53686170655F757365727461736B34223E0A20202020202020203C6F6D6764633A426F756E6473206865696768743D2235352E30222077696474683D223130352E302220783D223439302E302220793D223338302E30223E3C2F6F6D6764633A426F756E64733E0A2020202020203C2F62706D6E64693A42504D4E53686170653E0A2020202020203C62706D6E64693A42504D4E456467652062706D6E456C656D656E743D22666C6F7731222069643D2242504D4E456467655F666C6F7731223E0A20202020202020203C6F6D6764693A776179706F696E7420783D223335372E302220793D2239352E30223E3C2F6F6D6764693A776179706F696E743E0A20202020202020203C6F6D6764693A776179706F696E7420783D223335372E302220793D223135302E30223E3C2F6F6D6764693A776179706F696E743E0A2020202020203C2F62706D6E64693A42504D4E456467653E0A2020202020203C62706D6E64693A42504D4E456467652062706D6E456C656D656E743D22666C6F7732222069643D2242504D4E456467655F666C6F7732223E0A20202020202020203C6F6D6764693A776179706F696E7420783D223335372E302220793D223230352E30223E3C2F6F6D6764693A776179706F696E743E0A20202020202020203C6F6D6764693A776179706F696E7420783D223335372E302220793D223237302E30223E3C2F6F6D6764693A776179706F696E743E0A2020202020203C2F62706D6E64693A42504D4E456467653E0A2020202020203C62706D6E64693A42504D4E456467652062706D6E456C656D656E743D22666C6F7733222069643D2242504D4E456467655F666C6F7733223E0A20202020202020203C6F6D6764693A776179706F696E7420783D223330352E302220793D223239372E30223E3C2F6F6D6764693A776179706F696E743E0A20202020202020203C6F6D6764693A776179706F696E7420783D223236302E302220793D223239382E30223E3C2F6F6D6764693A776179706F696E743E0A20202020202020203C6F6D6764693A776179706F696E7420783D223236302E302220793D223234362E30223E3C2F6F6D6764693A776179706F696E743E0A20202020202020203C6F6D6764693A776179706F696E7420783D223236302E302220793D223137382E30223E3C2F6F6D6764693A776179706F696E743E0A20202020202020203C6F6D6764693A776179706F696E7420783D223330352E302220793D223137372E30223E3C2F6F6D6764693A776179706F696E743E0A20202020202020203C62706D6E64693A42504D4E4C6162656C3E0A202020202020202020203C6F6D6764633A426F756E6473206865696768743D2231342E30222077696474683D2232342E302220783D223232312E302220793D223233302E30223E3C2F6F6D6764633A426F756E64733E0A20202020202020203C2F62706D6E64693A42504D4E4C6162656C3E0A2020202020203C2F62706D6E64693A42504D4E456467653E0A2020202020203C62706D6E64693A42504D4E456467652062706D6E456C656D656E743D22666C6F7734222069643D2242504D4E456467655F666C6F7734223E0A20202020202020203C6F6D6764693A776179706F696E7420783D223335372E302220793D223332352E30223E3C2F6F6D6764693A776179706F696E743E0A20202020202020203C6F6D6764693A776179706F696E7420783D223335372E302220793D223339302E30223E3C2F6F6D6764693A776179706F696E743E0A20202020202020203C62706D6E64693A42504D4E4C6162656C3E0A202020202020202020203C6F6D6764633A426F756E6473206865696768743D2231342E30222077696474683D2233362E302220783D223336302E302220793D223334392E30223E3C2F6F6D6764633A426F756E64733E0A20202020202020203C2F62706D6E64693A42504D4E4C6162656C3E0A2020202020203C2F62706D6E64693A42504D4E456467653E0A2020202020203C62706D6E64693A42504D4E456467652062706D6E456C656D656E743D22666C6F7735222069643D2242504D4E456467655F666C6F7735223E0A20202020202020203C6F6D6764693A776179706F696E7420783D223335372E302220793D223332352E30223E3C2F6F6D6764693A776179706F696E743E0A20202020202020203C6F6D6764693A776179706F696E7420783D223136382E302220793D223338302E30223E3C2F6F6D6764693A776179706F696E743E0A20202020202020203C62706D6E64693A42504D4E4C6162656C3E0A202020202020202020203C6F6D6764633A426F756E6473206865696768743D2231342E30222077696474683D2237362E302220783D223233352E302220793D223333372E30223E3C2F6F6D6764633A426F756E64733E0A20202020202020203C2F62706D6E64693A42504D4E4C6162656C3E0A2020202020203C2F62706D6E64693A42504D4E456467653E0A2020202020203C62706D6E64693A42504D4E456467652062706D6E456C656D656E743D22666C6F7736222069643D2242504D4E456467655F666C6F7736223E0A20202020202020203C6F6D6764693A776179706F696E7420783D223335372E302220793D223332352E30223E3C2F6F6D6764693A776179706F696E743E0A20202020202020203C6F6D6764693A776179706F696E7420783D223534322E302220793D223338302E30223E3C2F6F6D6764693A776179706F696E743E0A20202020202020203C62706D6E64693A42504D4E4C6162656C3E0A202020202020202020203C6F6D6764633A426F756E6473206865696768743D2231342E30222077696474683D2239302E302220783D223339332E302220793D223333302E30223E3C2F6F6D6764633A426F756E64733E0A20202020202020203C2F62706D6E64693A42504D4E4C6162656C3E0A2020202020203C2F62706D6E64693A42504D4E456467653E0A2020202020203C62706D6E64693A42504D4E456467652062706D6E456C656D656E743D22666C6F7737222069643D2242504D4E456467655F666C6F7737223E0A20202020202020203C6F6D6764693A776179706F696E7420783D223232312E302220793D223430372E30223E3C2F6F6D6764693A776179706F696E743E0A20202020202020203C6F6D6764693A776179706F696E7420783D223334302E302220793D223430372E30223E3C2F6F6D6764693A776179706F696E743E0A2020202020203C2F62706D6E64693A42504D4E456467653E0A2020202020203C62706D6E64693A42504D4E456467652062706D6E456C656D656E743D22666C6F7738222069643D2242504D4E456467655F666C6F7738223E0A20202020202020203C6F6D6764693A776179706F696E7420783D223439302E302220793D223430372E30223E3C2F6F6D6764693A776179706F696E743E0A20202020202020203C6F6D6764693A776179706F696E7420783D223337352E302220793D223430372E30223E3C2F6F6D6764693A776179706F696E743E0A20202020202020203C62706D6E64693A42504D4E4C6162656C3E0A202020202020202020203C6F6D6764633A426F756E6473206865696768743D2231342E30222077696474683D2233362E302220783D223431312E302220793D223339302E30223E3C2F6F6D6764633A426F756E64733E0A20202020202020203C2F62706D6E64693A42504D4E4C6162656C3E0A2020202020203C2F62706D6E64693A42504D4E456467653E0A2020202020203C62706D6E64693A42504D4E456467652062706D6E456C656D656E743D22666C6F7739222069643D2242504D4E456467655F666C6F7739223E0A20202020202020203C6F6D6764693A776179706F696E7420783D223534322E302220793D223338302E30223E3C2F6F6D6764693A776179706F696E743E0A20202020202020203C6F6D6764693A776179706F696E7420783D223534322E302220793D223137372E30223E3C2F6F6D6764693A776179706F696E743E0A20202020202020203C6F6D6764693A776179706F696E7420783D223431302E302220793D223137372E30223E3C2F6F6D6764693A776179706F696E743E0A20202020202020203C62706D6E64693A42504D4E4C6162656C3E0A202020202020202020203C6F6D6764633A426F756E6473206865696768743D2231342E30222077696474683D2232342E302220783D223535302E302220793D223237312E30223E3C2F6F6D6764633A426F756E64733E0A20202020202020203C2F62706D6E64693A42504D4E4C6162656C3E0A2020202020203C2F62706D6E64693A42504D4E456467653E0A2020202020203C62706D6E64693A42504D4E456467652062706D6E456C656D656E743D22666C6F773130222069643D2242504D4E456467655F666C6F773130223E0A20202020202020203C6F6D6764693A776179706F696E7420783D223534322E302220793D223433352E30223E3C2F6F6D6764693A776179706F696E743E0A20202020202020203C6F6D6764693A776179706F696E7420783D223534322E302220793D223530312E30223E3C2F6F6D6764693A776179706F696E743E0A20202020202020203C6F6D6764693A776179706F696E7420783D223136382E302220793D223530312E30223E3C2F6F6D6764693A776179706F696E743E0A20202020202020203C6F6D6764693A776179706F696E7420783D223136382E302220793D223433352E30223E3C2F6F6D6764693A776179706F696E743E0A20202020202020203C62706D6E64693A42504D4E4C6162656C3E0A202020202020202020203C6F6D6764633A426F756E6473206865696768743D2231342E30222077696474683D2232342E302220783D223334362E302220793D223437392E30223E3C2F6F6D6764633A426F756E64733E0A20202020202020203C2F62706D6E64693A42504D4E4C6162656C3E0A2020202020203C2F62706D6E64693A42504D4E456467653E0A202020203C2F62706D6E64693A42504D4E506C616E653E0A20203C2F62706D6E64693A42504D4E4469616772616D3E0A3C2F646566696E6974696F6E733E, '0');
INSERT INTO `act_ge_bytearray` VALUES ('307', '1', '请假流程/AbsenceProcess.png', '305', 0x89504E470D0A1A0A0000000D49484452000002D7000002490802000000EE808C3900003D2F49444154789CEDDD7F901BF57DFF710D012C683C1C2D8D8F146C25FD034D28581332F5397FD432996275A60D9A29832FFCE168863139262DF17498E468072ED3E0DE74F2E36853E6D212AA36E55B7532064D038E1A3055892157DBD8078E41F8471018138131C8F5D95EDFCFFD7E4E2BEB74ABD5EAA33BAD3E1F699F8FF98C47D649ABD57EDEFBDE9756275DC00400005021A07A050000804F91420000801AA4100000A00629040000A8410A0100006A90420000801AA4100000A00629040000A8410A0100006A90420000801AA4100000A00629040000A8410A0100006A90420000801AA4100000A00629040000A8410A0100006A90420000801AA4100000A00629040000A8410A0100006A90420000801AA4100000A00629040000A8410A0100006A90420000801AA4100000A00629040000A8410A0100006A90420000801AA4100000A00629040000A8410A0100006A90420000801AA4100000A00629040000A8410A0100006A90420000801AA4100000A00629040000A8410A0100006A90420000801AA4100000A00629040000A8410A0100006A90420000801AA4100000A00629040000A8410A0100006A90420000801AA4100000A00629040000A8410A0100006A90420000801AA4100000A00629040000A8410A0100006A90420000801AA4100000A0062904405D8661A4D3E9A1A1A1783C1EBD28168B896B52A954B15854BD82003A1B29048003113E44DA080683227F88CCB163C793CFED7ADE1A4F3FB3F3C1071FEAEFEFEFE9E9E9EBEB4B2693AA571640A722850058647C7C3C1A8D8AF021D2C6D4F48CFBD8FDE24B5BB67C39128964B359D52B0EA0F39042002C181E1E1691E2B95DCF37CC1FD563DFCBFB376CD8303030601886EA6700A093904200CC1301A2BFBF7F7070B0A9FC513DFEE1D147A3D168A15050FD5400740C520880F908D2D7D7974AA5961C412A6FD088E5E4F379D54F08406720850030FBFBFB971F412AEFCE8820C25B330064904200BF1B1E1E5ECE1B31B563C78E27E3F1B8EAA705A0039042005F1B1F1F8F44222D8C20D6B8E79EAF8C8E8EAA7E720074470A017C4D44907D2FEF6F790A39FECE89356B42BC2F03C01D2904F0AF743A1D8FC75B1E41AC71DF7D5F1B191951FD1401688D1402F857341A6DF6AB419A3A1DD2DBDBABFA2902D01A2904F0A962B1D8D3D3E35104B1C6BA75EBC6C6C6543F5100FA2285003E954C26138984A729E4E1EDDB070707553F5100FA2285003E353030303A3AEA690A796ED7F3D16854F51305A02F5208E053B1584CE6EFD52D671C3D766CCD9A90EA270A405FA410C0A73CFA8C6EF538337136180CAA7EA200F4450A017CAAB7B7F7F83B273C4D2162040234190075D120009F0A87C3BF3C7488140240211A04E0539E7E5908BF170240062904F0A94422F1C3C71FF73485EC7EF1A575EBD6A97EA200F4450A017C6A6464E4BEFBBEE6690A112967CB962FAB7EA200F4450A017C2A9FCF8742214F53C8A64D9B32998CEA270A405FA410C0BF3CFD05D53313677B7A7AF8B3BA005C904200FFF2F44D99EF7CF7BB62E1AA9F2200AD914200FF320C23140A79F1AD216726CEAE59132A140AAA9F2200AD9142005F4BA552776EDECC8910004A904200BFFBE2EDB7EFD8F1640B23C82F0F1D5ABB76ED9989B3AA9F1900DD914200BF2B168BEBD6AD6BD5AFA99EFCE0948820478F1D53FDB40074005208003397CB892022A2C3F223C8176FBFFDE96776AA7E42003A032904C0BCF1F1F1B56BD7EE7EF1A5E5BC1123A20C1104803C520880B262B1B861C386071F7CE8E407A79ACA1F6726CE7EE7BBDFB5DED651FD24007412520880058661881472C30D61912A44B69089203F7CFC7171FBFBEEFB9AC82EAA571F4087218500B02B140ADBB66DEBE9E9F9E2EDB78B90B1EFE5FDB6E421AE79E289FF77E7E6CDE2365BB67C399FCFAB5E65001D891402C0996118E9743A9148AC5DBB36B098B8464490542A552C1655AF26800E460A01204B2412D5AB00A0AB904200C80A04E818005A899E0240162904406BD15300C8228500682D7A0A0059A41000AD454F01208B1402A0B5E8290064914200B4163D05802C520880D6A2A70090450A01D05AF41400B24821005A8B9E0240162904406BD15300C8228500682D7A0A0059A41000AD454F01208B1402A0B5E8290064914200B4163D05802C520880D6A2A70090450A01D05AF41400B24821005A8B9E0240162904406BD15300C8228500682D7A0A0059A41000AD454F01208B1402A0B5E8290064914200B4163D05802C520880D6A2A70090450A01D05AF41400B24821005A8B9E0240162904406BD15300C8228500682D7A0A0059A41000AD454F01208B1402A0B5E8290064914200B4163D05802C520880D6A2A70090450A01D05AF41400B24821005A8B9E0240162904406BD15300C8228500682D7A0A0059A41000AD454F01208B1402A0B5E8290064914200B4163D05802C520880D6A2A70090450A01D05AF41400B24821005A8B9E0240162904406BD15300C8228500682D7A0A0059A41000AD454F01208B1402A0B5E82900DCA45229113E82C160241211177A7B7BC5BF575E79652E9753BD6A003A1E2904809BA79E7A2A5063E3C68DE9745AF5AA01E878A410006E0CC358B162457504B9F9E69B7B7B7B8BC5A2EA5503D0F14821001A78E081072EBDF4D24A0AB9F7DE7B07070755AF14806E400A01D0D8AA55ABAC08B279F3E65028641886EA3502D00D4821001A7BE185172EBBEC32914262B118BF1102A055482100A4DC7AEBAD560A51BD2200BA072904809442A12052081FD005D042A41000B2F8D63200AD454F01746718462A95EAEFEF8F46A3A150A8F6DB3B7C423C77B105E2F1783299E473C240772085005ACB6432E2E82B22C8134F3CF1DCAE5D478F1D9B9A9EF6E710CF5D6C811D3B766CD9B2456C139145544F0E80E52285009A122FF71389C4A64D9B8EBF737C6A7A8A513D4E7E70526411B1710A8582EA8902B074A410404722824422911F3EFED8D4F424A3DE78FA99A7D7AD5B97CFE7554F1780252285003A4A2412A5087281E13E9EDBF5EC860D7FA07ABA002C112904D04E2693D9B4E9B6E919832133BEFE8DFBB76FFF96EA4903B014A410402F86618442A1774EE4A767CE3364C6C4D98FD6AEBD992F32013A112904D04B32994C2412D333E72A6363EC8F253FCB5A7D2F5F8DEDDBFF9A3FB00774225208A097783CBEE3C9FF588820B76DFAB569BE356B1E99365F9B345F9934F74DCC8C3CF9FCCF4E9CDE3365FEAF61EE31CCDDE7CC672F987FB7FBE03D035F511E08948C97F78F452211D55307A069A410402FE170F8D0A103D33367AD110804264CF3EC9C797AC6FC70CA3C679A7FF1970F052EF978DF6DF113D3E6F149F3F805336F984767CC1FFFE295D2E990B33E1C13674F058341D55307A069A410402F3D3D3D1F9C3A313D33610D112CCECD9A93B3F33F9A999BFFF7273BFFEB93BFFB7B7FF5F077664CF3CC8C797ADAFC70DA2C9AE6B37B5F2DA590097F8E00DF2E0F7420F65B402FA52471A632C47FCFCE98A7CE9B53B3E51B148BC5EF7DFF07DFFAF6F78FBF3BFF855DD373E654299DBCF4F22BB6FBFA6A9042804EC47E0BE8A59424FEAF32E653C8AC79F29CF9DE84396D9A539393E11B6E08043E160804EFF8D296EA3BEEDB7FC0765F5F0D5208D089D86F01BD9492C4E9CAB0DE913975DE7CF78CF9FE0573DFA15FAD5AB5EA63975E7EC555D7F4DFB52885EC7D79BFEDBEBE1AA410A013B1DF027A292589626588FF9E9F333F34E6CF859CBC60EEDA9BBB69ED2DD7FCF627AEEAB9FA07FFFAE30BA63931699E9B9CBFE3EEB1BDB6FBFA6A9042804EC47E0BE8451C4D67663EAA0CEBE02A82C8E969F3A329F3DD33D32F1DCCAFFDECE736FEE11FBD3F69BE6798EF1BE6A94953E490DD7BF6DAEEEBAB410A013A11FB2DA0175B92886EDCF0EAEB47F61DCC8D8DE75EDC9F7BF1C0E1975E3DF6DF7B5EFBC5C1375FD87FF8E7FBDF78F1C01B63AF1C3E78E4ED47FFF1F13B37DFA93C0D904200C863BF05F4524A211F568FAF7EF52B325F9CFAA777DC61BBA3AF062904E844ECB7805E4A29E414A3D9410A013A11FB2DA097F91432FB01A3D9410A013A11FB2DA097520A39C968769042804EC47E0BE8A59442DE67343B4821402762BF05F4524A21EF319A1DA410A013B1DF027A29A59002A3D9512F85A452A97C3EDFDE3904208B140228E072682485B42485148BC5BBEEBACBFA0CF3B5D75E4B1001F4440A01DAEDF0E1C3D6D171E5CA953B76ECB0FDB494427EDDEC70FC0691252CA77A8132572EED1AF7EB97BCC2956D383A3A1A0C06AD8D202EF4F6F6160A85F64E320029A410A0DD0CC3B8E4924BAC63E465975D76E38D3756BF521757CECEBEDBECA8BD97ED1A97AF3B935C60F5F5EE8B92B98DED06B5FF5DC216105B2F97CB7DFAD39FAE5E545F5F5F28145236D9005C91420005C4ABF3EA23E515575C71F7DD778B74629653C88966479DE37DDD1BCB2F64698B6A781BEBCAEA7F9B5AA6E302A3D1A8CB53C032893017BD6868682893C9148B45D57B123A1E2904684CE4836C362B3A6FA50B8B8EEC5DBB9F9D7DC7D351EF21AAAFAF77B9FACA86ABED721BEB72F5BF0D57AFE193123395CFE7BFF0852F5C7FFDF595475CB972652412515D41DD406CDBEC45625F88C5623D3D3D625F48A7D3AA570D1D8C1402B8110D371E8F078341EBF55FA50B2FF3B71DAFBAEAAACA61325E22969FCBE5CCF2B990E34D0DD740E37CFB86D73B5EAE5D66EDA29ABA4DF57A365CED861BA1B279C5CBF4356BD65C77DD75D6D256AC58619D6742CB593B88C87956F502CD228500CE0A858275DAA3E52FF58AC5A275740C87C35BB76E15FFA652A9CA4F4BC7E0B79B1AF5EEB284EBEBA79945F775BF5953B769F6C9BA6C84EA8D2C6287488DAB57AF160748F1EFF8F8786B2711D5C4E615DBB9BA8C0149A410C08178312DC281789DE7C5C2DF7AEBAD6030188BC542A1D0E0E0A0EDCDF565A6907A979B4D270D2FDB16B2B4DB544713C7D0B3E41462C9E7F3C96492B70CDA40C4BEFEFE7EB1B555AF083A0C2904B01307AD6834EAE96FDE898710FDDAF16D9DD231F8ADA646F55DEA5DAE77FB669753B9EC7492A3E9DBD4BB57B35BC0BA9777F305192288881D676C6C4CF58AA093B0DF028B886410894414FEF2FFFC31782EDFD4A8BE4BBDCBF56E6FBBBE9EDAFBDA16B2B4DB542FBFDEBDE43782AA294385D87DC2E130BF850379ECB7C0227D7D7D6A5FCC958EC16F2E6D58F7BD785C6F7033F7EB1B5E764A2A4DDFC6B6260DD7DCFD49299C35546CDBB66D646444F55AA063B0DF020BD2E9743C1E57BB0EA5C3F0AF9A1D178FDF6ED754FF486681EE0F54FB70CDDEA6E135CD6E01B513074B2E970B87C3AAD7021D83FD1658108BC532998CDA75281D868FC98F8B87FCBA3FADDCC645BD3BBA5C5F7D03DB42E46F53EF964D6D81CABDD44E1C2A949F50440761BF05CA0A85426F6FAFEAB5B052C85146B38314A20FDE94813CF65BA04C87B763CC720A39C268769042F4A1C9AE848EC07E0B9469F2028E14420AE974FC6A08E4B1DF0265D168D4A3AF296B8A389ACECD1D66343B4821FAC8E7F3FC1D634862BF05CA34F995BA520A7983D1EC20856885E980240A052813AFDE96F937EA5AA29442728C6607873DAD301D9044A100653D3D3D0ABF32B5A294425E67343B38EC6985E980240A0528D3A46F0683C1F3E70FCCCDBDC6686A68327DB0301D9044A100659AF4CD5028F4E69B3F9B9B3BC4686A68327DB0301D9044A100659AF4CD582CF6D3CCE89CF94B86FC783DF7133E1AAA154DF626E88F4201CA34E99BC3C3C38383772B3FAE77D6F8E7E4C3894442F5D46181267B13F447A100659AF4CDD2DF46FFD47963DF9C79902139E2F15BD3E9B4EAA9C3024DF626E88F4201CAF4E99B43F306E6CC571932E3DF537FDBDF1F533D6958449FBD099AA35080327DFAA66118D1E8E7C6C67E649AAF30DC47A1B02B1CFE54B1B85BF5A461117DF626688E4201CAB4EA9BB95C2E12B921974B9BE638A3DE101144C4B56CF631D5D3053BADF626E88C4201CA74EB9B63636322880C0FFFB9691E60D48E74FABBE170289BFD27D5130507BAED4DD01685029469D8370DC3181C4C44A3B72493DF2C149E35CDFD8C62F17F52A9BFE9EFDF148F47C565D55304671AEE4DD01385029469DB37B3D96C22F127BDBDBF154020D0D3B3B2BFFF361144544F0BDC0474DD9BA01B0A0528A36F36C4777240127B1324512840197DB321361124512A9044A10065F4CD86D8449044A94012850294D1371B62134112A50249140A5046DF6C884D0449940A24512840197DB321361124512A9044A10065F4CD86D8449044A94012850294D1371B62134112A50249140A5046DF6C884D0449940A24512840197DB321361124512A9044A10065F4CD86D8449044A94012850294D1371B62134112A50249140A5046DF6C884D0449940A24512840197DB321361124512A9044A10065F4CD86D8449044A94012850294D1371B62134112A50249140A5046DF6C884D0449940A24512840197DB321361124512A9044A10065F4CD86D8449044A94012850294D1371B62134112A50249140A5046DF6C884D0449940A24512840197DB321361124512A9044A10065F4CD86D8449044A94012850294D1371B62134112A50249140A5046DF6C884D0449940A24512840197DB321361124512A9044A10065F4CD86D8449044A9401285820E50DDD1BCEB6EF4CD86D8449044A940128502ED04AA545F69D6C411174B7BDCE5AF7C7763134112A50249140AF4656B64EEFF95FC91FCC3A1169B0892281548A250A023C7331F8ED7B8DC7D690F0A176C2248A254208942818E6C99C3317C545FB0BD11430AF1089B0892281548A250A0A3DA331FF56EE37E61090F0A176C2248A254208942818E6CA7371A9E0BA977A1D9075DF20AFB049B0892281548A250A035C914C23B32EDC12682244A0592281468CAF15743F8ED54B5D8449044A940128502EDD43BABC127759563134112A50249140AB4E67E2EC4C5721E0BF5B08920895281240A059AAAFED554F7DF0B71BCEFD21E7109F7F215361124512A9044A10065F4CD86D8449044A94012850294D1371B62134112A50249140A5046DF6C884D0449940A24512840197DB321361124512A9044A10065F4CD86D8449044A94012850294D1371B62134112A50249140A5046DF6C884D0449940A24512840197DB321361124512A9044A10065F4CD86D8449044A94012850294D1371B62134112A50249140A5046DF6C884D0449940A24512840197DB321361124512A9044A10065F4CD86D8449044A94012850294D1371B62134112A50249140A5046DF6C884D0449940A24512840197DB321361124512A9044A10065F4CD86D8449044A94012850294D1371DA55229B16582C160241211177A7B7BC5BF575E79652E9753BD6AD0177B1324512840197DD3D1534F3D15A8B171E3C6743AAD7AD5A02FF62648A2508032FAA623C33056AC58511D416EBEF9E6DEDEDE62B1A87AD5A02FF62648A2508032FA663D0F3CF0C0A5975E5A4921F7DE7BEFE0E0A0EA9582D6D89B20894201CAE89B2E56AD5A654590CD9B37874221C33054AF11B4C6DE0449140A5046DF74F1C20B2F5C76D9656213C562317E23040DB1374112850294D137DDDD7AEBAD560A51BD22E800EC4D9044A10065F44D778542416C223EA00B19EC4D9044A10065F4CD86D8449044A9401285029469DB370DC348A552FDFDFDD16834140AD57E7B874F88E72EB6403C1E4F26937C4E5873015DF726E8864201CAF4EC9B994C461C7D450479E289279EDBB5EBE8B16353D3D3FE1CE2B98B2DB063C78E2D5BB6886D22B288EAC9415DF27B53F52DF5DC07E129A61C28D3AD038A97FB894462D3A64DC7DF393E353DC5A81E273F3829B288D838854241F544C141BDBDA9FAE496EDC6B66B5C78BDF26827A61328D3AABB89081289447EF8F86353D3938C7AE3E9679E5EB76E5D3E9F573D5DB06BB837D96EE0FEDFA6968CCEC27402655A75B74422518A201718EEE3B95DCF6ED8F007AAA70B760D6344C373214B58323A11D30994E9D3DD3299CCA64DB74DCF180C99F1F56FDCBF7DFBB7544F1A16914F218EE1A3FA82ED8D187DF653B404D3099469D2DD0CC3088542EF9CC84FCF9C67C88C89B31FAD5D7B335F64A295A6CE85B8DCDDE502BA03D3099469D2DD92C9642291989E3957191B637F2CF959D6EA7BF96A6CDFFED7FC813DADB8A790EAD31B0DCF85D4BB80EEC07402659A74B7783CBEE3C9FF588820B76DFAB569BE356B1E99365F9B345F9934F74DCC8C3CF9FCCF4E9CDE3365FEAF61EE31CCDDE7CC672F987FB7FBE03D035F511E08948C97F78F452211D5538705327B93640AE11D99EEC67402659A74B770387CE8D081E999B3D6106B35619A67E7CCD333E68753E639D3FC8BBF7C2870C9C7FB6E8B9F98368F4F9AC72F9879C33C3A63FEF817AF944E879CF5E198387B2A180CAA9E3A2C9079C3C5162CF8ED547F623A81324DBA5B4F4FCF07A74E4CCF4C5843ACD5B959737276FE473373F3FFFE64E77F7DF2777FEFAF1EFECE8C699E99314F4F9B1F4E9B45D37C76EFABA51432E1CFA1C9F4C1526F3AEA9DD5B0DD9E14E21F4C2750A649772B2589339521FE7B76C63C75DE9C9A2DDFA0582C7EEFFB3FF8D6B7BF7FFCDDF92FEC9A9E33A74AE9E4A5975FB1DDD7574393E98345FE1D19B3CEB910171EAD3394603A81324DBA5B2949FC5F65CCA79059F3E439F3BD0973DA34A72627C337DC10087C2C1008DEF1A52DD577DCB7FF80EDBEBE1A9A4C1F2C0DDF91A9240FF7DF0B6976C9E8384C2750160C060DC350BD16560A395D19D63B32A7CE9BEF9E31DFBF60EE3BF4AB55AB567DECD2CBAFB8EA9AFEBB16A590BD2FEFB7DDD75783839356980E48A25080B25028A4C37781979244B132C47FCFCF991F1AF3E7424E5E3077EDCDDDB4F6966B7EFB1357F55CFD837FFDF105D39C9834CF4DCEDF71F7D85EDB7D7D3538EC6985E980240A05288B4422E3E3E3AAD762BE7DCFCC7C541956371741E4F4B4F9D194F9EE99E9970EE6D77EF6731BFFF08FDE9F34DF33CCF70DF3D4A42972C8EE3D7B6DF7F5D5E0B0A715A603922814A02C1A8D66B359D56B614F21D18D1B5E7DFDC8BE83B9B1F1DC8BFB732F1E38FCD2ABC7FE7BCF6BBF38F8E60BFB0FFF7CFF1B2F1E7863EC95C3078FBCFDE83F3E7EE7E63B95A70152084C5208A4512840592291482693AAD7C24A211F568FAF7EF52BEE1F19B0FCE91D77D8EEE8ABC1614F2B4C072451284099F5D5E9AAD7C24A21A718CD0E0E7B5A613A20894201CA72B95C381C56BD16A51432FB01A3D9C1614F2B4C07245128C0021D7E41B594424E329A1D1CF6B4C274401285022C181919D9B66D9BDA7528A590F719CD0E0E7B5A613A20894201161886110A850A8582C27528A590F718CD0E0E7B5A613A2089420116C966B3D16854E10A94524881D1ECE0B0A715A603922814C06E686848E1FB32A410524817603A208942011C0C0E0EC662B162B1D8FE872EA5905FB76AB82FADF253C72F20915C886D812ECB69B8C0EAF559C243B77FB2500FD30149140AE02C93C98442A1A1A1A136FF9A8868DFB3B3EF2E7FD8A280ED9AEA9BD5BB7BEDE5DA65565F69BB65F505C774E2B8A87A17649E6F3BA709EE980E48A25080BA8AC5A24821228BC4623171A13DDFEF5E3AEE9E701E47BEB97EFD378FD82E8B0BD5C7F3ADFF56EFEE9525BB3D84DC8D6D57D6DED876C1FD111BDE5D669D39EC6985E980240A0568C0308C4C26235248341A6DF89ABE256667DF711EE5E4B1F872F595B33FDA1AB865E4C8FCE5EAE558972BD7D45EA81DF5EEE278AFEA9BC93C9D7A57566EDFD4AA566EA0BA52B080E980240A05D04BE9707BDC799403C7E2CBD557CE1EDFB935B07567F9B2B5A8CA026DFFB55DB68DCA8D2F2603E765DA96E37EA17EEA72584EF54FDDB649D57D554F1D16301D9044A1007A291D71DF761E478616BDF9B27EE88875A575617EFC4BE95CC8DBF58FF76F572FDFE5B11C6F56EFCADA85BB5C90B96C5B78DD0DB27885554F1D16301D9044A1007A6990422A81A372797134593FF242C360E1980C9670E37AA1A136FAD4FB912D64B8A419524867613A20894201F4523AEEBEE53C8E3CB47EFD43476C9717AE4C6E0D7C76E448F9C63547FAB72A4BAEBD503B2A77B12DC1764DBDE5B85FE378B97A99326B58BB7CD55387054C07245128805EE68FBB7379E771B414386C976D5706BEB4B374B97A39D6E5CA35B5176A47533FAA5EA0C3A98EFA3FAABE41B36B58BB0EAAA70E0B980E48A25000BD948EBB6F3A8FA30FAE5FFFE011DBE5EA2BE7DEDC794F2050FA6FF572ACCB5547FD45D73B0EDBCDDCEF65BB41BDDBC85FAE5EE186AB5AB981EAA9C302A603922814402FA5C3EDAF963F6ACE37FCAA76C92E8F55B94BC37BC9DC46F2A795EB6BD7B9E166E1B0A715A603922814402FA5C3EDB1E58FEAE558976B97ECF85855C1C5F9FAC5E1A6C10DEA3D44BDC7755CF97ACBB1DD5DF5D46101D30149140AA097D2E1F628A3D9C1614F2B4C07245128805E4A29E408A3D9C1614F2B4C07245128805E4821A4902EC07440128502E845B4EFB9B9C38C6607873DAD301D9044A1007A29A5903718CD0E0E7B5A613A20894201F4524A213946B383C39E56980E48A25000BD9452C8EB8C6607873DAD301D9044A1007A090683E7CF1F989B7B8DD1D4E0B0A715A603922814402FA150E8CD377F36377788D1D4E0B0A715A603922814402FB158ECA799D139F3970CF9F17AEE27E17058F5D461012904922814402FC3C3C38383772B3FAE77D6F8E7E4C3894442F5D461012904922814402FF97C3E1CFED47963DF9C79902139E2F15BD3E9B4EAA9C3025208245128807686E60DCC99AF3264C6BFA7FEB6BF3FA67AD2B0082904922814403B866144A39F1B1BFB9169BEC2701F85C2AE70F853C5E26ED593864548219044A1003ACAE57291C80DB95CDA34C719F586882022AE65B38FA99E2ED8914220894201343536362682C8F0F09F9BE60146ED48A7BF1B0E87B2D97F523D5170400A81240A05D097611883838968F49664F29B85C2B3A6B99F512CFE4F2AF537FDFD9BE2F1A8B8AC7A8AE08C140249140AA0BB6C369B48FC496FEF6F051008F4F4ACECEFBF4D0411D5D30237015208E4502880BE44FE50BD0A8B68F59D1C6265F874AEB648219044A1003A2A140AF1783C1A8DAA5E9145B43AB4E4F379B18962B1582E9753BD2EB0D3AA54A0330A05D08B6118434343A15048C317FA1A1E5A32994C2412191C1C14DB4DF5BA608186A5023D5128804644F210F943A4103D8FA97A1E5AC4B61A1E1ED633B7F9969EA5020D5128801672B95C341A8DC7E3854241F5BAD4A5F3A1C57A0F8B376834A173A9402B140AA058B158DCB66D5B381CD6ED77516BE97F68E10D1A4DE85F2AD0048502A8343A3A1A0A8546464654AF88948E38B478F1064DED13AFB7295AB889AA17E5BE589795A9A7552BD9EC2A0136140AA046E9AB5123030303C56251F5BAC8EAA0434BE54346AD7A83C67AEE0D0FEAB62B6B6F23930C2AF7B5FDEBBE6E32EB2FF94C979F5D3AA854A0168502B49B3840F6F7F7F7F5F58D8F8FAB5E97E674DCA1259BCD86C3E1C1C1C196473DC74DE1921B5C6E2FF310DEA5909FDE534E18F7FC74894B5EF22A0126290468A7CA9B05A9544AF5BA2C45871E5AC4361759A455DBBCA97318B61FD52E4A72F9EE2724969E42440629A78F854BCD2EB98987036A5028409B643219EB7579E7FEE264E71E5AACF34F4B7E83A6F6F05FBB296A1383B98CF4507D17C70BEE9A7AAC125208D4A05000CF89235FAC249FCFAB5E9765E9F443CB72DEA0A94D15B5477DC7B320B685C8A487EAC7925972BDD82199548E3EF2F9C0C57764E4EF25B3B980862814C043E268278E79E2C897C96454AF4B0B74C7A165696FD0046A4E48D4FE37D08A73218EC9C32585B80714F7C7AAE6783264C933DE1DA58236A050D09CDAE6D2D4EBB3E53F680775B7D1D15171B413C73CD52BD2321DB4F1DD2DE10D9AEA7050EFF4406D20A8975D1C6FECF8700D6FDCAA1472F491CF7FFE91A34B58F2D21E0EB05028685AED8BBC7A1DD9FD4561BD25D46BEBCBE989B6F56FF8B8CB343636D6D7D7373030A0F317A12E41971D5AAC3768B66DDB26F3064DBD3CE158AED565EF782FB37E3D3BD6A4CB8D1D2FBBACFF225527406ACF852C678FEBB252817728142C9763BB71C90D2EB79779883AB774FEDD3AD3B30F22D623624722911011440491D62E59075D7968191919115924994CBADFCC253DDB6E535BF0CDA607C7ECD270C7594A0AA9DA411C4F84C82CB9A987036C28142C9D643B5E720A715CBED3C3598DD4296678F641C45AD6A770658E679DAB5B0F2D95ECE8F20D2ED51568BBDE76592697D42EBCDEC32D7339323F92B971B353DFADA58296A350D09CDA17762E0DB4517A705B88E3233ABD463CFAC8E745BCA87B2EE4226F5348E5CF9774D017A12E41771F5AAC6FB3ADF7064DBDF3132E59C1F147F5B6A16D4F715C6053CBB15D2339774D2DD97D3992B784CF5128685A6DAAA84D188E2FDD6C0B7157FB58AE4B764B215E7C10B1229FCF5B9FC2F5C39F72F5C3A145F20D1AB8F343A9A0252814342DE0F452CFACFF8AAD36B5B82CD3E5816AFFADD2F05C488B3F886876DDA77065F8E4D022F3060DDCF9A454B07C140A9A561D0EEA9D48A8CD0AF5B28BE38D1D1FCEF5C68B7E01A46C71E868ED071153A994F529DCCEFD22D425F0D5A1C5FD0D1AB8F355A960392814346DC9E7421CEF65D64F038E11A7B973211E7C1051BC3E16AF92FBFBFBBBEC53B8327C7868191919098542A3A3A3AA57A4C3F8B054B034140A9AB6B4732195DBD75B5AEDEDCD3AD9C5A9C135FEA4EEF23F882862C7C0C080787DDC959FC295E1CF434BB15814F3DEAD9FBEF6883F4B054B40A1A069B5A7372AD7DB2ECBE492DA85D77B3897E5344BE6716DAC5F5AF4F96B623F1F5A2ADF44C71B3432FC5C2A680A8582A6D53B3FE19215EABD59536FF9B5B7A9176B96B0F20D1FD7A6A96FD8EC6E1C5A440CE50D1A19940A245128405DF97C3E1E8F2FF9CFC1771F0E2D266FD0C8A154208942011C1886313434140E87D3E9B4EA75D188D787960E3A74F1068DBB0E9A4AA845A10076A9542A140A8914E2AB4FE1CA70F9C564C7DF535EE66DD43CC966F0064D3D1D317DD00185022C181F1F8F46A3FEFC14AE0C97438BE38FE46FBFFCDFF851C57A83C6CF9F9C72D4599308852814609E38966CDBB64D1C4BB2D9ACEA75D1D7D25288E3498E7A3FEAB8D32116EB5B64128904F9D5D2417307B52814A0FCCD54E25FD52BA2BB7A879666AF371B9DFCE8D0635832990C87C31492D9B13388F6A350E06BD96C966FE99657EF8447F5E98DDADBBB9C0BA95E42879E05B1A99C54F3F91B349D3B8368330A053E552814FAFBFBA3D1287FB14C9E4BCE70BC81633A714C210D1FA8B3F0064DA7CF20DA864281EF589FC20D8542A9544AF5BA74987ABF525A2F52C8A790AE391752CDCF6FD074C70CA20D2814F84B3A9D1607063E85BB34D5B1C3E564862D9D347C47A6DE72BA806F7FEBB9FBA6121EA150E017B95C2E168BC5E3F17C3EAF7A5D3A9517BF9D5AEF3D9D6E3A8CF9F013E0DD347DF0148582EE67BD1E0D87C3994C46F5BA74B636A410972B3B5D2A951245383C3CAC7A45DAA1CBE60EDEA150D0E54647477DFBDE7CCBB52485487E52C665B19D4B04E2C1C14151905DFF064DF7CD1D3C42A1A06B55FED2877F4E837B8D434B4BE472B9AE7F83865281240A055DC8FA142E7FF5B4E538B4B45077BF4143A940128582AE62188668EBA2B9F3295C2F706869AD2E7E83865281240A05DD2393C988862EDA3A5F84EA110E2D5EE8CA3768281548A250D00DAC4FE10A7C0AD7531C5ABC934AA542A1D0F0F070777C930DA50249140A3A9B754E3B1289F029DC36E0D0E229913FBAA698291548A250D0C1AC6FC8EE9A978FFAE3D0D20695AFD7EBE83768281548A250D091AC4FE1FAF9AF8529C1A1A56DD2E97447BF4143A9401285820E2362C7C0C0009FC25582434B3B75F41B34940A245128D0CE7FFEE77FFECEEFFC8EE3F728589FC21D1D1D6DFF5AC1E4D0A242BD3768FEFEEFFFFEFEFBEF57B5560D512A9044A1402F7BF6ECB1BEC07BC58A15D5E7A2F914AE0E38B4A862BD4153F95BD0622F107371F5D5578B3D42F5AA39A354208942815E56AF5E6DA5909B6EBA49745E714D3E9F172F04C5CB41F1A250F5DAF91D87168544FE1029C4FAA38CDFFBDEF7ACDDA4A7A747CF5C4EA9401285028D3CF2C823953F66F61BBFF11B37DE78A3F5B770AD3802E538B4282742F9EFFFFEEF5F72C92595DDE4B6DB6E53BD520E281548A250A00BF1922E180CDAFEB0EACA952BF7ECD9A37AD550C6A145B9FBEFBFDFB68F5C7BEDB5DFFEF6B755AF971DA50249140A74118FC7AFB8E28A4824128D46AFB9E69AABAFBEFAFAEBAF17BD6CDBB66DAA570D651C5A941B1C1C14B3D0DBDB7BC30D37AC59B3E6F2CB2F177BCA75D75DA7DB47C6281548A250A08BBEBE3ED1B93EF9C94FFEE66FFEE697BFFCE56C36CBD7B1EB86438B26C4AE217690A1A1A13BEEB843EC2F625E3EF399CFA85EA945281548A250A08B9191915028C4A77075C6A1454FD627C8442851BD220B281548A250DACA308C542AD5DFDF1F8D46C51137E057E2B98B2D108FC793C9A49EBFE10F47010E2D7AA3C358E8301D849ED23EE2F58AD837448378E289279EDBB5EBE8B16353D3D3FE1CE2B98B2DB063C78E2D5BB6886D223A85EAC9415DE2A826DA7A30188C442281D26F24887FAFBCF24A3E38AD1B3A0C1DA6139142DA4184F14422B169D3A6E3EF1C9F9A9E62548F931F9C149D426C1CFE228C9E9E7AEAA9DAD79A1B376EE4E3D3FAA0C3D0613A1729C473A2418817913F7CFCB1A9E94946BDF1F4334FAF5BB78E5F47D59061182B56ACA88E2037DF7C736F6F2F27BA354187A1C374345288E7C46B945283B8C0701FCFED7A76C3863F503D5D70F0C0030F5C7AE9A5951472EFBDF76AFBC5E13E4487A1C374345288B73299CCA64DB74DCF180C99F1F56FDCBF7DFBB7544F1A1CAC5AB5CA8A209B376F0E85421DFAE7E6BB0F1D860ED3E948211E129D5AF4EB774EE4A767CE3364C6C4D98FD6AEBD995F7BD4D00B2FBC70D965978914128BC5F88D104DD061E8305D8014E2A16432994824A667CE55C6C6D81F4B7ED2ACFA5EBE1ADBB7FF3567FBF574EBADB75A2944F58AA08C0E4387E902A4100FC5E3F11D4FFEC74283B86DD3AF4DF3AD59F3C8B4F9DAA4F9CAA4B96F6266E4C9E77F76E2F49E29F37F0D738F61EE3E673E7BC1FCBBDD07EF19F88AF2DD55C97879FF582412513D7570502814C4D18BD791FAA0C3D061BA0029C443E170F8D0A103D33367AD213AF884699E9D334FCF981F4E99E74CF32FFEF2A1C0251FEFBB2D7E62DA3C3E691EBF60E60DF3E88CF9E35FBC527AB172D68763E2ECA96030A87AEAE02CC0B796E9840E4387E902F4140FF5F4F47C70EAC4F4CC8435C46E7F6ED69C9C9DFFD1CCDCFCBF3FD9F95F9FFCDDDFFBAB87BF33639A6766CCD3D3E687D366D1349FDDFB6AA9474CF87370A8D3876118E9747A686848BCEC8E5E148BC5C435C964922F60508B0E4387E9024C86874AFBF999CA10FF3D3B639E3A6F4ECD966F502C16BFF7FD1F7CEBDBDF3FFEEE7C379F9E33A74ABDE3A5975FB1DDD757831EA103113E44F268F8EB059148647474B4BB3F32A36D41D261E8305D80C9F050693FFFBFCA98EF11B3E6C973E67B13E6B4694E4D4E866FB82110F8582010BCE34B5BAAEFB86FFF01DB7D7D35E8116A65B359EBEF1BCB0B85423A7C70A6E17ACADCACE16DD43D3FBB001D860ED3F9980C0F95F6F3D39511289D2F15AF54DE3D63BE7FC1DC77E857AB56ADFAD8A5975F71D535FD772DEA117B5FDE6FBBAFAF063D4215C330128984EDA01B8944BEFEF56FECD8F1E473BB9EAF8C071F7C68D3A64DB65BC6E371DDBE50D5B1965C0ACCF6A3EAFF6A589674183A4C1760323C54DACF8B9521FE7B7ECEFCD0987FA572F282B96B6FEEA6B5B75CF3DB9FB8AAE7EA1FFCEB8F2F98E6C4A4796E72FE8EBBC7F6DAEEEBAB418F50A25028D84E81DC77DFD74A7F116DA6DE38F9C1A97F78F451EBEFDB5942A1D0F8F8B8EAA7B2C02585389EE4A8F7233D4F87D061E8305D80C9F090A8F599998F2AC32A7DD1264E4F9B1F4D89D72BD32F1DCCAFFDECE736FEE11FBD3F69BE6798EF1BE6A949537489DD7BF6DAEEEBAB418F68BF7C3E5FFD87E063B1987BFEB06591071F7CA872DF6030383636A6FA09CDAB574892E7426A6FA65B65D261E8305D80C9F0906D3F8F6EDCF0EAEB47F61DCC8D8DE75EDC9F7BF1C0E1975E3DF6DF7B5EFBC5C1375FD87FF8E7FBDF78F1C01B63AF1C3E78E4ED47FFF1F13B37DFA97C5FA547F8846118D567411EDEBE5D327F548F279EF87F227F54CE8828FFF88CEDF486ED47A6EBB990EA25E87916C44287A1C3740126C343A51EF161F5F8EA57BFD2F064AFF0A777DC61BBA3AF063DA2CDFAFBFB2BB5B763C7934B8820D6D8F7F2FE9E9E1E6B39D16854E133B2458A80D36F7B34BCB243CE85D061E8309D8DC9F050A9479C62343BE811ED944EA72B07A7A59D05A91E4F3FB3B3B2B491911125CFC8317CD45E964921B53C5DF366D161E8305D80C9F0D07C8F98FD80D1ECA047B4532412B18EAFB1586C9911C41A95DF11E9EDED6DF3F788D8828263CE304DD97764EA2D471F74183A4C1760323C54EA112719CD0E7A44DBA45229EB001C0C068FBF73A22529E4CCC4D9CAA766B66DDBA6F0D9D52B249702AB4D2A8ED76B820E4387E9024C86874A3DE27D46B3831ED136D168D48A0BF7DDF7B59644106BFCF0F1C7ADC5F6F4F4287C762D4C212E572A4487A1C3740126C343A51EF11EA3D9418F688F62B1587933A25527422A63CD9A90B5E46C36ABEA09369542EABD2F23F9AE8D1274183A4C1760323C54EA110546B3831ED142A9542A9FCF3BFE28994C5A47D66834DADA0822C63DF7943FAC313838D8EC8A41121D860ED305980C0FD123E8116A1D3E7CD88A022B57AEDCB16387EDA7030303D64F97FFD198DAF1DCAEE7AD85F7F5F5553F68B158BCEBAEBBAC1F5D7BEDB50491E5A0C3D061BA0093E1A1528FF8B59EA3DEBA55AEAFBDD0CE75533D755DC2308C4B2EB9C43AE45F76D96537DE7863F5513F168B593F7AFA999D2D4F21478F1DB3161E0A852A8F383A3A5AF9663371A1B7B757F9979B75B456ED9BB5CB91B9C66569B5B46A417418AD30191E12B53E3BFBAE26C3B13554ABDCACDE8576AEAAEAA9EB1ED57FE445B8E28A2BEEBEFB6EEB03B495CFE8EE7B797FCB5388189507158F95CBE53EFDE94F57AF495F5F5F7540C112B470DFAC5E94E362AB1B8263DFA8FCB75E0FD1A705D161B4C26478A8B4F39CF0761CF9E6FAF5DF3C62BB2C2E54EFDC5BFF4DFCD47D652A3F95B9E0F508947E53A161CFC23255028AFC9F8C696A5496CF6C7AA725BB5BC3853B3E90EDCA40A3D6E1BEB60DEFDEC216142085E884C9F050699F79C7DB514E1E8B2F575F39FBA3AD815B468ED8EFE8B86E55DD67E106B517BC1EF48816BAEAAAAB2AD31A2F11992097CB891F85C361EBFA5F1E3AE4450AA9BCF96296FE5ADE17BEF085EBAFBFBEB2322B57AE8C4422AA374F676BC92E596F21EE1DA0F65ED537730A341AB5203A8C56980C0F95F699E3DE8E72E0587CB9FACAD9E33BB706B6EE9CBFE0FAA2A77CE3CA65DB4FDBF15CAAD641F5D47589CA677145E0D8BA75ABF837954A557E5A3945F1DCAEE75B1E414E7E70CA5A78F55786643299356BD65C77DD75D68F56AC58D1E62F57ED322DD92BEB2DA4B615D87E64BB63F5ED5D2EE8D082E8305A61323C54DA6DDEF6761C195AF4E6CBFAA123D695D685F9F12FA57321F397ABD7A7E1E5EA0BED782255831ED12A6FBDF55630188CC562A150687070508492EA9F2612096B72FFE1D1475B9E427E79E890B570DB090F113B86868656AF5E2DAE17FF8E8F8FB77793749596EC98F51662BBBEB633D47609EBBF8E3D44B2EDB4A705D161B4C26478A84D29A412382A97174793F5232FD83A85D30B91B7AB6F53AF71B467D0235A289D4E279349C70FC40E0F0F5BD3BD65CB975B9E421EDEBEDD5A787F7F7FED438BF5116B25D6CDF3E7DFD55A954264DA42BD6E502F34382E4A93164487D10A93E1A1D2CEF396B7E3C843EBD73F74C47679E1CAE4D6C067478E946F5CBD3E8E972FEEFFF62B3D7F168B073DA23D72B99C35E33D3D3D6726CEB636856CD8B0C15AB8481BAA9F68D76ACFBEB9382B2CFA6FBD9622738DC2164487D10A93E1A1F99D672EEFED385A0A1CB6CBB62B035FDA59BAECF642E4E2022B976B2FB46DD023DA26140A5905B063C7932D8C20952F0B116C6F03A1855ABE6F3AB68286B7ACED18F53A8C262D880EA31526C343A59DE74D6FC7D107D7AF7FF088ED72F595736FEEBC271028FDB77A7D1A5EB62E5C6C10F69B793AE8116D333838684DF1DAB56B5B783AE48BB7DF6E2D361E8FAB7E8ADDAC25BB64654F6FD819EAFDC8F106F56EA3430BA2C36885C9F050699FF9959EA3DEBA55AEBFB8F32FBAA66DEBA67AEAFCA2582C56BED5A355DFE3BEFBC5972A2F70F9E5534FB56497B4EDE6B557565A814B0391B98D3E2D880EA31526C343A57DE6989EC371DD2EEEF6F61B549D356DD3BAA99E3A1F191919B12637180C2EFF23BB478F1DABC49A818101D54FAECB2D7F9774DCCD5D76F680938637A8D76D54B5203A8C56980C0F95F699A38C66073DA2CDFAFAFAAC162F02C472BE47F5CCC4D9B56BD75616C5DF88F11A1D860ED305980C0F957AC41146B3831ED166F97CBEA7A7A7921E96F667658EBF73A2124182C160369B55FDB4BA1F1D860ED305980C0FD123E8119D428486CA496F91219AFD1EB3DD2FBE54FD67F3464646543F215FA0C3D061BA0093E12151EB73738719CD0E7A8412E974BA72462450FAD4CCD3CFEC94390572E7E6CDD5BF014004691B3A0C1DA60B30191E2AF5883718CD0E7A842AB95CAEF227EE2A59E4C1071FAAFD7377227CFCC3A38F6EDAB4A9FAC622C4F0464C3BD161E8305D80C9F050A947E418CD0E7A8442C562716868A8F2E7706DD6AD5B57EF47FDFDFDFC3A6A9BD161E8305D80C9F050A947BCCE6876D023941379A2F2B7EE1A8A46A3636363AA57D98FE83074982EC0647848BC6A3C7FFEC0DCDC6B8CA6063D42138661A4522911472291882D798442A1783C3E3A3ACAF90F85E83074982EC064784874EA37DFFCD9DCDC214653831E01C8A0C3D061BA0093E1A1582CF6D3CCE89CF94B86FC783DF7937038AC7AEA800E4087A1C374015288878687870707EF56BED775D6F8E7E4C3894442F5D4011D800E4387E902A4100FE5F3F970F853E78D7D73E64186E488C76F4DA7D3AAA70EE80074183A4C172085786B68DEC09CF92A4366FC7BEA6FFBFB63AA270DE81874183A4CA7238578CB308C68F47363633F32CD5718EEA350D8255ED8158BBB554F1AD031E83074984E470AF15C2E978B446EC8E5D2A639CEA837448310CD349B7D4CF574011D860E4387E968A49076181B1B136D6278F8CF4DF300A376A4D3DF0D8743D9EC3FA99E28A023D161E8309D8B14D22686610C0E26A2D15B92C96F160ACF9AE67E46B1F83FA9D4DFF4F76F8AC7A3E2B2EA29023A181D860ED3A148216D95CD6613893FE9EDFD2DC9EFC6EE6E3D3D2BFBFB6F136D42F5B4005D820E538D0ED31148213EC527E60178870E0349A4103FDAB3678F78A1502C1655AF0880EE14E05BD2218742F1A3D5AB578B1EF1677FF667AA570440772285401285E23B8F3CF288F5A6E9B5D75E3B3E3EAE7A750074215208245128FE522C1683C1A095422EBFFCF25B6EB945F51A01E842A41048A250FC251E8F57FF0EF9EAD5AB93C9A4EA9502D06D48219044A1F848B158ACFD30DB75D75D671886EA5503D05548219044A1F8C8638F3D66258F9B6EBAA992423EF399CF64B359D5AB06A0AB9042208942F1919FFFFCE71FFFF8C743A1504F4F8FE811BD259FF8C4274821005A8B140249148ABF8C8F8FE7F379F3628F1097F9980C80962385401285E253F40800DEA1C3401285E253F40800DEA1C3401285E253F40800DEA1C3401285E253F40800DEA1C3401285E253F40800DEA1C3401285E253F40800DEA1C3401285E253F40800DEA1C3401285E253F40800DEA1C3401285E253F40800DEA1C3401285E253F40800DEA1C3401285E253F40800DEA1C3401285E253F40800DEA1C3401285E253F40800DEA1C3401285E253F40800DEA1C3401285E253F40800DEA1C3401285E253F40800DEA1C3401285E253F40800DEA1C3401285E253F40800DEA1C3401285E253F40800DEA1C3401285E253F40800DEA1C3401285E253F40800DEA1C3401285E253F40800DEA1C3401285E253F40800DEA1C3401285E253F40800DEA1C3401285E253F40800DEA1C3401285E253F40800DEA1C3401285E253F40800DEA1C3401285E253F40800DEA1C3401285E253F40800DEA1C3401285E253F40800DEA1C3401285E253F40800DEA1C3401285E253F40800DEA1C3401285E253F40800DEA1C3401285E253F40800DEA1C3401285E253F40800DEA1C3401285E253F40800DEA1C3401285E253F408B40485044714062451283E458F80A380AB86B751BBF2D007C50049148A4FD123E0C8A5306C3FAAFE2FE5041B4A029228149FA247C09155188E2739EAFD88D321A84525401285E253F40838923C17527B332A0AD5A80748A2507C2A180C1A86A17A2DA09D86E7422A37E32C085C500F9044A1F8542814CAE7F3AAD702DAA90D1C8E57722E04EEA80748A2507C2A12898C8F8FAB5E0B68473E85702E04F5140A85DEDE5ED56B81CE40E3F0A968349ACD6655AF05B423F98E8CEDF640B57C3E1F0A8554AF053A031DC4A7128944329954BD16D08ECC6FA7DA4249ED05F85C269389C562AAD7029D81AEE15322828820A27A2DA09D25A410972BE14F4325AAD7029D8196E153B95C2E1C0EAB5E0B68A7DEDB2E329F94A97777F84D2C16CB6432AAD7029D8196E15FFC822A80962B140AA150882F02802452887F8D8C8C6CDBB64DF55A00E82A3416348514E25FE2C58A78C9225EB8A85E11005D82AE826691427C2D9BCD46A351D56B01A04BF0E13B348B14E2774343439C3E05B07C232323030303AAD7021D86140273707030168B158B45D52B02A0231986914824882058025208E66532995028343434C41BBA00E489572F232323A27BF0460C9686148232D14D440A11DD24168B890B7CBF3B807A447F181E1E8EC7E3A2636CDBB68D572F5832520816310C2393C98814128D461DFF62190088FE303838984EA7792717CB440A0100006A90420000801AA4100000A00629040000A8410A0100006A90420000801AA4100000A00629040000A8410A0100006A90420000801AA4100000A00629040000A8410A0100006A90420000801AA4100000A00629040000A8410A0100006A90420000801AA4100000A00629040000A8410A0100006A90420000801AA4100000A00629040000A8410A0100006A90420000801AA4100000A00629040000A8410A0100006A90420000801AA4100000A00629040000A8410A0100006A90420000801AA4100000A00629040000A8410A0100006A90420000801AA4100000A00629040000A8410A0100006A90420000801AA4100000A00629040000A8410A0100006A90420000801AA4100000A00629040000A8410A0100006A90420000801AA4100000A00629040000A8410A0100006A90420000801AA4100000A00629040000A8410A0100006A90420000801AA4100000A00629040000A8410A0100006A90420000801AA4100000A00629040000A8410A0100006A90420000801AA4100000A00629040000A8410A0100006A90420000801AA4100000A00629040000A8410A0100006A90420000801AA4100000A00629040000A8410A0100006A90420000801AA4100000A00629040000A8410A0100006A90420000801AA4100000A0C6FF07FB100FB68A233B8C0000000049454E44AE426082, '0');
INSERT INTO `act_ge_bytearray` VALUES ('352', '1', '报销流程/baoxiaoprocess.png', '351', 0x89504E470D0A1A0A0000000D4948445200000307000001DF08020000008AC833730000395649444154789CEDDD7F8C1CF57DF8FF13C1784DB158DA141F15B137E9A75F5649B057258A4FF9235E13C5DE4A6D58A9086FD157CE4A2860444BFCA95072B482AB1ADC53951F479B22A725F4D48A76ABE860A500D9069B6E892157DBD8671CC362ECB0C4982C18C3BA3EDBE3FBE19BCF7B77603C9E9D9D1FB7B3FB9E9D793EF4D6696F7666F63DF37ECD6B5E3BB37B37A002000040550764770000002010A88A0000001AA88A0000001AA88A0000001AA88A0000001AA88A0000001AA88A0000001AA88A0000001AA88A0000001AA88A0000001AA88A0000001AA88A0000001AA88A0000001AA88A0000001AA88A0000001AA88A0000001AA88A0000001AA88A0000001AA88A0000001AA88A0000001AA88A0000001AA88A0000001AA88A0000001AA88A0000001AA88A0000001AA88A0000001AA88A0000001AA88A0000001AA88A0000001AA88A0000001AA88A0000001AA88A0000001AA88A0000001AA88A0000001AA88A0000001AA88A0000001AA88A0000001AA88A0000001AA88A0000001AA88A0000001AA88A0000001AA88A0000001AA88A0000001AA88A0000001AA88A0000001AA88A0000001AA88A0000001AA88A0000001AA88A0000001AA88A007485A228C562716464249BCDA63F92C964C49442A150AFD765771000CCA88A00F84C1443A2FA89C562A21E1235D0C4C4133B763EA7B5A79E7EE681071ECCE572F1787C6868687C7C5C766701E022AA2200BE999A9A4AA7D3A21812D5CFECDCBC7DDBF5C28B9B377F35954A95CB65D91D078006AA2200FE181D1D1525CE8E9DCF39D643C6B6F7A57DEBD6ADDBB2658BA228B2B70040D4511501E894286872B9DCF0F0B0A77AC8D8FEE19147D2E974AD5693BD2900228DAA0840474449343434542814165D12E937D4C47AAAD5AAEC0D02105D5445003A92CBE53A2F89F4BB69A230E2561A0059A88A002CDEE8E8682737CE5ADBC4C413D96C56F666018828AA22008B343535954AA57C2C89B476E79D776DDFBE5DF6C6018822AA22008B244AA2BD2FEDF3BD2A3AF6D6F155AB12DC4703D07B54450016A3582C66B359DF4B22ADDD7BEFD7C7C6C6646F2280C8A12A02B018E974DAEB9F26F274B968707050F62602881CAA22009ED5EBF5783CDEA592486B6BD7AE9D9C9C94BDA100A285AA088067E3E3E3F97CBEAB55D143DBB60D0F0FCBDE5000D1425504C0B32D5BB66CDFBEBDAB55D18E9DCFA5D369D91B0A205AA88A007896C964DCFCFFD74EDA91A34757AD4AC8DE5000D1425504C0B32E7D27DFD84E4F9F89C562B2371440B4501501F06C7070F0D85BC7BB5A15893630408202D053241D009E2593C95F1C3A4455042064483A003CEBEA1F2BE273450064A12A02E0593E9FFFE1638F75B52ADAF5C28B6BD7AE95BDA100A285AA088067636363F7DEFBF5AE5645A2EADABCF9ABB2371440B4501501F0AC5AAD261289AE56451B376E2C954AB2371440B4501501588CAE7EE0FAF4F499783CAE288AECAD04102D54450016A3AB37D1BEF3DDEF8A95CBDE44009143550460311445492412DDF8AB45A7A7CFAC5A95A8D56AB2371140E450150158A442A170DBA64D5C2802101A54450016EF2BB7DC3231F1848F25D12F0E1D5AB366CDE9E933B2B70C401451150158BC7ABDBE76ED5ABF3E767DE2BD93A2243A72F4A8ECCD0210515445003A52A9544461244A99CE4BA2AFDC72CB534F3F237B830044175511804E4D4D4DAD59B366D70B2F7672E34C9456944400E4A22A02E0837ABDBE6EDDBA071E78F0C47B273DD543A7A7CF7CE7BBDFD56EC3C9DE080051475504C01F8AA288AAE8861B92A2CA11B58E9B92E8878F3D26E6BFF7DEAF8B5A4A76F70180AA0880AF6AB5DAD6AD5BE3F1F8576EB945143D7B5FDA67AA84C494C71FFFB7DB366D12F36CDEFCD56AB52ABBCB00F021AA2200FE5314A5582CE6F3F9356BD60C5C4A4C112551A150A8D7EBB2BB090097A02A02D00BA24292DD050070405504A0170606C83600828E3C05A017A88A00041F790A402F501501083EF214805EA02A02107CE42900BD40550420F8C853007A81AA0840F091A700F402551180E0234F01E805AA2200C1479E02D00B544500828F3C05A017A88A00041F790A402F501501083EF214805EA02A02107CE42900BD40550420F8C853007A81AA0840F091A700F402551180E0234F01E805AA2200C1479E02D00B544500828F3C05A017A88A00041F790A402F501501083EF214805EA02A02107CE42900BD40550420F8C853007A81AA0840F091A700F402551180E0234F01E805AA2200C1479E02D00B544500828F3C05A017A88A00041F790A402F501501083EF214805EA02A02107CE42900BD40550420F8C853007A81AA0840F091A700F402551180E0234F01E805AA2200C1479E02D00B544500828F3C05A017A88A00041F790A402F501501083EF214805EA02A02107CE42900BD40550420F8C853007A81AA0840F091A700F402551180E0234F01E805AA2200C1479E02D00B544500828F3C05A017A88A00041F790A402F501501083EF214805EA02A02107CE42900BD40550420F8C853007A81AA0840F091A700F402551180E0234F01E805AA2200C1479E02D00B544500828F3C05A017A88A00041F790A402F501501083EF214805EA02A02107CE42900BD40550420F8C853007A81AA0840F091A700F402551180E0234F01E89642A1208AA1582C964AA5C483C1C141F1F3CA2BAFAC542AB2BB060016A88A0074CB934F3E39D062FDFAF5C5625176D700C0025511806E511465E9D2A5C69268F5EAD5838383F57A5D76D700C0025511802EBAFFFEFB2FBFFC72BD2ABAFBEEBB87878765770A00AC511501E8AE152B566825D1A64D9B128984A228B27B0400D6A88A0074D7F3CF3FBF64C91251156532193E510420C8A88A0074DDCD37DFAC5545B23B020076A88A00745DAD561355115FC80710705445007A81BFE20820F8C8534098298A52281472B95C3A9D4E2412AD7F3D2822C4B68B3D90CD66C7C7C7F9BB0000DAA12A0242AB542A896A4094448F3FFEF88E9D3B8F1C3D3A3B3717CD26B65DEC81898989CD9B378B7D226A23D983032088A88A8010AAD7EBF97C7EE3C68DC7DE3A363B374B33B613EF9D10B591D839B55A4DF640010816AA22206C4449944AA57EF8D8A3B37333B476EDA9A79F5ABB766DB55A953D5C000284AA08089B7C3EDF2C89CED3ECDB8E9DCFAE5BF745D9C3052040A88A805029954A1B376E989B57686EDA37BE79DFB66DDF923D68008282AA08080F45511289C45BC7AB73F3E7686EDAF4990FD6AC59CD1F5202A0A12A02C2637C7C3C9FCFCFCD9FD5DBFACC1FBAFCEEBA71A948B56DDBFE9A7F580B404355048447369B9D78E23F2E96441B36FE5A55DFBCA0BE3EA7BE32A31E9851F74ECF8F3DF1DC4F8F9FDA3DABFE8FA2EE56D45D67D567CFAB7FB7EBE09D5BEE925EA048692FED9B4CA552B2870E4020501501E1914C260F1DDA3F377F466B030303D3AA7A66413D35AFBE3FAB9E55D53FFF8B07072EBB6A6843F6F89C7A6C463D765EAD2AEA9179F5473F3FD0BC5C7426826DFACCC9582C267BE80004025511101EF178FCBD93C7E7E6A7B5260A9DB317D4990B8DA7E6171A3F7FFCCC7FFECEEF7EF62F1FFACEBCAA9E9E574FCDA9EFCFA975557D76CFCBCDAA683A9A6D80FF4602A0895C008447B3B239AD37F1EB9979F5E43975F6C28733D4EBF5EF7DFF07DFFAF6F78FBDDDF80386730BEA6CB35A7AF1A503A66523D5A88A0068C8054078342B9BFFD55BA32ABAA09E38ABBE33ADCEA9EAECCC4CF2861B06063E363010BBF54F361B17DCBB6FBF69D94835AA22001A7201101ECDCAE694DEB43B6827CFA96F9F56DF3DAFEE3DF4CB152B567CECF22B965DFDF1DCED9754457B5EDA675A36528DAA0880865C008447B3B2A9EB4DFC7A6E417D5F695C2B3A715EDDB9A772E39A9B3EFEDBD75E1DBFE607FFF2A3F3AA3A3DA39E9D692CB86B728F69D94835AA22001A7201101EE2EC3E3FFF81DEB493BD288C4ECDA91FCCAA6F9F9E7BF16075CDEF7F6EFD97FFE0DD19F51D457D57514FCEA8A22EDAB57B8F69D94835AA22001A7201101EA6CA26BD7EDDCBAFBEBEF7606572AAF2C2BECA0BFB0FBFF8F2D1FFDAFDCACF0FBEF1FCBEC33FDBF7DA0BFB5F9B3C70F8E0EBBF7AE41F1FBB6DD36DD2AB13AA220072910B80F0685645EF1BDB3DF7DCE5E60F5BFFF1ADB79A168C54A32A02A0211700E1D1AC8A4ED2BC36AA22001A7201101E8DAAE8C27B34AF8DAA0880865C008447B32A3A41F3DAA88A0068C805407834ABA277695E1B5511000DB900088F6655F40ECD6BA32A02A02117007DA6502854AB55CBA79A55518DE6B5B5AB8A6C76358050A22A02FAC9E1C387B5EFD22F5FBE7C6262C2F42C55912F5551BD5EBFFDF6DBB5FD7CDD75D7511801D1415504F41345512EBBEC32ED84BD64C992CF7CE633C67376B32AFAB5D766F9178C16B11EE30ADD4C6CF72A8EAFEE7E55EE3BACEFC3EDDBB7C762316D278807838383B55A4DC248039081AA08E833E23C6D2C5F962D5B76C71D77886A496D5645172EBCEDB5B52E659A62F3E71F5DAED038DD7155FAE376F3E88F8D53EC5FDA710F88BD57A9543EF5A94F195F6E6868289148C81E7000BD4355042C9EA845CAE5F2C8C848FA23E2246A5343F4C0850BC7BD364FEB69F7D422BA64B32ACB19B45F6D262E6EF3B505C5D8F9380A3011C7857E8C88E3A5542AD5EB75D9872F6081AA08580C510C65B3D9582CA665F9F2477AF01994ABAFBE5A3FD9649B441F2A958AFAE1B5A2B7BADADABD84717ABBC7C68926ADD35B97B5D9BA0E377CA079AD488CDD97BEF4A54F7CE2137A1F962F5F9E4AA5BA3DA05120F6AD7E8C88E32593C9C4E37111B7C5625176D7804B501501DED46A35ED2DAF94842EDE616B27EC6432F9B5AF7D4DFC2C140AFAB3CDE2E098A766F3FEBEDDFC8ED32D1FB7AED3715596CB1ABBE7BEDB8E3B41DF87A55269D5AA55D75F7FBDB6B6A54B976A7727E13BEDAD85A83BB59A1E0802AA22C00371CA148588C8E6B23AF0E69B6FC66231F1563B91480C0F0F9B6E43346B825F796AED1659C4F4F6D5D525CBBA9CCD4D1F5A6758C41ED09632EE4651068D8C8CAC5CB9529CB0C5CFA9A9A9DE0E72B488DD2BF6B3B1B80724A22A02DC2A168BE9745AFAE7214437C6C7C72D6FD5755815B57BECB55A727C6C5A49EBAFEDEAA7D6F5D854578BAE8A34620F8BFDCC2D9E1E1065682E97137B5B764700AA22C01D718E14EF68A59744F69A35C19B9E9A7191768FDBCDEF753DFA63AB52E692E9C6F95B7FD5E769EDCC22F680B694ECA18B3A511889B71C939393B23B82A8231700AE0C0D0D053F65376A8285AAA7665CA4DDE376F39BA6B7D3BAAC6925ED7ED51E187FB6CE60F3729E7682ECA143E38D473299E4535C908B5C00382B168BD96C56762F9C356B823716D7B4653F2A2C1C66B39FEEF8D8AA94B15855EB03FBE936DD73DC76D9438786AD5BB78E8D8DC9EE05228D5C0038CB6432A55249762F9C356B825F7A6D1FD52576538C4FB959A1FD0BB5BE9CE5AFC6998DF3B45B8FCBEE59764CF6D0A1A152A9249349D9BD40A4910B0007B55A6D707050762F5C69D60447DDB78FCA8BB6CFEAF3D8DE20B35ED066BA7106D34A8CBFB63E65B31EC7CDB1DF0FB2870E1FEA8B5BD508317201E0A05F6E9FA91F564547685E1B55517070130D72910B00077D94A69B55D1EB34AF8DAA2838FAE84D0842895C003848A7D312FF6CA32754455445FD8E8F16412E7201E0A08F3EE820CEEE0B0B87695E1B55517054ABD5442221BB17882E7201E040E4E81EFCCF575F34ABA2D7685E1B5551A0301C9088E0031CC4E3F180FF496B5DB32AAAD0BC364EC381C2704022820F70D04739BA5915BD4AF3DAFA6888A380E18044041FE0A08F72742C163B776EFFC2C22B344FAD8F86380A180E4844F0010EFA284727128937DEF8E9C2C2219AA7D647431C050C072422F800077D94A33399CC4F4ADB17D45FD0DCB7572B3FE6ABE081D247471CC287E0031CF4518E1E1D1D1D1EBE437A9DD15FED9FC71FCAE7F3B2870E17F5D11187F021F800077D94A3ABD56A32F9C973CADE05F520CD65CB666F2E168BB2870E17F5D11187F021F80007FD95A3471AB62CA82FD3DCB47F2FFC6D2E97913D68B8447F1D710819820F70D05F395A519474FA739393FFAAAA0768F6AD56DB994C7EB25EDF257BD07089FE3AE21032041FE0A0EF7274A55249A56EA8548AAA3A456BD7444924CAC772F951D9C305B3BE3BE21026041FE0A01F73F4E4E4A4288C4647FF4C55F7D35A5BB1F8DD6432512EFF93EC8182857E3CE2101A041FE0A04F73B4A228C3C3F974FAA6F1F1BFAAD59E55D57DB47AFDBF0B85BFC9E53666B369F158F610C15A9F1E710807820F70D0D739BA5C2EE7F37F3438F85B03181888C797E7721B4461247B586067A09F8F38F43B820F70408EF6057F13082E71C44122820F70408EF605BB112E112A9088E0031C90A37DC16E844B840A2422F80007E4685FB01BE112A10289083EC00139DA17EC46B844A84022820F70408EF605BB112E112A9088E0031C90A37DC16E844B840A2422F80007E4685FB01BE112A10289083EC00139DA17EC46B844A84022820F70408EF605BB112E112A9088E0031C90A37DC16E844B840A2422F80007E4685FB01BE112A10289083EC00139DA17EC46B844A84022820F70408EF605BB112E112A9088E0031C90A37DC16E844B840A2422F80007E4685FB01BE112A10289083EC081A71C6D9C99E46EC4DE804B840A2422F8000736397AC0C034BF698A8DAE763E38A2B3A5E810A10289083EC0819B1C6D9AC7FE57AF2B0F87E86C293A44A84022820F70609FA32DAF0C594E59C4CAC3243A5B8A0E112A9088E0031C78AA8A2C8B21E303D38DB3E89C00A2B3A5E810A10289083EC081D76B45366BB079107AD1D9527488508144041FE0C0B1E2315EFE71BC56D4EE41E845674BD121420512117C80039739DA6555C41D34C01EA10289083EC081638EB6FC68119FB63689CE96A243840A2422F80007F6358DFDE7ACDDACA1E30EF687E86C293A44A84022820F70E0E90E9ADAE65A918D6EF43980A2B3A5E810A10289083EC0819B3B687A2564FFB9A245AC3C34A2B3A5E810A10289083EC00139DA17EC46B844A84022820F70408EF605BB112E112A9088E0031C90A37DC16E844B840A2422F80007E4685FB01BE112A10289083EC00139DA17EC46B844A84022820F70408EF605BB112E112A9088E0031C90A37DC16E844B840A2422F80007E4685FB01BE112A10289083EC00139DA17EC46B844A84022820F70408EF605BB112E112A9088E0031C90A37DC16E844B840A2422F80007E4685FB01BE112A10289083EC00139DA17EC46B844A84022820F70408EF605BB31C48C83DBF940132A9088E0031C90A37DC16E0C8D0103E344B5A53CB261BFFEEE751EB047F0010EC8D1BE6037868F694CED7F75F994E3B34057117C800372B42FD88D61627965C8728ACDE28B7B16E82A820F70408EF605BB314C4C35906531647C60BA71465584C022F80007E4E8452B140A62EFC562B1542A251E0C0E0E8A9F575E7965A55291DD3574A4F5CA50BB79EC1FD82F08F41EC1073820472FDA934F3ED9FA31DBF5EBD7178B45D95D43474C977F1CAF15B57BD06EE5BE77187089E0031C90A3174D5194A54B971ACFA0AB57AF1E1C1CACD7EBB2BB067FB8AC8AB883867E41F0010EC8D19DB8FFFEFB2FBFFC72FDA478F7DD770F0F0FCBEE147C60F9D1223E6D8D7E47F0010EC8D11D5AB1628556126DDAB4299148288A22BB47E848BBAB3EA62385AA08FD88E0031C90A33BF4FCF3CF2F59B244ECC64C26C3278A42C6FE5A910D37EB047A8FE0031C90A33B77F3CD376B5591EC8EC037C68F5ADB7FAEC87259FB35FBD447C033820F70408EEE5CAD5613BB912FE4C30D8E384844F0010EC8D1BE6037C225420512117C8083BECED18AA2140A855C2E974EA7138984FD473D424C6CBBD803D96C767C7C9CBF0B107003FD7CC4A1DF117C8083FECDD1A552495403A2247AFCF1C777ECDC79E4E8D1D9B9B96836B1ED620F4C4C4C6CDEBC59EC13511BC91E1CB4D5BF471C4280E0031CF4638EAED7EBF97C7EE3C68DC7DE3A363B374B33B613EF9D10B591D839B55A4DF640C1423F1E71080D820F70D077395A9444A954EA878F3D3A3B37436BD79E7AFAA9B56BD756AB55D9C305B3BE3BE21026041FE0A0EF72743E9F6F9644E769F66DC7CE67D7ADFBA2ECE18259DF1D710813820F70D05F39BA542A6DDCB8616E5EA1B969DFF8E67DDBB67D4BF6A0E112FD75C42164083EC0411FE56845511289C45BC7AB73F3E7686EDAF4990FD6AC59CD1F520A943E3AE2103E041FE0A08F72F4F8F8783E9F9F9B3FABB7F5993F74F9DD75E352916ADBB6FD35FFB03650FAE88843F8107C80833ECAD1D96C76E289FFB858126DD8F86B557DF382FAFA9CFACA8C7A6046DD3B3D3FF6C4733F3D7E6AF7ACFA3F8ABA5B51779D559F3DAFFEDDAE83776EB94B7A8122A5BDB46F32954AC91E3A5CD447471CC287E0031CC462B17EF937EFC964F2D0A1FD73F367B426CE2ED3AA7A66413D35AFBE3FAB9E55D53FFF8B07072EBB6A6843F6F89C7A6C463D765EAD2AEA9179F5473F3FD0BC5C7426826DFACC4931C4B2870E1751154122820F70904824FAE5FBDBF178FCBD93C7E7E6A7B526CE2E672FA833171A4FCD2F347EFEF899FFFC9DDFFDEC5F3EF49D79553D3DAF9E9A53DF9F53EBAAFAEC9E979B55D174341BA7E14061382011C1073848A552535353B27BE14AB3B239AD37F1EB9979F5E43975F6C28733D4EBF5EF7DFF07DFFAF6F78FBDDDF80386730BEA6CB35A7AF1A503A66523D5380D070AC30189083EC0413A9D2E97CBB27BE14AB3B2F95FBD35AAA20BEA89B3EA3BD3EA9CAACECECC246FB86160E0630303B15BFF64B371C1BDFBF69B968D54E3341C280C072422F80007F97CBE5FFE6D56B3B239A537ED0EDAC973EADBA7D577CFAB7B0FFD72C58A151FBBFC8A65577F3C77FB2555D19E97F699968D54E3341C280C072422F80007DAD7DD65F7C295666553D79BF8F5DC82FABED2B85674E2BCBA734FE5C635377DFCB7AFBD3A7ECD0FFEE547E755757A463D3BD35870D7E41ED3B2916A9C860385E18044041FE0606A6AAA5FBEB92D4E27F3F31FE84D3BBB88C2E8D49CFAC1ACFAF6E9B9170F56D7FCFEE7D67FF90FDE9D51DF51D47715F5E48C2AEAA25DBBF798968D54E3341C280C072422F800678383837DF1FFD54D954D7AFDBA975F7D7DEFC1CAE454E5857D9517F61F7EF1E5A3FFB5FB959F1F7CE3F97D877FB6EFB517F6BF3679E0F0C1D77FF5C83F3E76DBA6DBA45727544550A98A2015C107381B1B1BDBBA75ABEC5E386B5645EF1BDB3DF7DCE5E60F5BFFF1ADB79A168C54E3341C280C072422F800678AA2C4E3F1E0FF2DC766557492E6B5711A0E14860312117C802B7DF199EB465574E13D9AD7C6693850180E4844F0016E05FF2BFACDAAE804CD6BE3341C280C072422F800B7EAF57A3A9D0E7261D4AC8ADEA5796D9C860385E18044041FE081A228F97C7EEBD6ADA24292DD170BCDAAE81D9AD7C6693850180E4844F0019E8D8D8D251289919191A07D5DBF5915D5685E1BA7E14061382011C1072C46BD5E1755D1E0E0602A951A1D1D2D97CBD56A5576A7A88AA88AC280E18044041FD091A9A9A9E1E1E1743A9D48244436173FD306D96C76E452E54BF97B27AE5915FD7A11CD7E41FD59CBBF75E47225A615DAACC77185C6FE787DE9762BF47114D021860312117C809FAAD5AAB1E829168BA6AA287DA9783C6EAC0C3A2CAAC41A2E5C78DB53339526A629C6D9DA2DDEFAB8759DC689A6398D0F2CAB25CB55B57BB0B8C6693850180E4844F001E1D12C0E8E77D8F495B8599BFDCCA689AD339B1ED8BFA2E3E22EFB6CB966D943878B180E4844F001E1D1AC09DEF2D48C8B688FF529AD0FDA2D6E3967EB52C6D9ACAE03D9F5CD38519FDF5357ED7782ECA1C3450C072422F880F068D604C7BC366D297D59D3AFA6C7ED96FDA852B15EA7693DF60FDADF3EB3588FF1D9C56DBEB6A0ECA1C3450C072422F880F0689605BF72DFDAD71FBF32AECA66B596B3B59BD8BA729B076E1E9B56EE69DB4D5B217BE87011C30189083E203C3AA90CEC6B8E4E666E57C4B4966236859AA92A6A575D51158500C30189083E203C9AC5C19B9E5A4BE5F1A6BE92D607968B9B5662B9CE76EBB19F62F9D8B84E373D74B913640F1D2E62382011C1078447A33858A87A6AC645B4C7FA94D607F68B3B3E655CA1C5A5A0F64F1967F0DA43973B41F6D0E122860312117C4078348B83373C35E322DA63431562318FFDE2F64B996668378FFBC7C60E3B76D57E27C81E3A5CC4704022820F088F664DF04B4FADE57ACC2F5B5762B35A7D11C7A5DCCCE3F2597D7A6B9F17B107B4A5640F1D2E62382011C1078447B32638EAA91917D11EB7AEC472B58642CA7AFAA5C596C30CED5EA2DDEB5A76BEDD7ADCEC04D943878B180E4844F001E1D1AC098ED0BC364EC381C2704022820F088F6655F43ACD6BE3341C280C072422F880F0A02AA22A0A01860312117C407888D3C9C2C2619AD7C6693850180E4844F001E1D1AC8A5EA3796D9C860385E18044041F101ECDAAA842F3DA380D070AC30189083E203C9A55D1AB34AF8DD370A0301C9088E003C223168B9D3BB77F61E1159AA7C6693850180E4844F001E1914824DE78E3A70B0B87689E1AA7E14061382011C10784472693F94969FB82FA0B9AFBF66AE5C7C96452F6D0E122AA224844F001E1313A3A3A3C7C87F43AA3BFDA3F8F3F94CFE7650F1D2EA22A8244041F101ED56A3599FCE43965EF827A90E6B265B337178B45D943878BA88A2011C10784CA48C39605F5659A9BF6EF85BFCDE532B2070D97A02A8244041F102A8AA2A4D39F9B9CFC57553D40B36FB5DACE64F293F5FA2ED983864B50154122820F089B4AA5924ADD50A91455758AD6AE899248948FE5F2A3B2870B6654459088E00342687272521446A3A37FA6AAFB69ADAD58FC6E32992897FF49F640C10255112422F8807052146578389F4EDF343EFE57B5DAB3AABA8F56AFFF77A1F037B9DCC66C362D1ECB1E2258A32A8244041F1066E572399FFFA3C1C1DF1AC0C0403CBE3C97DB200A23D9C3023B0354459087E003A2A252A9487CF540FD4D20D119BE8D1F5854459088E0032261747434954A49EC40A04E75D56A359BCD663219B995222C052A541035041F1072E2C43F3434343C3CAC288AC46E04F054572A9544A5287DCFC02480A182E820F88030D32E114D4E4ECAEE48404F75A21E12BB28914870432D3882192A8808820F08A7805C22D205F95457ABD5B8A1161C410E15841EC1078450702E11E9827FAAE3865A40043F541062041F102A41BB44A4EB8B531D37D482A02F42056145F001E111C04B44BA3E3AD56937D4D2E93437D4A4E8A35041F8107C401804F61291AEEF4E75E57239994C8A5D5AAFD765F7255AFA2E541026041FD0F7827C8948D7A7A73AB16F456D54281464772442FA3454100E041FD0C7827F8948D7BFA7BA5AAD96CBE5B8A1D633FD1B2A0801820FE8577D718948D7EFA73A6EA8F54CBF870AFA1AC107F49F3EBA44A40BC7A98E1B6A3D108E50419F22F8803ED35F978874A139D57143ADDB42132AE847041FD037C4F93893C9F4D725225DC84E75DA0DB5AD5BB77243CD77210B15F417820FF2D92741FDD9814BB95FCF407BED966DB77EC7F574CFF8F8B8380D974AA51EBC563774692FC93D838E8D8D89411143D3BD9708C2D1D16354459088E083645A066CCD83ED72B44DC674934CDD9C1B5A5F7D71AFE517ED12513E9FEFEBCB1236675FD3F876324FEFB74B8C8E189AA1A1A1A9A929DF573E108CA3A3C702D20D4413C10799069CAED698D2BD7DBA5C74DE6FF72A8B38C7FCE44EFD3C75E74F2E9DF4D1EFEEA67CA4DF2F11E92C4FED6E666BF7944DF0F4DEE4E4642A95F2F7865A408E0EB50B51BDB86E003D40F0411AC7D3A4E9ADB0E35501BFDE0D7730CF9187BFF085878F18A7883343738A78E6C3B3839B290DE1B844A4F35415595E0B69F7946360F48C8F37D4827474F819D56E50154122820F12D8A4F2D607AAD55B61CBC7AD0F2C5FDAA64BEECFB2D6D35B4F00174F281F3D72332544978874AD277537B3B57BCAB16890A5F31B6A7E1D1D3621EDAD72F22FAADDEF010F7303BE22F8209FFD89D032FBDB5745A689BE9C1B5CADA7F1F6F80B5FD07ED7DF301BEE39341E3A4DF9FFFF2D54978874A6D1691D47E36C96BBB7750D8E43298B8F37D43A3C3AECD7D3B3A8F674B128504389A821F8205FBB246893F1076C2B2137EB344D743E37B8EBB37AE488F6AE58BC41767BB6304CF9BFE981F8274275894867399A6ACB9EB43CAF5B5645EDD61F1C636363894462FBF6ED9DACA493A3C334B3E32EEA52545315A18F107C90C3B104693D2F7AAA8A5A7FB599D8AE878B7E56D56F1BB8BED7F0F3C6A788BEF8F96BAF1DDD17AA4B443A4FE5AC9BAAC84DF12A5DBD5EDFB265CBD0D090A7BFBAE9D7D1619CC172BAE56C36BC463577D0D077083EC867F36ED87832707C4FBCE8AAC8E624D4EE746BDD67C39BE20FDF55BBFB5C6A7AE0FFACF854B2F4D85D5E3F97DA474C7BB2DD60E923DB3A041E0622604449240A23511E2DE286DAA28F0ECB35D8EF2E7FA39A4F5BA31F117C90A6F58DAFFD99D2721ECBF9DDBCA8E3538B397F18BEC37CF1DDB1ED37963FFCA2D997FF3FF33CA1E372F7BA1920D3B9BF5DFC04CDF6EDDBDDDF50F3F1E8E8B42AF21ED56DA7B813F07144B8117C90C9E60DAEDAF26ED8664EE3B36E5ED1CDB38B3B7F7812BE2F9AD9E85E55643331683CDD50F3E5E8B05CD0FE15A50B4837104D041F241870A2CF667C6053B29816B47F51F7DDEB703D3642F6B788DCE8A42A32EE73531898C2A62F4EA8F637D4FC3A3A1C63D8F245FDD8BE4E05A41B8826820FE8B542A1109D4B443A4E75269E6EA8450AA10289083EA077EAF57A3E9FCFE572D1B944A4E354D74ABBA1964AA53C7D432DF408154844F0013D522A95BAFDFFD5838C535D3B535353434343A25CAED56AB2FB1208840A2422F880AED32E11653299289FF638D5D9D33E7A3F363626BB23F2112A9088E003BA2BE29788749CEA1C89EA79EBD6ADDC5023542011C107740B97888C38D5B9C40D35420512117C40577089C884539D2751BEA146A84022820FF01997882C71AAF34ABFA1562E9765F7A5A708154844F0017EE212513B9CEA16676A6A2A9D4EE772B9E814D9840A2422F8007F7089C81EA7BA4E687FF97374745476477A81508144041FE0032E1139E254D72151760F0F0F8B300BFD0D35420512117C4047B844E412A73A5F542A95D0DF5023542011C1072C1E9788DCE354E7A370DF5023542011C1072C069788BCE254E7AF10DF5023542011C10778363939C92522AF38D57543286FA8112A9088E0033C501445BC411F1A1A0AD349A83738D5754FA150482412A3A3A3223E65F7C507840A2422F800B726272753A954583FCCD16D9CEABA4AABD7457C964A25D97DE914A10289083EC0997E89A852A9C8EE4BBFE254D703223E33994C369BEDEB6B99840A2422F800075C22F205A7BA9E29168B7D7D438D508144041FD070DF7DF7B57E7A9A4B443EE254D74B7D7D438D508144041FA0DE73CF3D22112F5DBAD4F8DE9A4B44FEE254D77BED6EA8FDFDDFFFBD781B20AB578E08154844F021EA76EFDE3DD074E38D37168B45954B44DDC1A94E16ED86DAC8C88856F4D7EB753116D75C738D0872D95DB346A84022820F51B772E54AAD2AFA8DDFF88DCF7EF6B33B76ECE012513770AA9348D443A22A4A2693A552E97BDFFB9E16F0F1785C5448B2BB6681508144041F22EDE1871F1EB8D4B265CBF6ECD923BB5F21C4A94EBA6AB5FAF9CF7FFEB2CB2ED3DF066CD8B04176A72C102A9088E043748937CAB158CC54157DE10B5FC8E572B2BB16429CEAA4BBEFBEFB4CD17EDD75D77DFBDBDF96DD2F33420512117C88AE6C36BB6CD9B2D5AB57FFDEEFFDDE35D75C934C26138984A893F8571EDDC0A94EBAE1E161310A83838337DC70C3AA55ABAEB8E20A11F6D75F7FFDE4E4A4ECAE5D82508144041FA26B686848E4DFABAEBAEAA69B6E1A19192997CBD56A5576A7428B535D40882017A12E02FED65B6FFDCDDFFC4D312E9FFEF4A76577EA12840A2422F810517CD1ACC738D50553A9544A2693A24892DD918B08154844F0458EA8060A85422E974BA7D389446220AAC4B68B3D90CD66C7C7C783F94D9C9019E054176C64060D9921E2C853D122DE178A635E24BEC71F7F7CC7CE9D478E1E9D9D9B8B6613DB2EF6C0C4C4C4E6CD9BC53EE1B344DD20CEB2E234138BC552A9D440F3132DE2E795575EC9F5B9A021339019A0A12A8A0AF1A6279FCF6FDCB8F1D85BC766E76669C676E2BD1322038A9DD3D7FF5333809E7CF2C9D6F7E2EBD7AFD7FE5A268280CC4066801155512488C427DEACFFF0B14767E76668EDDA534F3FB576ED5A3E70ED234551962E5D6A2C8956AF5E3D3838C88D8980203390196042551409E2BD6033F19DA7D9B71D3B9F5DB7EE8BB2872B54EEBFFFFECB2FBF5CAF8AEEBEFBEEC0FEA3890822339019604255147EA55269E3C60D73F30ACD4DFBC637EFDBB6ED5BB2072D5456AC58A195449B366D4A2412C67FC10B89C80C6406B4A22A0A39710612E7A1B78E57E7E6CFD1DCB4E9331FAC59B39A8F03FBE8F9E79F5FB26489A88A32990C9F280A083203990196A88A426E7C7C3C9FCFCFCD9FD5DBFACC1FBAFC86AA71A948B56DDBFE9ABB3CFEBAF9E69BB5AA487647F0213203990196A88A422E9BCD4E3CF11F1713DF868DBF56D5372FA8AFCFA9AFCCA80766D4BDD3F3634F3CF7D3E3A776CFAAFFA3A8BB1575D759F5D9F3EADFED3A78E796BBA4A72129EDA57D93A9544AF6D0854AAD56136753DE6707079981CC004B544521974C260F1DDA3F377F466BE2CC34ADAA6716D453F3EAFBB3EA5955FDF3BF7870E0B2AB8636648FCFA9C766D463E7D5AAA21E99577FF4F303CD37856722D8A6CF9C8CC562B2872E6C06F82B8E4142662033C012792AE4E2F1F87B278FCFCD4F6B4DA4B3B317D4990B8DA7E6171A3F7FFCCC7FFECEEF7EF62F1FFACEBCAA9E9E574FCDA9EFCFA975557D76CFCBCDDC371DCDC629BC738AA2148BC59191916C369BFE4826931153C6C7C7F90330729119C80CB0C400875C337F9DD69BF8F5CCBC7AF29C3A7BE1C319EAF5FAF7BEFF836F7DFBFBC7DE6E9CA5E616D4D9664E7CF1A503A66523D5C87D9D10C590A8841C3F9E924AA5B66FDFDEEF5F49EBD350213390196089010EB966FEFA5FBD3572DF05F5C459F59D69754E556767669237DC3030F0B18181D8AD7FB2D9B8E0DE7DFB4DCB46AA91FB16A75C2E0F0D0DB9FCD0AE269148F4E68B698E3D71339BE33C3DD8105F0C9019C80CB0C200875C337F9DD2DB40F33AB97847F8F669F5DDF3EADE43BF5CB162C5C72EBF62D9D51FCFDD7E49EEDBF3D23ED3B2916AE43EAF1445C9E7F3A61221954A7DE31BDF9C987862C7CEE7F4F6C0030F6EDCB8D13467369BEDFD1FBCB61C659BA1373D65FCB5EF0286CC406680250638E49AF9ABAE37F1EBB905F57DA5F18EF0C47975E79ECA8D6B6EFAF86F5F7B75FC9A1FFCCB8FCEABEAF48C7A76A6B1E0AEC93DA66523D5C87D9ED46A35D325A27BEFFD7AF33F8CCEB76B27DE3BF90F8F3CA2FDBF584D2291989A9AEA65B76DAA22CB8B40ED9EEAC7CB45640632032C31C021278EE1F9F90FF4A61DD222FD9D9A533F9815EF0BE75E3C585DF3FB9F5BFFE53F7877467D4751DF55D49333AAC87EBB76EF312D1BA946EE73AF5AAD8A8246AF0932998C7D3D64AA8D1E78E0417DD9582C363939D99B6EB71B6297D78A5A67EBAF98213390196089010E3953FE4AAF5FF7F2ABAFEF3D58999CAABCB0AFF2C2FEC32FBE7CF4BF76BFF2F3836F3CBFEFF0CFF6BDF6C2FED7260F1C3EF8FAAF1EF9C7C76EDB749BF41C44EE0B3845518C57891EDAB6CD653D646C8F3FFE6FA21ED2AF18F5E0EB69A6CB3FA6A754DB6B45C635F4E355220D9981CC004B0C70C83573DFFBC676CF3D7739DE0210FEF8D65B4D0B46AA91FB5CCAE5727ACC4C4C3CB18892486B7B5FDA178FC7B5F5A4D3E9AEF6D954E20C587D5AC8716228AE159119C80C30638043AE99FB4ED2BC36729F1BC562513F592EEE2A91B13DF5F433FADAC6C6C6BAD467CB62A8F5B19BAAA85597FADC0D640632032C31C021D7C87D17DEA3796DE43E3752A994560D6432990E4B22ADE99F311A1C1CF4FDEF18990A17CBBA4755DDDE416BB79E7E41662033C012031C72CDDC7782E6B591FB1C150A05AD5C88C562C7DE3AEE4B55747AFA8CFEADB4AD5BB776B5FFED86D866E85B2B27CBE97D81CC406680250638E49AB9EF5D9AD746EE73944EA7B5F2E5DE7BBFEE4B49A4B51F3EF698B6DA783CDED5FEFB5815D94C0C2C320399019618E0906BE6BE77685E1BB9CF5EBD5ED76F2DF975A1486FAB5625B43597CBE5EE6D82A7AAA8DD7D349777D90288CC406680250638E49AB9AF46F3DAC87D6AF31E59B55AB57C6A7C7C5CAB03D2E9B4BF25916877DEF9E197A1868787BD760C2E9119C80CB0C400871CB98FDCB738870F1FD64A93E5CB974F4C4C989EDDB2658BF66CE75F3D6B6D3B763EA7AD7C6868C8F8A2F57AFDF6DB6FD79EBAEEBAEB288C3A41662033C012031C72CDDCF7EB9EB5D69773DF019B398D4FF5668BC87D8AA25C76D9655A09B264C992CF7CE633C62A2493C9684F3DF5F433BE5745478E1ED5569E4824F457DCBE7DBBFE971EC583C1C1C11EFCB1C710F3EB387273C87B4A02ADDCE70A7D7AEB0332035C6280434E1CC3172EBCED6F33E52CD35336739AE6B77CB6DD9C36AFD28D46EE138CFFA44C58B66CD91D77DCA17D615EFF4EFEDE97F6F95E1589A6BFA878AD4AA5F2A94F7DCAD893A1A12163C18445F0F120B239544D132D0F70E3AFC689C6072E7385CD0332035C628043AE99148EFBDB8CEB34ADBFF5299733BB799536D9D0E7ADD35F51FF8E155AE90593FB7F79E6A9E9EB6714BAC797C3C471E5962F34D02615B47B60DF5BC7C51DD7E069936527757417031C72CD5CF096BF4D5BA7E9E7A509D13CBFE574CBD5B65B567FB61B5B64F9BAB2874EBEABAFBE5ADFF9D92651A3542A15F1543299D4A6FFE2D0A16E5445FACD32B5F9DF67BFF4A52F7DE2139FD03BB37CF9F2542A257BF7F4375F8EA3762B693D5A8D735AA688D6E3DD266FD8E70AC70E90196083010EB9662E38E66FD3D669FC697ACAF8AB718AE9577D4A9B5468B15AD3DA7CDF34E3CA650F9D64FA77EF4501F4B5AF7D4DFC2C140AFAB3FA259C1D3B9FF3BD243AF1DE496DE5C63F59542A9556AD5A75FDF5D76B4F2D5DBAD4F73F7E1D29BE1C3EED56623C605B93804DDEB07FE0982B2C67F637579019428F010EB9663AF895BF4D5BA7F1A73E5DFFD5F4D8B4B8E553368FF5D7BA34D9F9BC5DA64ECA1E3AC9DE7CF3CD582C96C9641289C4F0F0B028928CCFE6F3796D14FEE191477CAF8A7E71E890B672D3052151068D8C8CAC5CB9524C173FA7A6A67ABB4B42C59723A8DD4A5A0F799B63DC7844B7CEE9355758AE9CCC00F718E090935515B9499D175A0A1DCBA2C7728AE39AC97D9D2B168BE3E3E3965F801F1D1DD50665F3E6AFFA5E153DB46D9BB6F25C2ED7FAD2A23FA257A26F5DDFFE50F3AB2A7273FCB63B5ADB153196AB729F2BBA9A22C80CA1C700875C3329BCE96FD3D669FCD9FAABF6B84D0A33AFCAE6B1E56A5BE7EFC636CA1EBA40AB542ADA68C6E3F1D3D367FCAD8AD6AD5BA7AD5C543FB23734B4BA7AF8582681D69C6079ECBB99D22E21B42607DF3793CC107A0C70C83592C242D5DFA6ADB3F5A7F18169669B5FDB164F56AF68F342BE6FA3ECA10BBA4422A18DC8C4C4133E9644FA1F2B124CB7EDE023DF8F20E30AED576E93256C52819B5CD19A1FBAB199B2870EDDC500875C3329BCD18DA6AFD9F812AD2F679A62F3ABCD7A5A7FEDDE76E92F217BE8826E7878581B88356BD6F878B9E82BB7DCA2AD369BCDCADEC430F3E508D256E2980A4C07AC6596B03FE45DE60A534F8CABF52B639019428F010EB9662EF8A5EF4D5B6DEBCA4D531C6758C453FAE32E6D9ABE72D9431774F57A5DFFAB427EFDDF8F5D2FBCA85F00E0C3D45DE5CBE16399078C133FAA4B1CB284A74461F3AC313998FAE657BA2033841E031C72CD5C70D4DF665CA7E971BBA75A9FB55FADE553AD6BE8C6D6E96B963D747D606C6C4C1B94582CD6F957F48F1C3DAA97595BB66C91BD7121D7F9B1D37AECEBDACDDFCA7106CBB5B59BA84FB7EC1B99016E30C021D7CC0547685E1BB9CFA5A1A121ED94230A9A4EFECEF5E9E9336BD6ACD157C5FF38EB36320399019618E0906BE6BED7695E1BB9CFA56AB51A8FC7F56A6671FF16EDD85BC7F59228168B95CB65D99B157E640632032C31C02147EE23F7759B2862F49B14A2A6F1FA771D77BDF0A2F1DFD08E8D8DC9DEA048203390196089010E39710C2F2C1CA6796DE43E4F8AC5A27EC568A0F9ADB4A79E7EC6CD25A2DB366D327E828492A867C80C640658628043AE99FB5EA3796DE43EAF2A958AFE2F63F5DAE881071E6CFDF7B1A218FA87471ED9B871A37166515471E3AC97C80C640658628043AE99FB2A34AF8DDCB708F57A7D646444FF77F7266BD7AE6DF7542E97E3E3D53D46662033C012031C72CDDCF72ACD6B23F72D9AA86FF4FF1DEB289D4E4F4E4ECAEE72149119C80CB0C400879C78777EEEDCFE858557689E1AB9AF438AA2140A05511EA552295325944824B2D9ECF6EDDBB93E24119981CC004B0C70C88933D01B6FFC7461E110CD5323F721DCC80C6406586280432E93C9FCA4B47D41FD05CD7D7BB5F2E36432297BE8802E223390196089AA28E44647478787EF909E4DFAABFDF3F843F97C5EF6D0015D44662033C0125551C855ABD564F293E794BD0BEA419ACB96CDDE5C2C16650F1DD045640632032C511585DF48C39605F5659A9BF6EF85BFCDE532B2070DE83A32039901ADA88AC24F519474FA739393FFAAAA0768F6AD56DB29DE40D7EBBB640F1AD075640632035A51154542A55249A56EA8548AAA3A456BD744E213278972F951D9C305F4089981CC0013AAA2A8989C9C14E96F74F4CF54753FADB5158BDF4D2613E5F23FC91E28A0A7C80C64061851154588A228C3C3F974FAA6F1F1BFAAD59E55D57DB47AFDBF0B85BFC9E53666B369F158F61001129019C80CD05115454EB95CCEE7FF6870F0B75CFE4F86708BC797E7721B44FA933D2C80646406233243645115411AFEF20780566406484455043976EFDE2DDE90D5EB75D91D01102C03FC570DC843F0418E952B578ADCF7A77FFAA7B23B022058A88A2011C107091E7EF861EDE6FD75D75D37353525BB3B000284AA0812117CE8B57ABD1E8BC5B4AAE88A2BAEB8E9A69B64F708408050154122820FBD96CD668DDFF558B972E5F8F8B8EC4E01080AAA224844F0A1A7EAF57AEB9760AFBFFE7A455164770D402050154122820F3DF5E8A38F6A95D08D37DEA857459FFEF4A7CBE5B2ECAE010804AA224844F0A1A77EF6B39F5D75D5558944221E8F8BDC37D874EDB5D7521501D050154122820FBD36353555AD56D58F729F78CCD7D000E8A88A2011C10769C87D005A91192011C10769C87D005A91192011C10769C87D005A91192011C10769C87D005A91192011C10769C87D005A91192011C10769C87D005A91192011C10769C87D005A91192011C10769C87D005A91192011C10769C87D005A91192011C10769C87D005A91192011C10769C87D005A91192011C10769C87D005A91192011C10769C87D005A91192011C10769C87D005A91192011C10769C87D005A91192011C10769C87D005A91192011C10769C87D005A91192011C10769C87D005A91192011C10769C87D005A91192011C10769C87D005A91192011C10769C87D005A91192011C10769C87D005A91192011C10769C87D005A91192011C1076962B198A228B27B012058A88A2011C10769128944B55A95DD0B00C142550489083E48934AA5A6A6A664F7024080D46AB5C1C141D9BD40745115419A743A5D2E9765F702C1C5358308AA56AB894442762F105D241D4893CFE7C7C7C765F702BD3360CB711EB99D476F944AA54C2623BB17882E120DA4112591288C64F702BD6353D9989E32FE4A3D1429234DB27B81E822DD409A4AA5924C2665F702BDA3D537961781DA3DC5E5A2A8C96432A55249762F105D6419C8C407AE23C5E5B5A2D6D9A88722A256AB251209FE60072422D740A6B1B1B1AD5BB7CAEE057AC4F15A913E1B5789A2898400E9C8359049BC29146F0DC51B44D91D412FB416409613B956144D64030401B9069295CBE5743A2DBB17E805F75511D78A22882FA52208C835906F646484CBE651E0F20E9A697E44C1D8D8D8962D5B64F702A02A42300C0F0F6732997ABD2EBB23E822379FB6361549AD0F10328AA2E4F3794A220404890641512A951289C4C8C8081F2C08AB4554453613D1EFC4BBA0B1B13171D473E30CC141964180882C29AA22912533998C78C0FF03099976B7C9DC7C13ADDDE2E83BE2B81E1D1DCD66B3E248DFBA752BEF8210286419048EA228A552495445E974DAF283B700FA9738AE8787878BC52277CC114054450000000D54450000000D54450000000D54450000000D54450000000DFF0F0F7841E85327C38D0000000049454E44AE426082, '0');
INSERT INTO `act_ge_bytearray` VALUES ('353', '1', '报销流程/baoxiaoprocess.bpmn', '351', 0x3C3F786D6C2076657273696F6E3D22312E302220656E636F64696E673D225554462D38223F3E0A3C646566696E6974696F6E7320786D6C6E733D22687474703A2F2F7777772E6F6D672E6F72672F737065632F42504D4E2F32303130303532342F4D4F44454C2220786D6C6E733A7873693D22687474703A2F2F7777772E77332E6F72672F323030312F584D4C536368656D612D696E7374616E63652220786D6C6E733A7873643D22687474703A2F2F7777772E77332E6F72672F323030312F584D4C536368656D612220786D6C6E733A61637469766974693D22687474703A2F2F61637469766974692E6F72672F62706D6E2220786D6C6E733A62706D6E64693D22687474703A2F2F7777772E6F6D672E6F72672F737065632F42504D4E2F32303130303532342F44492220786D6C6E733A6F6D6764633D22687474703A2F2F7777772E6F6D672E6F72672F737065632F44442F32303130303532342F44432220786D6C6E733A6F6D6764693D22687474703A2F2F7777772E6F6D672E6F72672F737065632F44442F32303130303532342F44492220747970654C616E67756167653D22687474703A2F2F7777772E77332E6F72672F323030312F584D4C536368656D61222065787072657373696F6E4C616E67756167653D22687474703A2F2F7777772E77332E6F72672F313939392F585061746822207461726765744E616D6573706163653D22687474703A2F2F7777772E61637469766974692E6F72672F74657374223E0A20203C70726F636573732069643D2262616F7869616F70726F6365737322206E616D653D2262616F7869616F50726F636573732220697345786563757461626C653D2274727565223E0A202020203C73746172744576656E742069643D2273746172746576656E743122206E616D653D225374617274223E3C2F73746172744576656E743E0A202020203C757365725461736B2069643D22757365727461736B3122206E616D653D22E59198E5B7A5E794B3E8AFB7E68AA5E99480222061637469766974693A61737369676E65653D22247B696E707574557365727D223E3C2F757365725461736B3E0A202020203C73657175656E6365466C6F772069643D22666C6F77312220736F757263655265663D2273746172746576656E743122207461726765745265663D22757365727461736B31223E3C2F73657175656E6365466C6F773E0A202020203C757365725461736B2069643D22757365727461736B3222206E616D653D22E983A8E997A8E7BB8FE79086E5AEA1E689B9223E0A2020202020203C657874656E73696F6E456C656D656E74733E0A20202020202020203C61637469766974693A7461736B4C697374656E6572206576656E743D226372656174652220636C6173733D226F72672E64657369676E2E7574696C732E4D616E616765725461736B48616E646C6572223E3C2F61637469766974693A7461736B4C697374656E65723E0A2020202020203C2F657874656E73696F6E456C656D656E74733E0A202020203C2F757365725461736B3E0A202020203C73657175656E6365466C6F772069643D22666C6F77322220736F757263655265663D22757365727461736B3122207461726765745265663D22757365727461736B32223E3C2F73657175656E6365466C6F773E0A202020203C656E644576656E742069643D22656E646576656E743122206E616D653D22456E64223E3C2F656E644576656E743E0A202020203C73657175656E6365466C6F772069643D22666C6F773322206E616D653D22E4B88DE5908CE6848F2220736F757263655265663D22757365727461736B3222207461726765745265663D22656E646576656E7431223E0A2020202020203C636F6E646974696F6E45787072657373696F6E207873693A747970653D2274466F726D616C45787072657373696F6E223E3C215B43444154415B247B6D6573736167653D3D27E4B88DE5908CE6848F277D5D5D3E3C2F636F6E646974696F6E45787072657373696F6E3E0A202020203C2F73657175656E6365466C6F773E0A202020203C757365725461736B2069643D22757365727461736B3322206E616D653D22E8B4A2E58AA1E5AEA1E6A0B8222061637469766974693A61737369676E65653D227A68616E67223E3C2F757365725461736B3E0A202020203C73657175656E6365466C6F772069643D22666C6F773422206E616D653D22E98791E9A29DE5B08FE4BA8EE7AD89E4BA8E353030302220736F757263655265663D22757365727461736B3222207461726765745265663D22757365727461736B33223E0A2020202020203C636F6E646974696F6E45787072657373696F6E207873693A747970653D2274466F726D616C45787072657373696F6E223E3C215B43444154415B247B6D6573736167653D3D27E98791E9A29DE5B08FE4BA8EE7AD89E4BA8E35303030277D5D5D3E3C2F636F6E646974696F6E45787072657373696F6E3E0A202020203C2F73657175656E6365466C6F773E0A202020203C73657175656E6365466C6F772069643D22666C6F77352220736F757263655265663D22757365727461736B3322207461726765745265663D22656E646576656E7431223E3C2F73657175656E6365466C6F773E0A202020203C757365725461736B2069643D22757365727461736B3422206E616D653D22E680BBE7BB8FE79086E5AEA1E689B9223E0A2020202020203C657874656E73696F6E456C656D656E74733E0A20202020202020203C61637469766974693A7461736B4C697374656E6572206576656E743D226372656174652220636C6173733D226F72672E64657369676E2E7574696C732E4D616E616765725461736B48616E646C6572223E3C2F61637469766974693A7461736B4C697374656E65723E0A2020202020203C2F657874656E73696F6E456C656D656E74733E0A202020203C2F757365725461736B3E0A202020203C73657175656E6365466C6F772069643D22666C6F773622206E616D653D22E98791E9A29DE5A4A7E4BA8E353030302220736F757263655265663D22757365727461736B3222207461726765745265663D22757365727461736B34223E0A2020202020203C636F6E646974696F6E45787072657373696F6E207873693A747970653D2274466F726D616C45787072657373696F6E223E3C215B43444154415B247B6D6573736167653D3D27E98791E9A29DE5A4A7E4BA8E35303030277D5D5D3E3C2F636F6E646974696F6E45787072657373696F6E3E0A202020203C2F73657175656E6365466C6F773E0A202020203C73657175656E6365466C6F772069643D22666C6F773722206E616D653D22E4B88DE5908CE6848F2220736F757263655265663D22757365727461736B3422207461726765745265663D22656E646576656E7431223E0A2020202020203C636F6E646974696F6E45787072657373696F6E207873693A747970653D2274466F726D616C45787072657373696F6E223E3C215B43444154415B247B6D6573736167653D3D27E4B88DE5908CE6848F277D5D5D3E3C2F636F6E646974696F6E45787072657373696F6E3E0A202020203C2F73657175656E6365466C6F773E0A202020203C73657175656E6365466C6F772069643D22666C6F773822206E616D653D22E5908CE6848F2220736F757263655265663D22757365727461736B3422207461726765745265663D22757365727461736B33223E0A2020202020203C636F6E646974696F6E45787072657373696F6E207873693A747970653D2274466F726D616C45787072657373696F6E223E3C215B43444154415B247B6D6573736167653D3D27E5908CE6848F277D5D5D3E3C2F636F6E646974696F6E45787072657373696F6E3E0A202020203C2F73657175656E6365466C6F773E0A202020203C73657175656E6365466C6F772069643D22666C6F773922206E616D653D22E9A9B3E59B9E2220736F757263655265663D22757365727461736B3222207461726765745265663D22757365727461736B31223E0A2020202020203C636F6E646974696F6E45787072657373696F6E207873693A747970653D2274466F726D616C45787072657373696F6E223E3C215B43444154415B247B6D6573736167653D3D27E9A9B3E59B9E277D5D5D3E3C2F636F6E646974696F6E45787072657373696F6E3E0A202020203C2F73657175656E6365466C6F773E0A202020203C73657175656E6365466C6F772069643D22666C6F77313022206E616D653D22E9A9B3E59B9E2220736F757263655265663D22757365727461736B3422207461726765745265663D22757365727461736B31223E0A2020202020203C636F6E646974696F6E45787072657373696F6E207873693A747970653D2274466F726D616C45787072657373696F6E223E3C215B43444154415B247B6D6573736167653D3D27E9A9B3E59B9E277D5D5D3E3C2F636F6E646974696F6E45787072657373696F6E3E0A202020203C2F73657175656E6365466C6F773E0A20203C2F70726F636573733E0A20203C62706D6E64693A42504D4E4469616772616D2069643D2242504D4E4469616772616D5F62616F7869616F223E0A202020203C62706D6E64693A42504D4E506C616E652062706D6E456C656D656E743D2262616F7869616F222069643D2242504D4E506C616E655F62616F7869616F223E0A2020202020203C62706D6E64693A42504D4E53686170652062706D6E456C656D656E743D2273746172746576656E7431222069643D2242504D4E53686170655F73746172746576656E7431223E0A20202020202020203C6F6D6764633A426F756E6473206865696768743D2233352E30222077696474683D2233352E302220783D223336302E302220793D2235302E30223E3C2F6F6D6764633A426F756E64733E0A2020202020203C2F62706D6E64693A42504D4E53686170653E0A2020202020203C62706D6E64693A42504D4E53686170652062706D6E456C656D656E743D22757365727461736B31222069643D2242504D4E53686170655F757365727461736B31223E0A20202020202020203C6F6D6764633A426F756E6473206865696768743D2235352E30222077696474683D223130352E302220783D223332352E302220793D223135302E30223E3C2F6F6D6764633A426F756E64733E0A2020202020203C2F62706D6E64693A42504D4E53686170653E0A2020202020203C62706D6E64693A42504D4E53686170652062706D6E456C656D656E743D22757365727461736B32222069643D2242504D4E53686170655F757365727461736B32223E0A20202020202020203C6F6D6764633A426F756E6473206865696768743D2235352E30222077696474683D223130352E302220783D223332352E302220793D223236302E30223E3C2F6F6D6764633A426F756E64733E0A2020202020203C2F62706D6E64693A42504D4E53686170653E0A2020202020203C62706D6E64693A42504D4E53686170652062706D6E456C656D656E743D22656E646576656E7431222069643D2242504D4E53686170655F656E646576656E7431223E0A20202020202020203C6F6D6764633A426F756E6473206865696768743D2233352E30222077696474683D2233352E302220783D223336302E302220793D223338302E30223E3C2F6F6D6764633A426F756E64733E0A2020202020203C2F62706D6E64693A42504D4E53686170653E0A2020202020203C62706D6E64693A42504D4E53686170652062706D6E456C656D656E743D22757365727461736B33222069643D2242504D4E53686170655F757365727461736B33223E0A20202020202020203C6F6D6764633A426F756E6473206865696768743D2235352E30222077696474683D223130352E302220783D223136302E302220793D223337302E30223E3C2F6F6D6764633A426F756E64733E0A2020202020203C2F62706D6E64693A42504D4E53686170653E0A2020202020203C62706D6E64693A42504D4E53686170652062706D6E456C656D656E743D22757365727461736B34222069643D2242504D4E53686170655F757365727461736B34223E0A20202020202020203C6F6D6764633A426F756E6473206865696768743D2235352E30222077696474683D223130352E302220783D223531302E302220793D223337302E30223E3C2F6F6D6764633A426F756E64733E0A2020202020203C2F62706D6E64693A42504D4E53686170653E0A2020202020203C62706D6E64693A42504D4E456467652062706D6E456C656D656E743D22666C6F7731222069643D2242504D4E456467655F666C6F7731223E0A20202020202020203C6F6D6764693A776179706F696E7420783D223337372E302220793D2238352E30223E3C2F6F6D6764693A776179706F696E743E0A20202020202020203C6F6D6764693A776179706F696E7420783D223337372E302220793D223135302E30223E3C2F6F6D6764693A776179706F696E743E0A2020202020203C2F62706D6E64693A42504D4E456467653E0A2020202020203C62706D6E64693A42504D4E456467652062706D6E456C656D656E743D22666C6F7732222069643D2242504D4E456467655F666C6F7732223E0A20202020202020203C6F6D6764693A776179706F696E7420783D223337372E302220793D223230352E30223E3C2F6F6D6764693A776179706F696E743E0A20202020202020203C6F6D6764693A776179706F696E7420783D223337372E302220793D223236302E30223E3C2F6F6D6764693A776179706F696E743E0A2020202020203C2F62706D6E64693A42504D4E456467653E0A2020202020203C62706D6E64693A42504D4E456467652062706D6E456C656D656E743D22666C6F7733222069643D2242504D4E456467655F666C6F7733223E0A20202020202020203C6F6D6764693A776179706F696E7420783D223337372E302220793D223331352E30223E3C2F6F6D6764693A776179706F696E743E0A20202020202020203C6F6D6764693A776179706F696E7420783D223337372E302220793D223338302E30223E3C2F6F6D6764693A776179706F696E743E0A20202020202020203C62706D6E64693A42504D4E4C6162656C3E0A202020202020202020203C6F6D6764633A426F756E6473206865696768743D2231342E30222077696474683D2233362E302220783D223337372E302220793D223332382E30223E3C2F6F6D6764633A426F756E64733E0A20202020202020203C2F62706D6E64693A42504D4E4C6162656C3E0A2020202020203C2F62706D6E64693A42504D4E456467653E0A2020202020203C62706D6E64693A42504D4E456467652062706D6E456C656D656E743D22666C6F7734222069643D2242504D4E456467655F666C6F7734223E0A20202020202020203C6F6D6764693A776179706F696E7420783D223337372E302220793D223331352E30223E3C2F6F6D6764693A776179706F696E743E0A20202020202020203C6F6D6764693A776179706F696E7420783D223231322E302220793D223337302E30223E3C2F6F6D6764693A776179706F696E743E0A20202020202020203C62706D6E64693A42504D4E4C6162656C3E0A202020202020202020203C6F6D6764633A426F756E6473206865696768743D2231342E30222077696474683D2239362E302220783D223235322E302220793D223332392E30223E3C2F6F6D6764633A426F756E64733E0A20202020202020203C2F62706D6E64693A42504D4E4C6162656C3E0A2020202020203C2F62706D6E64693A42504D4E456467653E0A2020202020203C62706D6E64693A42504D4E456467652062706D6E456C656D656E743D22666C6F7735222069643D2242504D4E456467655F666C6F7735223E0A20202020202020203C6F6D6764693A776179706F696E7420783D223236352E302220793D223339372E30223E3C2F6F6D6764693A776179706F696E743E0A20202020202020203C6F6D6764693A776179706F696E7420783D223336302E302220793D223339372E30223E3C2F6F6D6764693A776179706F696E743E0A2020202020203C2F62706D6E64693A42504D4E456467653E0A2020202020203C62706D6E64693A42504D4E456467652062706D6E456C656D656E743D22666C6F7736222069643D2242504D4E456467655F666C6F7736223E0A20202020202020203C6F6D6764693A776179706F696E7420783D223337372E302220793D223331352E30223E3C2F6F6D6764693A776179706F696E743E0A20202020202020203C6F6D6764693A776179706F696E7420783D223536322E302220793D223337302E30223E3C2F6F6D6764693A776179706F696E743E0A20202020202020203C62706D6E64693A42504D4E4C6162656C3E0A202020202020202020203C6F6D6764633A426F756E6473206865696768743D2231342E30222077696474683D2237322E302220783D223432392E302220793D223332392E30223E3C2F6F6D6764633A426F756E64733E0A20202020202020203C2F62706D6E64693A42504D4E4C6162656C3E0A2020202020203C2F62706D6E64693A42504D4E456467653E0A2020202020203C62706D6E64693A42504D4E456467652062706D6E456C656D656E743D22666C6F7737222069643D2242504D4E456467655F666C6F7737223E0A20202020202020203C6F6D6764693A776179706F696E7420783D223531302E302220793D223339372E30223E3C2F6F6D6764693A776179706F696E743E0A20202020202020203C6F6D6764693A776179706F696E7420783D223339352E302220793D223339372E30223E3C2F6F6D6764693A776179706F696E743E0A20202020202020203C62706D6E64693A42504D4E4C6162656C3E0A202020202020202020203C6F6D6764633A426F756E6473206865696768743D2231342E30222077696474683D2233362E302220783D223432312E302220793D223338302E30223E3C2F6F6D6764633A426F756E64733E0A20202020202020203C2F62706D6E64693A42504D4E4C6162656C3E0A2020202020203C2F62706D6E64693A42504D4E456467653E0A2020202020203C62706D6E64693A42504D4E456467652062706D6E456C656D656E743D22666C6F7738222069643D2242504D4E456467655F666C6F7738223E0A20202020202020203C6F6D6764693A776179706F696E7420783D223536322E302220793D223432352E30223E3C2F6F6D6764693A776179706F696E743E0A20202020202020203C6F6D6764693A776179706F696E7420783D223536322E302220793D223437332E30223E3C2F6F6D6764693A776179706F696E743E0A20202020202020203C6F6D6764693A776179706F696E7420783D223337382E302220793D223437332E30223E3C2F6F6D6764693A776179706F696E743E0A20202020202020203C6F6D6764693A776179706F696E7420783D223231322E302220793D223437332E30223E3C2F6F6D6764693A776179706F696E743E0A20202020202020203C6F6D6764693A776179706F696E7420783D223231322E302220793D223432352E30223E3C2F6F6D6764693A776179706F696E743E0A20202020202020203C62706D6E64693A42504D4E4C6162656C3E0A202020202020202020203C6F6D6764633A426F756E6473206865696768743D2231342E30222077696474683D2232342E302220783D223337372E302220793D223435392E30223E3C2F6F6D6764633A426F756E64733E0A20202020202020203C2F62706D6E64693A42504D4E4C6162656C3E0A2020202020203C2F62706D6E64693A42504D4E456467653E0A2020202020203C62706D6E64693A42504D4E456467652062706D6E456C656D656E743D22666C6F7739222069643D2242504D4E456467655F666C6F7739223E0A20202020202020203C6F6D6764693A776179706F696E7420783D223332352E302220793D223238372E30223E3C2F6F6D6764693A776179706F696E743E0A20202020202020203C6F6D6764693A776179706F696E7420783D223236382E302220793D223238342E30223E3C2F6F6D6764693A776179706F696E743E0A20202020202020203C6F6D6764693A776179706F696E7420783D223236382E302220793D223137372E30223E3C2F6F6D6764693A776179706F696E743E0A20202020202020203C6F6D6764693A776179706F696E7420783D223332352E302220793D223137372E30223E3C2F6F6D6764693A776179706F696E743E0A20202020202020203C62706D6E64693A42504D4E4C6162656C3E0A202020202020202020203C6F6D6764633A426F756E6473206865696768743D2231342E30222077696474683D2232342E302220783D223237382E302220793D223232312E30223E3C2F6F6D6764633A426F756E64733E0A20202020202020203C2F62706D6E64693A42504D4E4C6162656C3E0A2020202020203C2F62706D6E64693A42504D4E456467653E0A2020202020203C62706D6E64693A42504D4E456467652062706D6E456C656D656E743D22666C6F773130222069643D2242504D4E456467655F666C6F773130223E0A20202020202020203C6F6D6764693A776179706F696E7420783D223536322E302220793D223337302E30223E3C2F6F6D6764693A776179706F696E743E0A20202020202020203C6F6D6764693A776179706F696E7420783D223536322E302220793D223137372E30223E3C2F6F6D6764693A776179706F696E743E0A20202020202020203C6F6D6764693A776179706F696E7420783D223433302E302220793D223137372E30223E3C2F6F6D6764693A776179706F696E743E0A20202020202020203C62706D6E64693A42504D4E4C6162656C3E0A202020202020202020203C6F6D6764633A426F756E6473206865696768743D2231342E30222077696474683D2232342E302220783D223533302E302220793D223234362E30223E3C2F6F6D6764633A426F756E64733E0A20202020202020203C2F62706D6E64693A42504D4E4C6162656C3E0A2020202020203C2F62706D6E64693A42504D4E456467653E0A202020203C2F62706D6E64693A42504D4E506C616E653E0A20203C2F62706D6E64693A42504D4E4469616772616D3E0A3C2F646566696E6974696F6E733E, '0');

-- ----------------------------
-- Table structure for act_ge_property
-- ----------------------------
DROP TABLE IF EXISTS `act_ge_property`;
CREATE TABLE `act_ge_property` (
  `NAME_` varchar(64) COLLATE utf8_bin NOT NULL DEFAULT '',
  `VALUE_` varchar(300) COLLATE utf8_bin DEFAULT NULL,
  `REV_` int(11) DEFAULT NULL,
  PRIMARY KEY (`NAME_`)
) ENGINE=InnoDB DEFAULT CHARSET=utf8 COLLATE=utf8_bin;

-- ----------------------------
-- Records of act_ge_property
-- ----------------------------
INSERT INTO `act_ge_property` VALUES ('next.dbid', '701', '8');
INSERT INTO `act_ge_property` VALUES ('schema.history', 'create(5.14)', '1');
INSERT INTO `act_ge_property` VALUES ('schema.version', '5.14', '1');

-- ----------------------------
-- Table structure for act_hi_actinst
-- ----------------------------
DROP TABLE IF EXISTS `act_hi_actinst`;
CREATE TABLE `act_hi_actinst` (
  `ID_` varchar(64) COLLATE utf8_bin NOT NULL,
  `PROC_DEF_ID_` varchar(64) COLLATE utf8_bin NOT NULL,
  `PROC_INST_ID_` varchar(64) COLLATE utf8_bin NOT NULL,
  `EXECUTION_ID_` varchar(64) COLLATE utf8_bin NOT NULL,
  `ACT_ID_` varchar(255) COLLATE utf8_bin NOT NULL,
  `TASK_ID_` varchar(64) COLLATE utf8_bin DEFAULT NULL,
  `CALL_PROC_INST_ID_` varchar(64) COLLATE utf8_bin DEFAULT NULL,
  `ACT_NAME_` varchar(255) COLLATE utf8_bin DEFAULT NULL,
  `ACT_TYPE_` varchar(255) COLLATE utf8_bin NOT NULL,
  `ASSIGNEE_` varchar(255) COLLATE utf8_bin DEFAULT NULL,
  `START_TIME_` datetime NOT NULL,
  `END_TIME_` datetime DEFAULT NULL,
  `DURATION_` bigint(20) DEFAULT NULL,
  PRIMARY KEY (`ID_`),
  KEY `ACT_IDX_HI_ACT_INST_START` (`START_TIME_`),
  KEY `ACT_IDX_HI_ACT_INST_END` (`END_TIME_`),
  KEY `ACT_IDX_HI_ACT_INST_PROCINST` (`PROC_INST_ID_`,`ACT_ID_`),
  KEY `ACT_IDX_HI_ACT_INST_EXEC` (`EXECUTION_ID_`,`ACT_ID_`)
) ENGINE=InnoDB DEFAULT CHARSET=utf8 COLLATE=utf8_bin;

-- ----------------------------
-- Records of act_hi_actinst
-- ----------------------------
INSERT INTO `act_hi_actinst` VALUES ('317', 'AbsenceProcess:1:308', '316', '316', 'startevent1', null, null, 'Start', 'startEvent', null, '2021-02-09 23:07:36', '2021-02-09 23:07:36', '0');
INSERT INTO `act_hi_actinst` VALUES ('320', 'AbsenceProcess:1:308', '316', '316', 'usertask1', '321', null, '员工申请请假', 'userTask', 'lee', '2021-02-09 23:07:36', '2021-02-09 23:08:47', '70928');
INSERT INTO `act_hi_actinst` VALUES ('328', 'AbsenceProcess:1:308', '316', '316', 'usertask2', '329', null, 'HR部门经理审批', 'userTask', 'jack', '2021-02-09 23:08:47', '2021-02-09 23:10:09', '82213');
INSERT INTO `act_hi_actinst` VALUES ('333', 'AbsenceProcess:1:308', '316', '316', 'usertask4', '334', null, '总经理审批', 'userTask', 'danny', '2021-02-09 23:10:09', '2021-02-09 23:14:16', '247135');
INSERT INTO `act_hi_actinst` VALUES ('342', 'AbsenceProcess:1:308', '316', '316', 'usertask3', '343', null, 'HR审批', 'userTask', 'chen', '2021-02-09 23:14:16', '2021-02-09 23:16:51', '155145');
INSERT INTO `act_hi_actinst` VALUES ('350', 'AbsenceProcess:1:308', '316', '316', 'endevent1', null, null, 'End', 'endEvent', null, '2021-02-09 23:16:51', '2021-02-09 23:16:51', '0');
INSERT INTO `act_hi_actinst` VALUES ('356', 'baoxiaoprocess:1:354', '355', '355', 'startevent1', null, null, 'Start', 'startEvent', null, '2021-02-09 23:18:38', '2021-02-09 23:18:38', '1');
INSERT INTO `act_hi_actinst` VALUES ('359', 'baoxiaoprocess:1:354', '355', '355', 'usertask1', '360', null, '员工申请报销', 'userTask', 'lee', '2021-02-09 23:18:38', '2021-02-09 23:18:43', '4604');
INSERT INTO `act_hi_actinst` VALUES ('363', 'baoxiaoprocess:1:354', '355', '355', 'usertask2', '364', null, '部门经理审批', 'userTask', 'jack', '2021-02-09 23:18:43', '2021-02-09 23:19:23', '40219');
INSERT INTO `act_hi_actinst` VALUES ('368', 'baoxiaoprocess:1:354', '355', '355', 'usertask4', '369', null, '总经理审批', 'userTask', 'danny', '2021-02-09 23:19:23', '2021-02-09 23:19:47', '23926');
INSERT INTO `act_hi_actinst` VALUES ('372', 'baoxiaoprocess:1:354', '355', '355', 'usertask3', '373', null, '财务审核', 'userTask', 'zhang', '2021-02-09 23:19:47', '2021-02-09 23:35:56', '968838');
INSERT INTO `act_hi_actinst` VALUES ('604', 'baoxiaoprocess:1:354', '355', '355', 'endevent1', null, null, 'End', 'endEvent', null, '2021-02-09 23:35:56', '2021-02-09 23:35:56', '0');

-- ----------------------------
-- Table structure for act_hi_attachment
-- ----------------------------
DROP TABLE IF EXISTS `act_hi_attachment`;
CREATE TABLE `act_hi_attachment` (
  `ID_` varchar(64) COLLATE utf8_bin NOT NULL,
  `REV_` int(11) DEFAULT NULL,
  `USER_ID_` varchar(255) COLLATE utf8_bin DEFAULT NULL,
  `NAME_` varchar(255) COLLATE utf8_bin DEFAULT NULL,
  `DESCRIPTION_` varchar(4000) COLLATE utf8_bin DEFAULT NULL,
  `TYPE_` varchar(255) COLLATE utf8_bin DEFAULT NULL,
  `TASK_ID_` varchar(64) COLLATE utf8_bin DEFAULT NULL,
  `PROC_INST_ID_` varchar(64) COLLATE utf8_bin DEFAULT NULL,
  `URL_` varchar(4000) COLLATE utf8_bin DEFAULT NULL,
  `CONTENT_ID_` varchar(64) COLLATE utf8_bin DEFAULT NULL,
  PRIMARY KEY (`ID_`)
) ENGINE=InnoDB DEFAULT CHARSET=utf8 COLLATE=utf8_bin;

-- ----------------------------
-- Records of act_hi_attachment
-- ----------------------------

-- ----------------------------
-- Table structure for act_hi_comment
-- ----------------------------
DROP TABLE IF EXISTS `act_hi_comment`;
CREATE TABLE `act_hi_comment` (
  `ID_` varchar(64) COLLATE utf8_bin NOT NULL,
  `TYPE_` varchar(255) COLLATE utf8_bin DEFAULT NULL,
  `TIME_` datetime NOT NULL,
  `USER_ID_` varchar(255) COLLATE utf8_bin DEFAULT NULL,
  `TASK_ID_` varchar(64) COLLATE utf8_bin DEFAULT NULL,
  `PROC_INST_ID_` varchar(64) COLLATE utf8_bin DEFAULT NULL,
  `ACTION_` varchar(255) COLLATE utf8_bin DEFAULT NULL,
  `MESSAGE_` varchar(4000) COLLATE utf8_bin DEFAULT NULL,
  `FULL_MSG_` longblob,
  PRIMARY KEY (`ID_`)
) ENGINE=InnoDB DEFAULT CHARSET=utf8 COLLATE=utf8_bin;

-- ----------------------------
-- Records of act_hi_comment
-- ----------------------------
INSERT INTO `act_hi_comment` VALUES ('327', 'comment', '2021-02-09 23:08:47', 'lee', '321', '316', 'AddComment', '1', 0x31);
INSERT INTO `act_hi_comment` VALUES ('331', 'comment', '2021-02-09 23:10:09', 'jack', '329', '316', 'AddComment', '1', 0x31);
INSERT INTO `act_hi_comment` VALUES ('341', 'comment', '2021-02-09 23:14:16', 'danny', '334', '316', 'AddComment', '完美', 0xE5AE8CE7BE8E);
INSERT INTO `act_hi_comment` VALUES ('349', 'comment', '2021-02-09 23:16:51', 'chen', '343', '316', 'AddComment', '1', 0x31);
INSERT INTO `act_hi_comment` VALUES ('362', 'comment', '2021-02-09 23:18:43', 'lee', '360', '355', 'AddComment', '1', 0x31);
INSERT INTO `act_hi_comment` VALUES ('366', 'comment', '2021-02-09 23:19:23', 'jack', '364', '355', 'AddComment', '1', 0x31);
INSERT INTO `act_hi_comment` VALUES ('371', 'comment', '2021-02-09 23:19:47', 'danny', '369', '355', 'AddComment', '1', 0x31);
INSERT INTO `act_hi_comment` VALUES ('603', 'comment', '2021-02-09 23:35:56', 'zhang', '373', '355', 'AddComment', '2', 0x32);

-- ----------------------------
-- Table structure for act_hi_detail
-- ----------------------------
DROP TABLE IF EXISTS `act_hi_detail`;
CREATE TABLE `act_hi_detail` (
  `ID_` varchar(64) COLLATE utf8_bin NOT NULL,
  `TYPE_` varchar(255) COLLATE utf8_bin NOT NULL,
  `PROC_INST_ID_` varchar(64) COLLATE utf8_bin DEFAULT NULL,
  `EXECUTION_ID_` varchar(64) COLLATE utf8_bin DEFAULT NULL,
  `TASK_ID_` varchar(64) COLLATE utf8_bin DEFAULT NULL,
  `ACT_INST_ID_` varchar(64) COLLATE utf8_bin DEFAULT NULL,
  `NAME_` varchar(255) COLLATE utf8_bin NOT NULL,
  `VAR_TYPE_` varchar(255) COLLATE utf8_bin DEFAULT NULL,
  `REV_` int(11) DEFAULT NULL,
  `TIME_` datetime NOT NULL,
  `BYTEARRAY_ID_` varchar(64) COLLATE utf8_bin DEFAULT NULL,
  `DOUBLE_` double DEFAULT NULL,
  `LONG_` bigint(20) DEFAULT NULL,
  `TEXT_` varchar(4000) COLLATE utf8_bin DEFAULT NULL,
  `TEXT2_` varchar(4000) COLLATE utf8_bin DEFAULT NULL,
  PRIMARY KEY (`ID_`),
  KEY `ACT_IDX_HI_DETAIL_PROC_INST` (`PROC_INST_ID_`),
  KEY `ACT_IDX_HI_DETAIL_ACT_INST` (`ACT_INST_ID_`),
  KEY `ACT_IDX_HI_DETAIL_TIME` (`TIME_`),
  KEY `ACT_IDX_HI_DETAIL_NAME` (`NAME_`),
  KEY `ACT_IDX_HI_DETAIL_TASK_ID` (`TASK_ID_`)
) ENGINE=InnoDB DEFAULT CHARSET=utf8 COLLATE=utf8_bin;

-- ----------------------------
-- Records of act_hi_detail
-- ----------------------------

-- ----------------------------
-- Table structure for act_hi_identitylink
-- ----------------------------
DROP TABLE IF EXISTS `act_hi_identitylink`;
CREATE TABLE `act_hi_identitylink` (
  `ID_` varchar(64) COLLATE utf8_bin NOT NULL DEFAULT '',
  `GROUP_ID_` varchar(255) COLLATE utf8_bin DEFAULT NULL,
  `TYPE_` varchar(255) COLLATE utf8_bin DEFAULT NULL,
  `USER_ID_` varchar(255) COLLATE utf8_bin DEFAULT NULL,
  `TASK_ID_` varchar(64) COLLATE utf8_bin DEFAULT NULL,
  `PROC_INST_ID_` varchar(64) COLLATE utf8_bin DEFAULT NULL,
  PRIMARY KEY (`ID_`),
  KEY `ACT_IDX_HI_IDENT_LNK_USER` (`USER_ID_`),
  KEY `ACT_IDX_HI_IDENT_LNK_TASK` (`TASK_ID_`),
  KEY `ACT_IDX_HI_IDENT_LNK_PROCINST` (`PROC_INST_ID_`)
) ENGINE=InnoDB DEFAULT CHARSET=utf8 COLLATE=utf8_bin;

-- ----------------------------
-- Records of act_hi_identitylink
-- ----------------------------
INSERT INTO `act_hi_identitylink` VALUES ('322', null, 'participant', 'lee', null, '316');
INSERT INTO `act_hi_identitylink` VALUES ('330', null, 'participant', 'jack', null, '316');
INSERT INTO `act_hi_identitylink` VALUES ('335', null, 'participant', 'danny', null, '316');
INSERT INTO `act_hi_identitylink` VALUES ('344', null, 'participant', 'chen', null, '316');
INSERT INTO `act_hi_identitylink` VALUES ('361', null, 'participant', 'lee', null, '355');
INSERT INTO `act_hi_identitylink` VALUES ('365', null, 'participant', 'jack', null, '355');
INSERT INTO `act_hi_identitylink` VALUES ('370', null, 'participant', 'danny', null, '355');
INSERT INTO `act_hi_identitylink` VALUES ('374', null, 'participant', 'zhang', null, '355');

-- ----------------------------
-- Table structure for act_hi_procinst
-- ----------------------------
DROP TABLE IF EXISTS `act_hi_procinst`;
CREATE TABLE `act_hi_procinst` (
  `ID_` varchar(64) COLLATE utf8_bin NOT NULL,
  `PROC_INST_ID_` varchar(64) COLLATE utf8_bin NOT NULL,
  `BUSINESS_KEY_` varchar(255) COLLATE utf8_bin DEFAULT NULL,
  `PROC_DEF_ID_` varchar(64) COLLATE utf8_bin NOT NULL,
  `START_TIME_` datetime NOT NULL,
  `END_TIME_` datetime DEFAULT NULL,
  `DURATION_` bigint(20) DEFAULT NULL,
  `START_USER_ID_` varchar(255) COLLATE utf8_bin DEFAULT NULL,
  `START_ACT_ID_` varchar(255) COLLATE utf8_bin DEFAULT NULL,
  `END_ACT_ID_` varchar(255) COLLATE utf8_bin DEFAULT NULL,
  `SUPER_PROCESS_INSTANCE_ID_` varchar(64) COLLATE utf8_bin DEFAULT NULL,
  `DELETE_REASON_` varchar(4000) COLLATE utf8_bin DEFAULT NULL,
  PRIMARY KEY (`ID_`),
  UNIQUE KEY `PROC_INST_ID_` (`PROC_INST_ID_`),
  UNIQUE KEY `ACT_UNIQ_HI_BUS_KEY` (`PROC_DEF_ID_`,`BUSINESS_KEY_`),
  KEY `ACT_IDX_HI_PRO_INST_END` (`END_TIME_`),
  KEY `ACT_IDX_HI_PRO_I_BUSKEY` (`BUSINESS_KEY_`)
) ENGINE=InnoDB DEFAULT CHARSET=utf8 COLLATE=utf8_bin;

-- ----------------------------
-- Records of act_hi_procinst
-- ----------------------------
INSERT INTO `act_hi_procinst` VALUES ('316', '316', 'AbsenceProcess.41', 'AbsenceProcess:1:308', '2021-02-09 23:07:36', '2021-02-09 23:16:51', '555146', null, 'startevent1', 'endevent1', null, null);
INSERT INTO `act_hi_procinst` VALUES ('355', '355', 'baoxiaoprocess.39', 'baoxiaoprocess:1:354', '2021-02-09 23:18:38', '2021-02-09 23:35:56', '1037843', null, 'startevent1', 'endevent1', null, null);

-- ----------------------------
-- Table structure for act_hi_taskinst
-- ----------------------------
DROP TABLE IF EXISTS `act_hi_taskinst`;
CREATE TABLE `act_hi_taskinst` (
  `ID_` varchar(64) COLLATE utf8_bin NOT NULL,
  `PROC_DEF_ID_` varchar(64) COLLATE utf8_bin DEFAULT NULL,
  `TASK_DEF_KEY_` varchar(255) COLLATE utf8_bin DEFAULT NULL,
  `PROC_INST_ID_` varchar(64) COLLATE utf8_bin DEFAULT NULL,
  `EXECUTION_ID_` varchar(64) COLLATE utf8_bin DEFAULT NULL,
  `NAME_` varchar(255) COLLATE utf8_bin DEFAULT NULL,
  `PARENT_TASK_ID_` varchar(64) COLLATE utf8_bin DEFAULT NULL,
  `DESCRIPTION_` varchar(4000) COLLATE utf8_bin DEFAULT NULL,
  `OWNER_` varchar(255) COLLATE utf8_bin DEFAULT NULL,
  `ASSIGNEE_` varchar(255) COLLATE utf8_bin DEFAULT NULL,
  `START_TIME_` datetime NOT NULL,
  `CLAIM_TIME_` datetime DEFAULT NULL,
  `END_TIME_` datetime DEFAULT NULL,
  `DURATION_` bigint(20) DEFAULT NULL,
  `DELETE_REASON_` varchar(4000) COLLATE utf8_bin DEFAULT NULL,
  `PRIORITY_` int(11) DEFAULT NULL,
  `DUE_DATE_` datetime DEFAULT NULL,
  `FORM_KEY_` varchar(255) COLLATE utf8_bin DEFAULT NULL,
  PRIMARY KEY (`ID_`)
) ENGINE=InnoDB DEFAULT CHARSET=utf8 COLLATE=utf8_bin;

-- ----------------------------
-- Records of act_hi_taskinst
-- ----------------------------
INSERT INTO `act_hi_taskinst` VALUES ('321', 'AbsenceProcess:1:308', 'usertask1', '316', '316', '员工申请请假', null, null, null, 'lee', '2021-02-09 23:07:36', null, '2021-02-09 23:08:47', '70925', 'completed', '50', null, null);
INSERT INTO `act_hi_taskinst` VALUES ('329', 'AbsenceProcess:1:308', 'usertask2', '316', '316', 'HR部门经理审批', null, null, null, 'jack', '2021-02-09 23:08:47', null, '2021-02-09 23:10:09', '82206', 'completed', '50', null, null);
INSERT INTO `act_hi_taskinst` VALUES ('334', 'AbsenceProcess:1:308', 'usertask4', '316', '316', '总经理审批', null, null, null, 'danny', '2021-02-09 23:10:09', null, '2021-02-09 23:14:16', '247132', 'completed', '50', null, null);
INSERT INTO `act_hi_taskinst` VALUES ('343', 'AbsenceProcess:1:308', 'usertask3', '316', '316', 'HR审批', null, null, null, 'chen', '2021-02-09 23:14:16', null, '2021-02-09 23:16:51', '155143', 'completed', '50', null, null);
INSERT INTO `act_hi_taskinst` VALUES ('360', 'baoxiaoprocess:1:354', 'usertask1', '355', '355', '员工申请报销', null, null, null, 'lee', '2021-02-09 23:18:38', null, '2021-02-09 23:18:43', '4602', 'completed', '50', null, null);
INSERT INTO `act_hi_taskinst` VALUES ('364', 'baoxiaoprocess:1:354', 'usertask2', '355', '355', '部门经理审批', null, null, null, 'jack', '2021-02-09 23:18:43', null, '2021-02-09 23:19:23', '40216', 'completed', '50', null, null);
INSERT INTO `act_hi_taskinst` VALUES ('369', 'baoxiaoprocess:1:354', 'usertask4', '355', '355', '总经理审批', null, null, null, 'danny', '2021-02-09 23:19:23', null, '2021-02-09 23:19:47', '23923', 'completed', '50', null, null);
INSERT INTO `act_hi_taskinst` VALUES ('373', 'baoxiaoprocess:1:354', 'usertask3', '355', '355', '财务审核', null, null, null, 'zhang', '2021-02-09 23:19:47', null, '2021-02-09 23:35:56', '968827', 'completed', '50', null, null);

-- ----------------------------
-- Table structure for act_hi_varinst
-- ----------------------------
DROP TABLE IF EXISTS `act_hi_varinst`;
CREATE TABLE `act_hi_varinst` (
  `ID_` varchar(64) COLLATE utf8_bin NOT NULL,
  `PROC_INST_ID_` varchar(64) COLLATE utf8_bin DEFAULT NULL,
  `EXECUTION_ID_` varchar(64) COLLATE utf8_bin DEFAULT NULL,
  `TASK_ID_` varchar(64) COLLATE utf8_bin DEFAULT NULL,
  `NAME_` varchar(255) COLLATE utf8_bin NOT NULL,
  `VAR_TYPE_` varchar(100) COLLATE utf8_bin DEFAULT NULL,
  `REV_` int(11) DEFAULT NULL,
  `BYTEARRAY_ID_` varchar(64) COLLATE utf8_bin DEFAULT NULL,
  `DOUBLE_` double DEFAULT NULL,
  `LONG_` bigint(20) DEFAULT NULL,
  `TEXT_` varchar(4000) COLLATE utf8_bin DEFAULT NULL,
  `TEXT2_` varchar(4000) COLLATE utf8_bin DEFAULT NULL,
  PRIMARY KEY (`ID_`),
  KEY `ACT_IDX_HI_PROCVAR_PROC_INST` (`PROC_INST_ID_`),
  KEY `ACT_IDX_HI_PROCVAR_NAME_TYPE` (`NAME_`,`VAR_TYPE_`)
) ENGINE=InnoDB DEFAULT CHARSET=utf8 COLLATE=utf8_bin;

-- ----------------------------
-- Records of act_hi_varinst
-- ----------------------------
INSERT INTO `act_hi_varinst` VALUES ('318', '316', '316', null, 'objId', 'string', '0', null, null, null, 'AbsenceProcess.41', null);
INSERT INTO `act_hi_varinst` VALUES ('319', '316', '316', null, 'inputUser', 'string', '0', null, null, null, 'lee', null);
INSERT INTO `act_hi_varinst` VALUES ('332', '316', '316', null, 'message', 'string', '1', null, null, null, '同意', null);
INSERT INTO `act_hi_varinst` VALUES ('357', '355', '355', null, 'objId', 'string', '0', null, null, null, 'baoxiaoprocess.39', null);
INSERT INTO `act_hi_varinst` VALUES ('358', '355', '355', null, 'inputUser', 'string', '0', null, null, null, 'lee', null);
INSERT INTO `act_hi_varinst` VALUES ('367', '355', '355', null, 'message', 'string', '1', null, null, null, '同意', null);

-- ----------------------------
-- Table structure for act_id_group
-- ----------------------------
DROP TABLE IF EXISTS `act_id_group`;
CREATE TABLE `act_id_group` (
  `ID_` varchar(64) COLLATE utf8_bin NOT NULL DEFAULT '',
  `REV_` int(11) DEFAULT NULL,
  `NAME_` varchar(255) COLLATE utf8_bin DEFAULT NULL,
  `TYPE_` varchar(255) COLLATE utf8_bin DEFAULT NULL,
  PRIMARY KEY (`ID_`)
) ENGINE=InnoDB DEFAULT CHARSET=utf8 COLLATE=utf8_bin;

-- ----------------------------
-- Records of act_id_group
-- ----------------------------

-- ----------------------------
-- Table structure for act_id_info
-- ----------------------------
DROP TABLE IF EXISTS `act_id_info`;
CREATE TABLE `act_id_info` (
  `ID_` varchar(64) COLLATE utf8_bin NOT NULL DEFAULT '',
  `REV_` int(11) DEFAULT NULL,
  `USER_ID_` varchar(64) COLLATE utf8_bin DEFAULT NULL,
  `TYPE_` varchar(64) COLLATE utf8_bin DEFAULT NULL,
  `KEY_` varchar(255) COLLATE utf8_bin DEFAULT NULL,
  `VALUE_` varchar(255) COLLATE utf8_bin DEFAULT NULL,
  `PASSWORD_` longblob,
  `PARENT_ID_` varchar(255) COLLATE utf8_bin DEFAULT NULL,
  PRIMARY KEY (`ID_`)
) ENGINE=InnoDB DEFAULT CHARSET=utf8 COLLATE=utf8_bin;

-- ----------------------------
-- Records of act_id_info
-- ----------------------------

-- ----------------------------
-- Table structure for act_id_membership
-- ----------------------------
DROP TABLE IF EXISTS `act_id_membership`;
CREATE TABLE `act_id_membership` (
  `USER_ID_` varchar(64) COLLATE utf8_bin NOT NULL DEFAULT '',
  `GROUP_ID_` varchar(64) COLLATE utf8_bin NOT NULL DEFAULT '',
  PRIMARY KEY (`USER_ID_`,`GROUP_ID_`),
  KEY `ACT_FK_MEMB_GROUP` (`GROUP_ID_`),
  CONSTRAINT `ACT_FK_MEMB_GROUP` FOREIGN KEY (`GROUP_ID_`) REFERENCES `act_id_group` (`ID_`),
  CONSTRAINT `ACT_FK_MEMB_USER` FOREIGN KEY (`USER_ID_`) REFERENCES `act_id_user` (`ID_`)
) ENGINE=InnoDB DEFAULT CHARSET=utf8 COLLATE=utf8_bin;

-- ----------------------------
-- Records of act_id_membership
-- ----------------------------

-- ----------------------------
-- Table structure for act_id_user
-- ----------------------------
DROP TABLE IF EXISTS `act_id_user`;
CREATE TABLE `act_id_user` (
  `ID_` varchar(64) COLLATE utf8_bin NOT NULL DEFAULT '',
  `REV_` int(11) DEFAULT NULL,
  `FIRST_` varchar(255) COLLATE utf8_bin DEFAULT NULL,
  `LAST_` varchar(255) COLLATE utf8_bin DEFAULT NULL,
  `EMAIL_` varchar(255) COLLATE utf8_bin DEFAULT NULL,
  `PWD_` varchar(255) COLLATE utf8_bin DEFAULT NULL,
  `PICTURE_ID_` varchar(64) COLLATE utf8_bin DEFAULT NULL,
  PRIMARY KEY (`ID_`)
) ENGINE=InnoDB DEFAULT CHARSET=utf8 COLLATE=utf8_bin;

-- ----------------------------
-- Records of act_id_user
-- ----------------------------

-- ----------------------------
-- Table structure for act_re_deployment
-- ----------------------------
DROP TABLE IF EXISTS `act_re_deployment`;
CREATE TABLE `act_re_deployment` (
  `ID_` varchar(64) COLLATE utf8_bin NOT NULL DEFAULT '',
  `NAME_` varchar(255) COLLATE utf8_bin DEFAULT NULL,
  `CATEGORY_` varchar(255) COLLATE utf8_bin DEFAULT NULL,
  `DEPLOY_TIME_` timestamp NOT NULL DEFAULT CURRENT_TIMESTAMP ON UPDATE CURRENT_TIMESTAMP,
  PRIMARY KEY (`ID_`)
) ENGINE=InnoDB DEFAULT CHARSET=utf8 COLLATE=utf8_bin;

-- ----------------------------
-- Records of act_re_deployment
-- ----------------------------
INSERT INTO `act_re_deployment` VALUES ('305', '请假流程', null, '2021-02-09 23:06:07');
INSERT INTO `act_re_deployment` VALUES ('351', '报销流程', null, '2021-02-09 23:17:47');

-- ----------------------------
-- Table structure for act_re_model
-- ----------------------------
DROP TABLE IF EXISTS `act_re_model`;
CREATE TABLE `act_re_model` (
  `ID_` varchar(64) COLLATE utf8_bin NOT NULL,
  `REV_` int(11) DEFAULT NULL,
  `NAME_` varchar(255) COLLATE utf8_bin DEFAULT NULL,
  `KEY_` varchar(255) COLLATE utf8_bin DEFAULT NULL,
  `CATEGORY_` varchar(255) COLLATE utf8_bin DEFAULT NULL,
  `CREATE_TIME_` timestamp NULL DEFAULT NULL,
  `LAST_UPDATE_TIME_` timestamp NULL DEFAULT NULL,
  `VERSION_` int(11) DEFAULT NULL,
  `META_INFO_` varchar(4000) COLLATE utf8_bin DEFAULT NULL,
  `DEPLOYMENT_ID_` varchar(64) COLLATE utf8_bin DEFAULT NULL,
  `EDITOR_SOURCE_VALUE_ID_` varchar(64) COLLATE utf8_bin DEFAULT NULL,
  `EDITOR_SOURCE_EXTRA_VALUE_ID_` varchar(64) COLLATE utf8_bin DEFAULT NULL,
  PRIMARY KEY (`ID_`),
  KEY `ACT_FK_MODEL_SOURCE` (`EDITOR_SOURCE_VALUE_ID_`),
  KEY `ACT_FK_MODEL_SOURCE_EXTRA` (`EDITOR_SOURCE_EXTRA_VALUE_ID_`),
  KEY `ACT_FK_MODEL_DEPLOYMENT` (`DEPLOYMENT_ID_`),
  CONSTRAINT `ACT_FK_MODEL_DEPLOYMENT` FOREIGN KEY (`DEPLOYMENT_ID_`) REFERENCES `act_re_deployment` (`ID_`),
  CONSTRAINT `ACT_FK_MODEL_SOURCE` FOREIGN KEY (`EDITOR_SOURCE_VALUE_ID_`) REFERENCES `act_ge_bytearray` (`ID_`),
  CONSTRAINT `ACT_FK_MODEL_SOURCE_EXTRA` FOREIGN KEY (`EDITOR_SOURCE_EXTRA_VALUE_ID_`) REFERENCES `act_ge_bytearray` (`ID_`)
) ENGINE=InnoDB DEFAULT CHARSET=utf8 COLLATE=utf8_bin;

-- ----------------------------
-- Records of act_re_model
-- ----------------------------

-- ----------------------------
-- Table structure for act_re_procdef
-- ----------------------------
DROP TABLE IF EXISTS `act_re_procdef`;
CREATE TABLE `act_re_procdef` (
  `ID_` varchar(64) COLLATE utf8_bin NOT NULL,
  `REV_` int(11) DEFAULT NULL,
  `CATEGORY_` varchar(255) COLLATE utf8_bin DEFAULT NULL,
  `NAME_` varchar(255) COLLATE utf8_bin DEFAULT NULL,
  `KEY_` varchar(255) COLLATE utf8_bin NOT NULL,
  `VERSION_` int(11) NOT NULL,
  `DEPLOYMENT_ID_` varchar(64) COLLATE utf8_bin DEFAULT NULL,
  `RESOURCE_NAME_` varchar(4000) COLLATE utf8_bin DEFAULT NULL,
  `DGRM_RESOURCE_NAME_` varchar(4000) COLLATE utf8_bin DEFAULT NULL,
  `DESCRIPTION_` varchar(4000) COLLATE utf8_bin DEFAULT NULL,
  `HAS_START_FORM_KEY_` tinyint(4) DEFAULT NULL,
  `SUSPENSION_STATE_` int(11) DEFAULT NULL,
  PRIMARY KEY (`ID_`),
  UNIQUE KEY `ACT_UNIQ_PROCDEF` (`KEY_`,`VERSION_`)
) ENGINE=InnoDB DEFAULT CHARSET=utf8 COLLATE=utf8_bin;

-- ----------------------------
-- Records of act_re_procdef
-- ----------------------------
INSERT INTO `act_re_procdef` VALUES ('AbsenceProcess:1:308', '1', 'http://www.activiti.org/test', 'AbsenceProcessBPMN', 'AbsenceProcess', '1', '305', '请假流程/AbsenceProcess.bpmn', '请假流程/AbsenceProcess.png', null, '0', '1');
INSERT INTO `act_re_procdef` VALUES ('baoxiaoprocess:1:354', '1', 'http://www.activiti.org/test', 'baoxiaoProcess', 'baoxiaoprocess', '1', '351', '报销流程/baoxiaoprocess.bpmn', '报销流程/baoxiaoprocess.png', null, '0', '1');

-- ----------------------------
-- Table structure for act_ru_event_subscr
-- ----------------------------
DROP TABLE IF EXISTS `act_ru_event_subscr`;
CREATE TABLE `act_ru_event_subscr` (
  `ID_` varchar(64) COLLATE utf8_bin NOT NULL,
  `REV_` int(11) DEFAULT NULL,
  `EVENT_TYPE_` varchar(255) COLLATE utf8_bin NOT NULL,
  `EVENT_NAME_` varchar(255) COLLATE utf8_bin DEFAULT NULL,
  `EXECUTION_ID_` varchar(64) COLLATE utf8_bin DEFAULT NULL,
  `PROC_INST_ID_` varchar(64) COLLATE utf8_bin DEFAULT NULL,
  `ACTIVITY_ID_` varchar(64) COLLATE utf8_bin DEFAULT NULL,
  `CONFIGURATION_` varchar(255) COLLATE utf8_bin DEFAULT NULL,
  `CREATED_` timestamp NOT NULL DEFAULT CURRENT_TIMESTAMP,
  PRIMARY KEY (`ID_`),
  KEY `ACT_IDX_EVENT_SUBSCR_CONFIG_` (`CONFIGURATION_`),
  KEY `ACT_FK_EVENT_EXEC` (`EXECUTION_ID_`),
  CONSTRAINT `ACT_FK_EVENT_EXEC` FOREIGN KEY (`EXECUTION_ID_`) REFERENCES `act_ru_execution` (`ID_`)
) ENGINE=InnoDB DEFAULT CHARSET=utf8 COLLATE=utf8_bin;

-- ----------------------------
-- Records of act_ru_event_subscr
-- ----------------------------

-- ----------------------------
-- Table structure for act_ru_execution
-- ----------------------------
DROP TABLE IF EXISTS `act_ru_execution`;
CREATE TABLE `act_ru_execution` (
  `ID_` varchar(64) COLLATE utf8_bin NOT NULL DEFAULT '',
  `REV_` int(11) DEFAULT NULL,
  `PROC_INST_ID_` varchar(64) COLLATE utf8_bin DEFAULT NULL,
  `BUSINESS_KEY_` varchar(255) COLLATE utf8_bin DEFAULT NULL,
  `PARENT_ID_` varchar(64) COLLATE utf8_bin DEFAULT NULL,
  `PROC_DEF_ID_` varchar(64) COLLATE utf8_bin DEFAULT NULL,
  `SUPER_EXEC_` varchar(64) COLLATE utf8_bin DEFAULT NULL,
  `ACT_ID_` varchar(255) COLLATE utf8_bin DEFAULT NULL,
  `IS_ACTIVE_` tinyint(4) DEFAULT NULL,
  `IS_CONCURRENT_` tinyint(4) DEFAULT NULL,
  `IS_SCOPE_` tinyint(4) DEFAULT NULL,
  `IS_EVENT_SCOPE_` tinyint(4) DEFAULT NULL,
  `SUSPENSION_STATE_` int(11) DEFAULT NULL,
  `CACHED_ENT_STATE_` int(11) DEFAULT NULL,
  PRIMARY KEY (`ID_`),
  UNIQUE KEY `ACT_UNIQ_RU_BUS_KEY` (`PROC_DEF_ID_`,`BUSINESS_KEY_`),
  KEY `ACT_IDX_EXEC_BUSKEY` (`BUSINESS_KEY_`),
  KEY `ACT_FK_EXE_PROCINST` (`PROC_INST_ID_`),
  KEY `ACT_FK_EXE_PARENT` (`PARENT_ID_`),
  KEY `ACT_FK_EXE_SUPER` (`SUPER_EXEC_`),
  CONSTRAINT `ACT_FK_EXE_PARENT` FOREIGN KEY (`PARENT_ID_`) REFERENCES `act_ru_execution` (`ID_`),
  CONSTRAINT `ACT_FK_EXE_PROCDEF` FOREIGN KEY (`PROC_DEF_ID_`) REFERENCES `act_re_procdef` (`ID_`),
  CONSTRAINT `ACT_FK_EXE_PROCINST` FOREIGN KEY (`PROC_INST_ID_`) REFERENCES `act_ru_execution` (`ID_`) ON DELETE CASCADE ON UPDATE CASCADE,
  CONSTRAINT `ACT_FK_EXE_SUPER` FOREIGN KEY (`SUPER_EXEC_`) REFERENCES `act_ru_execution` (`ID_`)
) ENGINE=InnoDB DEFAULT CHARSET=utf8 COLLATE=utf8_bin;

-- ----------------------------
-- Records of act_ru_execution
-- ----------------------------

-- ----------------------------
-- Table structure for act_ru_identitylink
-- ----------------------------
DROP TABLE IF EXISTS `act_ru_identitylink`;
CREATE TABLE `act_ru_identitylink` (
  `ID_` varchar(64) COLLATE utf8_bin NOT NULL DEFAULT '',
  `REV_` int(11) DEFAULT NULL,
  `GROUP_ID_` varchar(255) COLLATE utf8_bin DEFAULT NULL,
  `TYPE_` varchar(255) COLLATE utf8_bin DEFAULT NULL,
  `USER_ID_` varchar(255) COLLATE utf8_bin DEFAULT NULL,
  `TASK_ID_` varchar(64) COLLATE utf8_bin DEFAULT NULL,
  `PROC_INST_ID_` varchar(64) COLLATE utf8_bin DEFAULT NULL,
  `PROC_DEF_ID_` varchar(64) COLLATE utf8_bin DEFAULT NULL,
  PRIMARY KEY (`ID_`),
  KEY `ACT_IDX_IDENT_LNK_USER` (`USER_ID_`),
  KEY `ACT_IDX_IDENT_LNK_GROUP` (`GROUP_ID_`),
  KEY `ACT_IDX_ATHRZ_PROCEDEF` (`PROC_DEF_ID_`),
  KEY `ACT_FK_TSKASS_TASK` (`TASK_ID_`),
  KEY `ACT_FK_IDL_PROCINST` (`PROC_INST_ID_`),
  CONSTRAINT `ACT_FK_ATHRZ_PROCEDEF` FOREIGN KEY (`PROC_DEF_ID_`) REFERENCES `act_re_procdef` (`ID_`),
  CONSTRAINT `ACT_FK_IDL_PROCINST` FOREIGN KEY (`PROC_INST_ID_`) REFERENCES `act_ru_execution` (`ID_`),
  CONSTRAINT `ACT_FK_TSKASS_TASK` FOREIGN KEY (`TASK_ID_`) REFERENCES `act_ru_task` (`ID_`)
) ENGINE=InnoDB DEFAULT CHARSET=utf8 COLLATE=utf8_bin;

-- ----------------------------
-- Records of act_ru_identitylink
-- ----------------------------

-- ----------------------------
-- Table structure for act_ru_job
-- ----------------------------
DROP TABLE IF EXISTS `act_ru_job`;
CREATE TABLE `act_ru_job` (
  `ID_` varchar(64) COLLATE utf8_bin NOT NULL,
  `REV_` int(11) DEFAULT NULL,
  `TYPE_` varchar(255) COLLATE utf8_bin NOT NULL,
  `LOCK_EXP_TIME_` timestamp NULL DEFAULT NULL,
  `LOCK_OWNER_` varchar(255) COLLATE utf8_bin DEFAULT NULL,
  `EXCLUSIVE_` tinyint(1) DEFAULT NULL,
  `EXECUTION_ID_` varchar(64) COLLATE utf8_bin DEFAULT NULL,
  `PROCESS_INSTANCE_ID_` varchar(64) COLLATE utf8_bin DEFAULT NULL,
  `PROC_DEF_ID_` varchar(64) COLLATE utf8_bin DEFAULT NULL,
  `RETRIES_` int(11) DEFAULT NULL,
  `EXCEPTION_STACK_ID_` varchar(64) COLLATE utf8_bin DEFAULT NULL,
  `EXCEPTION_MSG_` varchar(4000) COLLATE utf8_bin DEFAULT NULL,
  `DUEDATE_` timestamp NULL DEFAULT NULL,
  `REPEAT_` varchar(255) COLLATE utf8_bin DEFAULT NULL,
  `HANDLER_TYPE_` varchar(255) COLLATE utf8_bin DEFAULT NULL,
  `HANDLER_CFG_` varchar(4000) COLLATE utf8_bin DEFAULT NULL,
  PRIMARY KEY (`ID_`),
  KEY `ACT_FK_JOB_EXCEPTION` (`EXCEPTION_STACK_ID_`),
  CONSTRAINT `ACT_FK_JOB_EXCEPTION` FOREIGN KEY (`EXCEPTION_STACK_ID_`) REFERENCES `act_ge_bytearray` (`ID_`)
) ENGINE=InnoDB DEFAULT CHARSET=utf8 COLLATE=utf8_bin;

-- ----------------------------
-- Records of act_ru_job
-- ----------------------------

-- ----------------------------
-- Table structure for act_ru_task
-- ----------------------------
DROP TABLE IF EXISTS `act_ru_task`;
CREATE TABLE `act_ru_task` (
  `ID_` varchar(64) COLLATE utf8_bin NOT NULL DEFAULT '',
  `REV_` int(11) DEFAULT NULL,
  `EXECUTION_ID_` varchar(64) COLLATE utf8_bin DEFAULT NULL,
  `PROC_INST_ID_` varchar(64) COLLATE utf8_bin DEFAULT NULL,
  `PROC_DEF_ID_` varchar(64) COLLATE utf8_bin DEFAULT NULL,
  `NAME_` varchar(255) COLLATE utf8_bin DEFAULT NULL,
  `PARENT_TASK_ID_` varchar(64) COLLATE utf8_bin DEFAULT NULL,
  `DESCRIPTION_` varchar(4000) COLLATE utf8_bin DEFAULT NULL,
  `TASK_DEF_KEY_` varchar(255) COLLATE utf8_bin DEFAULT NULL,
  `OWNER_` varchar(255) COLLATE utf8_bin DEFAULT NULL,
  `ASSIGNEE_` varchar(255) COLLATE utf8_bin DEFAULT NULL,
  `DELEGATION_` varchar(64) COLLATE utf8_bin DEFAULT NULL,
  `PRIORITY_` int(11) DEFAULT NULL,
  `CREATE_TIME_` timestamp NOT NULL DEFAULT CURRENT_TIMESTAMP ON UPDATE CURRENT_TIMESTAMP,
  `DUE_DATE_` datetime DEFAULT NULL,
  `SUSPENSION_STATE_` int(11) DEFAULT NULL,
  PRIMARY KEY (`ID_`),
  KEY `ACT_IDX_TASK_CREATE` (`CREATE_TIME_`),
  KEY `ACT_FK_TASK_EXE` (`EXECUTION_ID_`),
  KEY `ACT_FK_TASK_PROCINST` (`PROC_INST_ID_`),
  KEY `ACT_FK_TASK_PROCDEF` (`PROC_DEF_ID_`),
  CONSTRAINT `ACT_FK_TASK_EXE` FOREIGN KEY (`EXECUTION_ID_`) REFERENCES `act_ru_execution` (`ID_`),
  CONSTRAINT `ACT_FK_TASK_PROCDEF` FOREIGN KEY (`PROC_DEF_ID_`) REFERENCES `act_re_procdef` (`ID_`),
  CONSTRAINT `ACT_FK_TASK_PROCINST` FOREIGN KEY (`PROC_INST_ID_`) REFERENCES `act_ru_execution` (`ID_`)
) ENGINE=InnoDB DEFAULT CHARSET=utf8 COLLATE=utf8_bin;

-- ----------------------------
-- Records of act_ru_task
-- ----------------------------

-- ----------------------------
-- Table structure for act_ru_variable
-- ----------------------------
DROP TABLE IF EXISTS `act_ru_variable`;
CREATE TABLE `act_ru_variable` (
  `ID_` varchar(64) COLLATE utf8_bin NOT NULL,
  `REV_` int(11) DEFAULT NULL,
  `TYPE_` varchar(255) COLLATE utf8_bin NOT NULL,
  `NAME_` varchar(255) COLLATE utf8_bin NOT NULL,
  `EXECUTION_ID_` varchar(64) COLLATE utf8_bin DEFAULT NULL,
  `PROC_INST_ID_` varchar(64) COLLATE utf8_bin DEFAULT NULL,
  `TASK_ID_` varchar(64) COLLATE utf8_bin DEFAULT NULL,
  `BYTEARRAY_ID_` varchar(64) COLLATE utf8_bin DEFAULT NULL,
  `DOUBLE_` double DEFAULT NULL,
  `LONG_` bigint(20) DEFAULT NULL,
  `TEXT_` varchar(4000) COLLATE utf8_bin DEFAULT NULL,
  `TEXT2_` varchar(4000) COLLATE utf8_bin DEFAULT NULL,
  PRIMARY KEY (`ID_`),
  KEY `ACT_IDX_VARIABLE_TASK_ID` (`TASK_ID_`),
  KEY `ACT_FK_VAR_EXE` (`EXECUTION_ID_`),
  KEY `ACT_FK_VAR_PROCINST` (`PROC_INST_ID_`),
  KEY `ACT_FK_VAR_BYTEARRAY` (`BYTEARRAY_ID_`),
  CONSTRAINT `ACT_FK_VAR_BYTEARRAY` FOREIGN KEY (`BYTEARRAY_ID_`) REFERENCES `act_ge_bytearray` (`ID_`),
  CONSTRAINT `ACT_FK_VAR_EXE` FOREIGN KEY (`EXECUTION_ID_`) REFERENCES `act_ru_execution` (`ID_`),
  CONSTRAINT `ACT_FK_VAR_PROCINST` FOREIGN KEY (`PROC_INST_ID_`) REFERENCES `act_ru_execution` (`ID_`)
) ENGINE=InnoDB DEFAULT CHARSET=utf8 COLLATE=utf8_bin;

-- ----------------------------
-- Records of act_ru_variable
-- ----------------------------

-- ----------------------------
-- Table structure for department
-- ----------------------------
DROP TABLE IF EXISTS `department`;
CREATE TABLE `department` (
  `ID` int(11) NOT NULL AUTO_INCREMENT,
  `NAME` varchar(50) NOT NULL,
  `REMARK` varchar(300) DEFAULT NULL,
  PRIMARY KEY (`ID`) USING BTREE
) ENGINE=InnoDB AUTO_INCREMENT=19 DEFAULT CHARSET=utf8 ROW_FORMAT=COMPACT;

-- ----------------------------
-- Records of department
-- ----------------------------
INSERT INTO `department` VALUES ('1', '技术部', '技术部');
INSERT INTO `department` VALUES ('2', '运营部', '运营部');
INSERT INTO `department` VALUES ('3', '财务部', '财务部');
INSERT INTO `department` VALUES ('5', '总公办', '总公办');
INSERT INTO `department` VALUES ('6', '市场部', '市场部');
INSERT INTO `department` VALUES ('7', '美术部', '美术部');
INSERT INTO `department` VALUES ('10', '教学部', '教学部');
INSERT INTO `department` VALUES ('11', '设计部', '设计部');
INSERT INTO `department` VALUES ('17', '维修部', '维修任何东西');
INSERT INTO `department` VALUES ('18', '综合部', '综合部');

-- ----------------------------
-- Table structure for employee
-- ----------------------------
DROP TABLE IF EXISTS `employee`;
CREATE TABLE `employee` (
  `id` int(11) NOT NULL AUTO_INCREMENT,
  `username` varchar(255) NOT NULL,
  `password` varchar(255) NOT NULL,
  `department_id` int(11) NOT NULL,
  `job_id` int(11) NOT NULL,
  `role_id` int(11) NOT NULL,
  `manager_id` int(11) NOT NULL,
  `address` varchar(255) NOT NULL,
  `phone` varchar(255) NOT NULL,
  `gender` varchar(255) NOT NULL,
  `birthday` datetime NOT NULL,
  `create_time` datetime NOT NULL,
  PRIMARY KEY (`id`) USING BTREE
) ENGINE=InnoDB AUTO_INCREMENT=11 DEFAULT CHARSET=utf8 ROW_FORMAT=DYNAMIC;

-- ----------------------------
-- Records of employee
-- ----------------------------
INSERT INTO `employee` VALUES ('1', 'danny', '123456', '5', '9', '1', '0', '广州市天河区棠东村', '13026762251', '男', '2021-01-28 00:00:00', '2021-01-04 15:14:25');
INSERT INTO `employee` VALUES ('2', 'jack', '123456', '3', '8', '2', '1', '广州市天河区棠东村', '13026762252', '女', '2021-01-04 15:40:00', '2021-01-04 15:40:00');
INSERT INTO `employee` VALUES ('3', 'mike', '123456', '3', '8', '3', '1', '广州市天河区棠东村', '13026762253', '男', '2021-01-09 09:51:47', '2021-01-09 09:51:54');
INSERT INTO `employee` VALUES ('4', 'chen', '123456', '3', '1', '4', '2', '广州市天河区棠东村', '13026762254', '男', '2021-01-09 09:54:47', '2021-01-09 09:54:49');
INSERT INTO `employee` VALUES ('5', 'zhang', '123456', '3', '1', '5', '3', '广州市天河区棠东村', '13026762255', '男', '2021-01-26 00:00:00', '2021-01-09 09:54:49');
INSERT INTO `employee` VALUES ('6', 'lee', '123456', '3', '7', '6', '2', '广州市天河区棠东村', '13026762255', '男', '2021-01-09 09:54:47', '2021-01-09 09:54:49');
INSERT INTO `employee` VALUES ('8', 'Leon', '123456', '5', '8', '2', '1', '广州市天河区棠东村', '13026762258', '男', '2021-01-25 00:00:00', '2021-01-25 18:53:28');
INSERT INTO `employee` VALUES ('9', 'wang', '123456', '1', '1', '2', '1', '广州市天河区棠东村', '13026762258', '女', '2021-01-25 00:00:00', '2021-01-25 19:06:29');
INSERT INTO `employee` VALUES ('10', 'zhao', '123456', '1', '1', '3', '1', '广州市天河区棠东村', '13026762258', '女', '2021-01-04 00:00:00', '2021-01-25 19:13:50');

-- ----------------------------
-- Table structure for job
-- ----------------------------
DROP TABLE IF EXISTS `job`;
CREATE TABLE `job` (
  `ID` int(11) NOT NULL AUTO_INCREMENT,
  `NAME` varchar(50) NOT NULL,
  `REMARK` varchar(300) DEFAULT NULL,
  PRIMARY KEY (`ID`) USING BTREE
) ENGINE=InnoDB AUTO_INCREMENT=25 DEFAULT CHARSET=utf8 ROW_FORMAT=COMPACT;

-- ----------------------------
-- Records of job
-- ----------------------------
INSERT INTO `job` VALUES ('1', '职员', '勤劳的职员');
INSERT INTO `job` VALUES ('2', 'Java开发工程师', 'Java开发工程师');
INSERT INTO `job` VALUES ('3', 'Java中级开发工程师', 'Java中级开发工程师');
INSERT INTO `job` VALUES ('4', 'Java高级开发工程师', 'Java高级开发工程师');
INSERT INTO `job` VALUES ('5', '系统管理员', '系统管理员');
INSERT INTO `job` VALUES ('6', '架构师', '架构师');
INSERT INTO `job` VALUES ('7', '主管', '主管');
INSERT INTO `job` VALUES ('8', '经理', '经理');
INSERT INTO `job` VALUES ('9', '总经理', '总经理');
INSERT INTO `job` VALUES ('11', 'CEO', 'CEO');
INSERT INTO `job` VALUES ('16', '董事长', '董事长');
INSERT INTO `job` VALUES ('21', '小鱼儿', '小鱼儿与花无缺');
INSERT INTO `job` VALUES ('24', 'Java实习生', '实习培训');

-- ----------------------------
-- Table structure for reimbursement
-- ----------------------------
DROP TABLE IF EXISTS `reimbursement`;
CREATE TABLE `reimbursement` (
  `id` int(11) NOT NULL AUTO_INCREMENT,
  `money` decimal(8,2) NOT NULL,
  `title` varchar(200) NOT NULL,
  `reason` varchar(500) NOT NULL,
  `create_time` datetime NOT NULL,
  `state` int(11) NOT NULL,
  `user_id` int(11) NOT NULL,
  PRIMARY KEY (`id`) USING BTREE
) ENGINE=InnoDB AUTO_INCREMENT=40 DEFAULT CHARSET=utf8 ROW_FORMAT=DYNAMIC;

-- ----------------------------
-- Records of reimbursement
-- ----------------------------
INSERT INTO `reimbursement` VALUES ('39', '10000.00', '应酬', '1', '2021-02-09 23:18:38', '2', '6');

-- ----------------------------
-- Table structure for sys_permission
-- ----------------------------
DROP TABLE IF EXISTS `sys_permission`;
CREATE TABLE `sys_permission` (
  `id` bigint(20) NOT NULL AUTO_INCREMENT COMMENT '主键',
  `name` varchar(128) NOT NULL COMMENT '资源名称',
  `type` varchar(32) NOT NULL COMMENT '资源类型：menu,button,',
  `url` varchar(128) DEFAULT NULL COMMENT '访问url地址',
  `permission_code` varchar(128) DEFAULT NULL COMMENT '权限代码字符串',
  `parent_id` bigint(20) DEFAULT NULL COMMENT '父结点id',
  `parent_ids` varchar(128) DEFAULT NULL COMMENT '父结点id列表串',
  `sort_string` varchar(128) DEFAULT NULL COMMENT '排序号',
  `available` char(1) DEFAULT NULL COMMENT '是否可用,1：可用，0不可用',
  PRIMARY KEY (`id`) USING BTREE
) ENGINE=InnoDB AUTO_INCREMENT=29 DEFAULT CHARSET=utf8 ROW_FORMAT=DYNAMIC;

-- ----------------------------
-- Records of sys_permission
-- ----------------------------
INSERT INTO `sys_permission` VALUES ('1', '权限', '', '', null, '0', '0/', '0', '1');
INSERT INTO `sys_permission` VALUES ('2', '部门管理', 'menu', '', 'department:manager', '1', '0/1/', '', '1');
INSERT INTO `sys_permission` VALUES ('3', '部门列表', 'menu|permission', 'department/find', 'department:find', '2', '0/1/11/', '', '1');
INSERT INTO `sys_permission` VALUES ('5', '职位管理', 'menu', '', 'job:manager', '1', '0/1/', '', '1');
INSERT INTO `sys_permission` VALUES ('6', '职位列表', 'menu|permission', 'job/find', 'job:find', '5', '0/1/12/', '', '1');
INSERT INTO `sys_permission` VALUES ('11', '报销管理', 'menu', '', 'reimbursement:manager', '1', '0/1/', '1.', '1');
INSERT INTO `sys_permission` VALUES ('12', '报销申请', 'menu|permission', 'reimbursement/savePage', 'reimbursement:save', '11', '0/1/14/', '', '1');
INSERT INTO `sys_permission` VALUES ('13', '我的报销', 'menu|permission', 'reimbursement/find', 'reimbursement:find', '11', '0/1/14/', '', '1');
INSERT INTO `sys_permission` VALUES ('14', '待办事务', 'menu|permission', 'process/reimbursementTaskListPage', 'reimbursement:findTask', '11', '0/1/14/', '', '1');
INSERT INTO `sys_permission` VALUES ('15', '请假管理', 'menu', '', 'absenceForm:manager', '1', '0/1/', '1.', '1');
INSERT INTO `sys_permission` VALUES ('16', '请假申请', 'menu|permission', 'absence/savePage', 'absenceForm:save', '15', '0/1/15/', '', '1');
INSERT INTO `sys_permission` VALUES ('17', '我的请假', 'menu|permission', 'absence/find', 'absenceForm:find', '15', '0/1/15/', '', '1');
INSERT INTO `sys_permission` VALUES ('18', '待办事务', 'menu|permission', 'process/absenceTaskListPage', 'absenceForm:findTask', '15', '0/1/15/', '', '1');
INSERT INTO `sys_permission` VALUES ('20', '流程管理', 'menu', '', 'process:manager', '1', '0/1/', null, '1');
INSERT INTO `sys_permission` VALUES ('21', '发布流程', 'menu|permission', 'process/savePage', 'process:save', '20', '0/1/16/', '2.', '1');
INSERT INTO `sys_permission` VALUES ('22', '查看流程', 'menu|permission', 'process/find', 'process:find', '20', '0/1/16/', '', '1');
INSERT INTO `sys_permission` VALUES ('26', '系统管理', 'menu', '', 'user:manager', '1', '0/1/', '', '1');
INSERT INTO `sys_permission` VALUES ('27', '用户管理', 'menu|permission', 'employee/find', 'user:find', '26', '0/1/23/', '', '1');
INSERT INTO `sys_permission` VALUES ('28', '角色列表', 'menu|permission', 'role/find', 'role:find', '26', '0/1/23/', null, '1');

-- ----------------------------
-- Table structure for sys_role
-- ----------------------------
DROP TABLE IF EXISTS `sys_role`;
CREATE TABLE `sys_role` (
  `id` int(11) NOT NULL AUTO_INCREMENT,
  `name` varchar(128) NOT NULL,
  `available` char(1) NOT NULL COMMENT '是否可用,1：可用，0不可用',
  `superior` int(11) DEFAULT NULL,
  PRIMARY KEY (`id`) USING BTREE
) ENGINE=InnoDB AUTO_INCREMENT=7 DEFAULT CHARSET=utf8 ROW_FORMAT=DYNAMIC;

-- ----------------------------
-- Records of sys_role
-- ----------------------------
INSERT INTO `sys_role` VALUES ('1', '总经理', '1', '0');
INSERT INTO `sys_role` VALUES ('2', 'HR部门经理', '1', '1');
INSERT INTO `sys_role` VALUES ('3', '财务部门经理', '1', '1');
INSERT INTO `sys_role` VALUES ('4', 'HR', '1', '2');
INSERT INTO `sys_role` VALUES ('5', '财务', '1', '3');
INSERT INTO `sys_role` VALUES ('6', '普通员工', '1', null);

-- ----------------------------
-- Table structure for sys_role_permission
-- ----------------------------
DROP TABLE IF EXISTS `sys_role_permission`;
CREATE TABLE `sys_role_permission` (
  `id` varchar(36) NOT NULL,
  `sys_role_id` varchar(36) NOT NULL COMMENT '角色id',
  `sys_permission_id` varchar(36) NOT NULL COMMENT '权限id',
  PRIMARY KEY (`id`) USING BTREE
) ENGINE=InnoDB DEFAULT CHARSET=utf8 ROW_FORMAT=DYNAMIC;

-- ----------------------------
-- Records of sys_role_permission
-- ----------------------------
INSERT INTO `sys_role_permission` VALUES ('0e077092-6453-11eb-b142-00d86172218b', '9', '17');
INSERT INTO `sys_role_permission` VALUES ('0fb5156d-6456-11eb-b142-00d86172218b', '6', '11');
INSERT INTO `sys_role_permission` VALUES ('0fb56fd9-6456-11eb-b142-00d86172218b', '6', '12');
INSERT INTO `sys_role_permission` VALUES ('0fb5aca3-6456-11eb-b142-00d86172218b', '6', '13');
INSERT INTO `sys_role_permission` VALUES ('0fb5ee4e-6456-11eb-b142-00d86172218b', '6', '14');
INSERT INTO `sys_role_permission` VALUES ('0fb62b42-6456-11eb-b142-00d86172218b', '6', '15');
INSERT INTO `sys_role_permission` VALUES ('0fb675c0-6456-11eb-b142-00d86172218b', '6', '16');
INSERT INTO `sys_role_permission` VALUES ('0fb6b641-6456-11eb-b142-00d86172218b', '6', '17');
INSERT INTO `sys_role_permission` VALUES ('0fb6ecd6-6456-11eb-b142-00d86172218b', '6', '18');
INSERT INTO `sys_role_permission` VALUES ('163061e3-6456-11eb-b142-00d86172218b', '5', '11');
INSERT INTO `sys_role_permission` VALUES ('1630be59-6456-11eb-b142-00d86172218b', '5', '14');
INSERT INTO `sys_role_permission` VALUES ('16310d78-6456-11eb-b142-00d86172218b', '5', '20');
INSERT INTO `sys_role_permission` VALUES ('16315490-6456-11eb-b142-00d86172218b', '5', '22');
INSERT INTO `sys_role_permission` VALUES ('1ca6caf3-6456-11eb-b142-00d86172218b', '4', '2');
INSERT INTO `sys_role_permission` VALUES ('1ca71729-6456-11eb-b142-00d86172218b', '4', '3');
INSERT INTO `sys_role_permission` VALUES ('1ca774d1-6456-11eb-b142-00d86172218b', '4', '5');
INSERT INTO `sys_role_permission` VALUES ('1ca7b904-6456-11eb-b142-00d86172218b', '4', '6');
INSERT INTO `sys_role_permission` VALUES ('1ca81039-6456-11eb-b142-00d86172218b', '4', '15');
INSERT INTO `sys_role_permission` VALUES ('1ca85891-6456-11eb-b142-00d86172218b', '4', '18');
INSERT INTO `sys_role_permission` VALUES ('1ca8a44c-6456-11eb-b142-00d86172218b', '4', '20');
INSERT INTO `sys_role_permission` VALUES ('1ca8ec9e-6456-11eb-b142-00d86172218b', '4', '22');
INSERT INTO `sys_role_permission` VALUES ('2b11a1e0-6456-11eb-b142-00d86172218b', '3', '11');
INSERT INTO `sys_role_permission` VALUES ('2b11f28b-6456-11eb-b142-00d86172218b', '3', '14');
INSERT INTO `sys_role_permission` VALUES ('2b124cde-6456-11eb-b142-00d86172218b', '3', '20');
INSERT INTO `sys_role_permission` VALUES ('2b12959e-6456-11eb-b142-00d86172218b', '3', '21');
INSERT INTO `sys_role_permission` VALUES ('2b12d5a6-6456-11eb-b142-00d86172218b', '3', '22');
INSERT INTO `sys_role_permission` VALUES ('2b131a56-6456-11eb-b142-00d86172218b', '3', '26');
INSERT INTO `sys_role_permission` VALUES ('2b135505-6456-11eb-b142-00d86172218b', '3', '27');
INSERT INTO `sys_role_permission` VALUES ('2b139667-6456-11eb-b142-00d86172218b', '3', '28');
INSERT INTO `sys_role_permission` VALUES ('4868828a-6ae9-11eb-9530-005056c00001', '2', '2');
INSERT INTO `sys_role_permission` VALUES ('486974b8-6ae9-11eb-9530-005056c00001', '2', '3');
INSERT INTO `sys_role_permission` VALUES ('486a79ed-6ae9-11eb-9530-005056c00001', '2', '5');
INSERT INTO `sys_role_permission` VALUES ('486b752e-6ae9-11eb-9530-005056c00001', '2', '6');
INSERT INTO `sys_role_permission` VALUES ('486c7935-6ae9-11eb-9530-005056c00001', '2', '11');
INSERT INTO `sys_role_permission` VALUES ('486d792a-6ae9-11eb-9530-005056c00001', '2', '14');
INSERT INTO `sys_role_permission` VALUES ('486e8c7f-6ae9-11eb-9530-005056c00001', '2', '15');
INSERT INTO `sys_role_permission` VALUES ('486f833c-6ae9-11eb-9530-005056c00001', '2', '18');
INSERT INTO `sys_role_permission` VALUES ('48708107-6ae9-11eb-9530-005056c00001', '2', '20');
INSERT INTO `sys_role_permission` VALUES ('48718429-6ae9-11eb-9530-005056c00001', '2', '21');
INSERT INTO `sys_role_permission` VALUES ('487281ec-6ae9-11eb-9530-005056c00001', '2', '22');
INSERT INTO `sys_role_permission` VALUES ('4873b2d0-6ae9-11eb-9530-005056c00001', '2', '26');
INSERT INTO `sys_role_permission` VALUES ('4874ae0a-6ae9-11eb-9530-005056c00001', '2', '27');
INSERT INTO `sys_role_permission` VALUES ('4875b367-6ae9-11eb-9530-005056c00001', '2', '28');
INSERT INTO `sys_role_permission` VALUES ('6cbc2c4c-56e0-11eb-b142-00d86172218b', '1', '2');
INSERT INTO `sys_role_permission` VALUES ('6cbc6bd2-56e0-11eb-b142-00d86172218b', '1', '3');
INSERT INTO `sys_role_permission` VALUES ('6cbd0e93-56e0-11eb-b142-00d86172218b', '1', '5');
INSERT INTO `sys_role_permission` VALUES ('6cbd42aa-56e0-11eb-b142-00d86172218b', '1', '6');
INSERT INTO `sys_role_permission` VALUES ('6cbe029d-56e0-11eb-b142-00d86172218b', '1', '11');
INSERT INTO `sys_role_permission` VALUES ('6cbe3a88-56e0-11eb-b142-00d86172218b', '1', '14');
INSERT INTO `sys_role_permission` VALUES ('6cbe5b15-56e0-11eb-b142-00d86172218b', '1', '15');
INSERT INTO `sys_role_permission` VALUES ('6cbe81ac-56e0-11eb-b142-00d86172218b', '1', '18');
INSERT INTO `sys_role_permission` VALUES ('6cbea3dd-56e0-11eb-b142-00d86172218b', '1', '20');
INSERT INTO `sys_role_permission` VALUES ('6cbec6cd-56e0-11eb-b142-00d86172218b', '1', '22');
INSERT INTO `sys_role_permission` VALUES ('6cbee959-56e0-11eb-b142-00d86172218b', '1', '26');
INSERT INTO `sys_role_permission` VALUES ('6cbf0acc-56e0-11eb-b142-00d86172218b', '1', '27');
INSERT INTO `sys_role_permission` VALUES ('6cbf29a6-56e0-11eb-b142-00d86172218b', '1', '28');

-- ----------------------------
-- Table structure for sys_user_role
-- ----------------------------
DROP TABLE IF EXISTS `sys_user_role`;
CREATE TABLE `sys_user_role` (
  `id` int(11) NOT NULL AUTO_INCREMENT,
  `sys_user_id` varchar(36) NOT NULL,
  `sys_role_id` varchar(36) NOT NULL,
  PRIMARY KEY (`id`) USING BTREE
) ENGINE=InnoDB AUTO_INCREMENT=7 DEFAULT CHARSET=utf8 ROW_FORMAT=DYNAMIC;

-- ----------------------------
-- Records of sys_user_role
-- ----------------------------
INSERT INTO `sys_user_role` VALUES ('1', 'danny', '1');
INSERT INTO `sys_user_role` VALUES ('2', 'jack', '2');
INSERT INTO `sys_user_role` VALUES ('3', 'mike', '3');
INSERT INTO `sys_user_role` VALUES ('4', 'chen', '4');
INSERT INTO `sys_user_role` VALUES ('5', 'zhang', '5');
INSERT INTO `sys_user_role` VALUES ('6', 'lee', '6');
