/*
 Navicat Premium Data Transfer

 Source Server         : mysql_localhost(3306)
 Source Server Type    : MySQL
 Source Server Version : 50731
 Source Host           : localhost:3306
 Source Schema         : oa

 Target Server Type    : MySQL
 Target Server Version : 50731
 File Encoding         : 65001

 Date: 05/02/2021 18:18:38
*/

SET NAMES utf8mb4;
SET FOREIGN_KEY_CHECKS = 0;

-- ----------------------------
-- Table structure for absence
-- ----------------------------
DROP TABLE IF EXISTS `absence`;
CREATE TABLE `absence`  (
  `id` int(20) NOT NULL AUTO_INCREMENT,
  `days` int(11) NOT NULL,
  `title` varchar(255) CHARACTER SET utf8 COLLATE utf8_general_ci NOT NULL,
  `reason` varchar(255) CHARACTER SET utf8 COLLATE utf8_general_ci NOT NULL,
  `leave_time` datetime(0) NOT NULL,
  `state` int(11) NOT NULL,
  `user_id` int(20) NOT NULL,
  PRIMARY KEY (`id`) USING BTREE,
  INDEX `FK62FCB35E2B4D7140`(`user_id`) USING BTREE
) ENGINE = InnoDB AUTO_INCREMENT = 35 CHARACTER SET = utf8 COLLATE = utf8_general_ci ROW_FORMAT = Dynamic;

-- ----------------------------
-- Records of absence
-- ----------------------------
INSERT INTO `absence` VALUES (34, 30, '旅游假', '去看看大大的世界', '2021-02-05 16:12:23', 2, 6);

-- ----------------------------
-- Table structure for act_ge_bytearray
-- ----------------------------
DROP TABLE IF EXISTS `act_ge_bytearray`;
CREATE TABLE `act_ge_bytearray`  (
  `ID_` varchar(64) CHARACTER SET utf8 COLLATE utf8_bin NOT NULL DEFAULT '',
  `REV_` int(11) NULL DEFAULT NULL,
  `NAME_` varchar(255) CHARACTER SET utf8 COLLATE utf8_bin NULL DEFAULT NULL,
  `DEPLOYMENT_ID_` varchar(64) CHARACTER SET utf8 COLLATE utf8_bin NULL DEFAULT NULL,
  `BYTES_` longblob NULL,
  `GENERATED_` tinyint(4) NULL DEFAULT NULL,
  PRIMARY KEY (`ID_`) USING BTREE,
  INDEX `ACT_FK_BYTEARR_DEPL`(`DEPLOYMENT_ID_`) USING BTREE,
  CONSTRAINT `ACT_FK_BYTEARR_DEPL` FOREIGN KEY (`DEPLOYMENT_ID_`) REFERENCES `act_re_deployment` (`ID_`) ON DELETE RESTRICT ON UPDATE RESTRICT
) ENGINE = InnoDB CHARACTER SET = utf8 COLLATE = utf8_bin ROW_FORMAT = Dynamic;

-- ----------------------------
-- Records of act_ge_bytearray
-- ----------------------------
INSERT INTO `act_ge_bytearray` VALUES ('1802', 1, '报销流程/baoxiaoprocess.png', '1801', 0x89504E470D0A1A0A0000000D4948445200000307000001DF08020000008AC833730000395649444154789CEDDD7F8C1CF57DF8FF13C1784DB158DA141F15B137E9A75F5649B057258A4FF9235E13C5DE4A6D58A9086FD157CE4A2860444BFCA95072B482AB1ADC53951F479B22A725F4D48A76ABE860A500D9069B6E892157DBD8671CC362ECB0C4982C18C3BA3EDBE3FBE19BCF7B77603C9E9D9D1FB7B3FB9E9D793EF4D6696F7666F63DF37ECD6B5E3BB37B37A002000040550764770000002010A88A0000001AA88A0000001AA88A0000001AA88A0000001AA88A0000001AA88A0000001AA88A0000001AA88A0000001AA88A0000001AA88A0000001AA88A0000001AA88A0000001AA88A0000001AA88A0000001AA88A0000001AA88A0000001AA88A0000001AA88A0000001AA88A0000001AA88A0000001AA88A0000001AA88A0000001AA88A0000001AA88A0000001AA88A0000001AA88A0000001AA88A0000001AA88A0000001AA88A0000001AA88A0000001AA88A0000001AA88A0000001AA88A0000001AA88A0000001AA88A0000001AA88A0000001AA88A0000001AA88A0000001AA88A0000001AA88A0000001AA88A0000001AA88A0000001AA88A0000001AA88A0000001AA88A0000001AA88A0000001AA88A0000001AA88A0000001AA88A007485A228C562716464249BCDA63F92C964C49442A150AFD765771000CCA88A00F84C1443A2FA89C562A21E1235D0C4C4133B763EA7B5A79E7EE681071ECCE572F1787C6868687C7C5C766701E022AA2200BE999A9A4AA7D3A21812D5CFECDCBC7DDBF5C28B9B377F35954A95CB65D91D078006AA2200FE181D1D1525CE8E9DCF39D643C6B6F7A57DEBD6ADDBB2658BA228B2B70040D4511501E894286872B9DCF0F0B0A77AC8D8FEE19147D2E974AD5693BD2900228DAA0840474449343434542814165D12E937D4C47AAAD5AAEC0D02105D5445003A92CBE53A2F89F4BB69A230E2561A0059A88A002CDEE8E8682737CE5ADBC4C413D96C56F666018828AA22008B343535954AA57C2C89B476E79D776DDFBE5DF6C6018822AA22008B244AA2BD2FEDF3BD2A3AF6D6F155AB12DC4703D07B54450016A3582C66B359DF4B22ADDD7BEFD7C7C6C6646F2280C8A12A02B018E974DAEB9F26F274B968707050F62602881CAA22009ED5EBF5783CDEA592486B6BD7AE9D9C9C94BDA100A285AA088067E3E3E3F97CBEAB55D143DBB60D0F0FCBDE5000D1425504C0B32D5BB66CDFBEBDAB55D18E9DCFA5D369D91B0A205AA88A007896C964DCFCFFD74EDA91A34757AD4AC8DE5000D1425504C0B32E7D27DFD84E4F9F89C562B2371440B4501501F06C7070F0D85BC7BB5A15893630408202D053241D009E2593C95F1C3A4455042064483A003CEBEA1F2BE273450064A12A02E0593E9FFFE1638F75B52ADAF5C28B6BD7AE95BDA100A285AA088067636363F7DEFBF5AE5645A2EADABCF9ABB2371440B4501501F0AC5AAD261289AE56451B376E2C954AB2371440B4501501588CAE7EE0FAF4F499783CAE288AECAD04102D54450016A3AB37D1BEF3DDEF8A95CBDE44009143550460311445492412DDF8AB45A7A7CFAC5A95A8D56AB2371140E450150158A442A170DBA64D5C2802101A54450016EF2BB7DC3231F1848F25D12F0E1D5AB366CDE9E933B2B70C401451150158BC7ABDBE76ED5ABF3E767DE2BD93A2243A72F4A8ECCD0210515445003A52A9544461244A99CE4BA2AFDC72CB534F3F237B830044175511804E4D4D4DAD59B366D70B2F7672E34C9456944400E4A22A02E0837ABDBE6EDDBA071E78F0C47B273DD543A7A7CF7CE7BBDFD56EC3C9DE080051475504C01F8AA288AAE8861B92A2CA11B58E9B92E8878F3D26E6BFF7DEAF8B5A4A76F70180AA0880AF6AB5DAD6AD5BE3F1F8576EB945143D7B5FDA67AA84C494C71FFFB7DB366D12F36CDEFCD56AB52ABBCB00F021AA2200FE5314A5582CE6F3F9356BD60C5C4A4C112551A150A8D7EBB2BB090097A02A02D00BA24292DD050070405504A0170606C83600828E3C05A017A88A00041F790A402F501501083EF214805EA02A02107CE42900BD40550420F8C853007A81AA0840F091A700F402551180E0234F01E805AA2200C1479E02D00B544500828F3C05A017A88A00041F790A402F501501083EF214805EA02A02107CE42900BD40550420F8C853007A81AA0840F091A700F402551180E0234F01E805AA2200C1479E02D00B544500828F3C05A017A88A00041F790A402F501501083EF214805EA02A02107CE42900BD40550420F8C853007A81AA0840F091A700F402551180E0234F01E805AA2200C1479E02D00B544500828F3C05A017A88A00041F790A402F501501083EF214805EA02A02107CE42900BD40550420F8C853007A81AA0840F091A700F402551180E0234F01E805AA2200C1479E02D00B544500828F3C05A017A88A00041F790A402F501501083EF214805EA02A02107CE42900BD40550420F8C853007A81AA0840F091A700F402551180E0234F01E805AA2200C1479E02D00B544500828F3C05A017A88A00041F790A402F501501083EF214805EA02A02107CE42900BD40550420F8C853007A81AA0840F091A700F402551180E0234F01E805AA2200C1479E02D00B544500828F3C05A017A88A00041F790A402F501501083EF214805EA02A02107CE42900BD40550420F8C853007A81AA0840F091A700F402551180E0234F01E89642A1208AA1582C964AA5C483C1C141F1F3CA2BAFAC542AB2BB060016A88A0074CB934F3E39D062FDFAF5C5625176D700C0025511806E511465E9D2A5C69268F5EAD5838383F57A5D76D700C0025511802EBAFFFEFB2FBFFC72BD2ABAFBEEBB87878765770A00AC511501E8AE152B566825D1A64D9B128984A228B27B0400D6A88A0074D7F3CF3FBF64C91251156532193E510420C8A88A0074DDCD37DFAC5545B23B020076A88A00745DAD561355115FC80710705445007A81BFE20820F8C8534098298A52281472B95C3A9D4E2412AD7F3D2822C4B68B3D90CD66C7C7C7F9BB0000DAA12A0242AB542A896A4094448F3FFEF88E9D3B8F1C3D3A3B3717CD26B65DEC81898989CD9B378B7D226A23D983032088A88A8010AAD7EBF97C7EE3C68DC7DE3A363B374B33B613EF9D10B591D839B55A4DF640010816AA22206C4449944AA57EF8D8A3B37333B476EDA9A79F5ABB766DB55A953D5C000284AA08089B7C3EDF2C89CED3ECDB8E9DCFAE5BF745D9C3052040A88A805029954A1B376E989B57686EDA37BE79DFB66DDF923D68008282AA08080F45511289C45BC7AB73F3E7686EDAF4990FD6AC59CD1F5202A0A12A02C2637C7C3C9FCFCFCD9FD5DBFACC1FBAFCEEBA71A948B56DDBFE9A7F580B404355048447369B9D78E23F2E96441B36FE5A55DFBCA0BE3EA7BE32A31E9851F74ECF8F3DF1DC4F8F9FDA3DABFE8FA2EE56D45D67D567CFAB7FB7EBE09D5BEE925EA048692FED9B4CA552B2870E4020501501E1914C260F1DDA3F377F466B030303D3AA7A66413D35AFBE3FAB9E55D53FFF8B07072EBB6A6843F6F89C7A6C463D765EAD2AEA9179F5473F3FD0BC5C7426826DFACCC9582C267BE80004025511101EF178FCBD93C7E7E6A7B5260A9DB317D4990B8DA7E6171A3F7FFCCC7FFECEEF7EF62F1FFACEBCAA9E9E574FCDA9EFCFA975557D76CFCBCDAA683A9A6D80FF4602A0895C008447B3B239AD37F1EB9979F5E43975F6C28733D4EBF5EF7DFF07DFFAF6F78FBDDDF80386730BEA6CB35A7AF1A503A66523D5A88A0068C8054078342B9BFFD55BA32ABAA09E38ABBE33ADCEA9EAECCC4CF2861B06063E363010BBF54F361B17DCBB6FBF69D94835AA22001A7201101ECDCAE694DEB43B6827CFA96F9F56DF3DAFEE3DF4CB152B567CECF22B965DFDF1DCED9754457B5EDA675A36528DAA0880865C008447B3B2A9EB4DFC7A6E417D5F695C2B3A715EDDB9A772E39A9B3EFEDBD75E1DBFE607FFF2A3F3AA3A3DA39E9D692CB86B728F69D94835AA22001A7201101EE2EC3E3FFF81DEB493BD288C4ECDA91FCCAA6F9F9E7BF16075CDEF7F6EFD97FFE0DD19F51D457D57514FCEA8A22EDAB57B8F69D94835AA22001A7201101EA6CA26BD7EDDCBAFBEBEF7606572AAF2C2BECA0BFB0FBFF8F2D1FFDAFDCACF0FBEF1FCBEC33FDBF7DA0BFB5F9B3C70F8E0EBBF7AE41F1FBB6DD36DD2AB13AA220072910B80F0685645EF1BDB3DF7DCE5E60F5BFFF1ADB79A168C54A32A02A0211700E1D1AC8A4ED2BC36AA22001A7201101E8DAAE8C27B34AF8DAA0880865C008447B32A3A41F3DAA88A0068C805407834ABA277695E1B5511000DB900088F6655F40ECD6BA32A02A02117007DA6502854AB55CBA79A55518DE6B5B5AB8A6C76358050A22A02FAC9E1C387B5EFD22F5FBE7C6262C2F42C55912F5551BD5EBFFDF6DBB5FD7CDD75D7511801D1415504F41345512EBBEC32ED84BD64C992CF7CE633C67376B32AFAB5D766F9178C16B11EE30ADD4C6CF72A8EAFEE7E55EE3BACEFC3EDDBB7C762316D278807838383B55A4DC248039081AA08E833E23C6D2C5F962D5B76C71D77886A496D5645172EBCEDB5B52E659A62F3E71F5DAED038DD7155FAE376F3E88F8D53EC5FDA710F88BD57A9543EF5A94F195F6E6868289148C81E7000BD4355042C9EA845CAE5F2C8C848FA23E2246A5343F4C0850BC7BD364FEB69F7D422BA64B32ACB19B45F6D262E6EF3B505C5D8F9380A3011C7857E8C88E3A5542AD5EB75D9872F6081AA08580C510C65B3D9582CA665F9F2477AF01994ABAFBE5A3FD9649B441F2A958AFAE1B5A2B7BADADABD84717ABBC7C68926ADD35B97B5D9BA0E377CA079AD488CDD97BEF4A54F7CE2137A1F962F5F9E4AA5BA3DA05120F6AD7E8C88E32593C9C4E37111B7C5625176D7804B501501DED46A35ED2DAF94842EDE616B27EC6432F9B5AF7D4DFC2C140AFAB3CDE2E098A766F3FEBEDDFC8ED32D1FB7AED3715596CB1ABBE7BEDB8E3B41DF87A55269D5AA55D75F7FBDB6B6A54B976A7727E13BEDAD85A83BB59A1E0802AA22C00371CA148588C8E6B23AF0E69B6FC66231F1563B91480C0F0F9B6E43346B825F796AED1659C4F4F6D5D525CBBA9CCD4D1F5A6758C41ED09632EE4651068D8C8CAC5CB9529CB0C5CFA9A9A9DE0E72B488DD2BF6B3B1B80724A22A02DC2A168BE9745AFAE7214437C6C7C72D6FD5755815B57BECB55A727C6C5A49EBAFEDEAA7D6F5D854578BAE8A34620F8BFDCC2D9E1E1065682E97137B5B764700AA22C01D718E14EF68A59744F69A35C19B9E9A7191768FDBCDEF753DFA63AB52E692E9C6F95B7FD5E769EDCC22F680B694ECA18B3A511889B71C939393B23B82A8231700AE0C0D0D053F65376A8285AAA7665CA4DDE376F39BA6B7D3BAAC6925ED7ED51E187FB6CE60F3729E7682ECA143E38D473299E4535C908B5C00382B168BD96C56762F9C356B823716D7B4653F2A2C1C66B39FEEF8D8AA94B15855EB03FBE936DD73DC76D9438786AD5BB78E8D8DC9EE05228D5C0038CB6432A55249762F9C356B825F7A6D1FD52576538C4FB959A1FD0BB5BE9CE5AFC6998DF3B45B8FCBEE59764CF6D0A1A152A9249349D9BD40A4910B0007B55A6D707050762F5C69D60447DDB78FCA8BB6CFEAF3D8DE20B35ED066BA7106D34A8CBFB63E65B31EC7CDB1DF0FB2870E1FEA8B5BD508317201E0A05F6E9FA91F564547685E1B55517070130D72910B00077D94A69B55D1EB34AF8DAA2838FAE84D0842895C003848A7D312FF6CA32754455445FD8E8F16412E7201E0A08F3EE820CEEE0B0B87695E1B55517054ABD5442221BB17882E7201E040E4E81EFCCF575F34ABA2D7685E1B5551A0301C9088E0031CC4E3F180FF496B5DB32AAAD0BC364EC381C2704022820F70D04739BA5915BD4AF3DAFA6888A380E18044041FE0A08F72742C163B776EFFC2C22B344FAD8F86380A180E4844F0010EFA284727128937DEF8E9C2C2219AA7D647431C050C072422F800077D94A33399CC4F4ADB17D45FD0DCB7572B3FE6ABE081D247471CC287E0031CF4518E1E1D1D1D1EBE437A9DD15FED9FC71FCAE7F3B2870E17F5D11187F021F800077D94A3ABD56A32F9C973CADE05F520CD65CB666F2E168BB2870E17F5D11187F021F80007FD95A3471AB62CA82FD3DCB47F2FFC6D2E97913D68B8447F1D710819820F70D05F395A519474FA739393FFAAAA0768F6AD56DB994C7EB25EDF257BD07089FE3AE21032041FE0A0EF7274A55249A56EA8548AAA3A456BD7444924CAC772F951D9C305B3BE3BE21026041FE0A01F73F4E4E4A4288C4647FF4C55F7D35A5BB1F8DD6432512EFF93EC8182857E3CE2101A041FE0A04F73B4A228C3C3F974FAA6F1F1BFAAD59E55D57DB47AFDBF0B85BFC9E53666B369F158F610C15A9F1E710807820F70D0D739BA5C2EE7F37F3438F85B03181888C797E7721B4461247B586067A09F8F38F43B820F70408EF6057F13082E71C44122820F70408EF605BB112E112A9088E0031C90A37DC16E844B840A2422F80007E4685FB01BE112A10289083EC00139DA17EC46B844A84022820F70408EF605BB112E112A9088E0031C90A37DC16E844B840A2422F80007E4685FB01BE112A10289083EC00139DA17EC46B844A84022820F70408EF605BB112E112A9088E0031C90A37DC16E844B840A2422F80007E4685FB01BE112A10289083EC00139DA17EC46B844A84022820F70408EF605BB112E112A9088E0031C90A37DC16E844B840A2422F80007E4685FB01BE112A10289083EC081A71C6D9C99E46EC4DE804B840A2422F8000736397AC0C034BF698A8DAE763E38A2B3A5E810A10289083EC0819B1C6D9AC7FE57AF2B0F87E86C293A44A84022820F70609FA32DAF0C594E59C4CAC3243A5B8A0E112A9088E0031C78AA8A2C8B21E303D38DB3E89C00A2B3A5E810A10289083EC081D76B45366BB079107AD1D9527488508144041FE0C0B1E2315EFE71BC56D4EE41E845674BD121420512117C80039739DA6555C41D34C01EA10289083EC081638EB6FC68119FB63689CE96A243840A2422F80007F6358DFDE7ACDDACA1E30EF687E86C293A44A84022820F70E0E90E9ADAE65A918D6EF43980A2B3A5E810A10289083EC0819B3B687A2564FFB9A245AC3C34A2B3A5E810A10289083EC00139DA17EC46B844A84022820F70408EF605BB112E112A9088E0031C90A37DC16E844B840A2422F80007E4685FB01BE112A10289083EC00139DA17EC46B844A84022820F70408EF605BB112E112A9088E0031C90A37DC16E844B840A2422F80007E4685FB01BE112A10289083EC00139DA17EC46B844A84022820F70408EF605BB112E112A9088E0031C90A37DC16E844B840A2422F80007E4685FB01BE112A10289083EC00139DA17EC46B844A84022820F70408EF605BB31C48C83DBF940132A9088E0031C90A37DC16E0C8D0103E344B5A53CB261BFFEEE751EB047F0010EC8D1BE6037868F694CED7F75F994E3B34057117C800372B42FD88D61627965C8728ACDE28B7B16E82A820F70408EF605BB314C4C35906531647C60BA71465584C022F80007E4E8452B140A62EFC562B1542A251E0C0E0E8A9F575E7965A55291DD3574A4F5CA50BB79EC1FD82F08F41EC1073820472FDA934F3ED9FA31DBF5EBD7178B45D95D43474C977F1CAF15B57BD06EE5BE77187089E0031C90A3174D5194A54B971ACFA0AB57AF1E1C1CACD7EBB2BB067FB8AC8AB883867E41F0010EC8D19DB8FFFEFB2FBFFC72FDA478F7DD770F0F0FCBEE147C60F9D1223E6D8D7E47F0010EC8D11D5AB1628556126DDAB4299148288A22BB47E848BBAB3EA62385AA08FD88E0031C90A33BF4FCF3CF2F59B244ECC64C26C3278A42C6FE5A910D37EB047A8FE0031C90A33B77F3CD376B5591EC8EC037C68F5ADB7FAEC87259FB35FBD447C033820F70408EEE5CAD5613BB912FE4C30D8E384844F0010EC8D1BE6037C225420512117C8083BECED18AA2140A855C2E974EA7138984FD473D424C6CBBD803D96C767C7C9CBF0B107003FD7CC4A1DF117C8083FECDD1A552495403A2247AFCF1C777ECDC79E4E8D1D9B9B96836B1ED620F4C4C4C6CDEBC59EC13511BC91E1CB4D5BF471C4280E0031CF4638EAED7EBF97C7EE3C68DC7DE3A363B374B33B613EF9D10B591D839B55A4DF640C1423F1E71080D820F70D077395A9444A954EA878F3D3A3B37436BD79E7AFAA9B56BD756AB55D9C305B3BE3BE21026041FE0A0EF72743E9F6F9644E769F66DC7CE67D7ADFBA2ECE18259DF1D710813820F70D05F39BA542A6DDCB8616E5EA1B969DFF8E67DDBB67D4BF6A0E112FD75C42164083EC0411FE56845511289C45BC7AB73F3E7686EDAF4990FD6AC59CD1F520A943E3AE2103E041FE0A08F72F4F8F8783E9F9F9B3FABB7F5993F74F9DD75E352916ADBB6FD35FFB03650FAE88843F8107C80833ECAD1D96C76E289FFB858126DD8F86B557DF382FAFA9CFACA8C7A6046DD3B3D3FF6C4733F3D7E6AF7ACFA3F8ABA5B51779D559F3DAFFEDDAE83776EB94B7A8122A5BDB46F32954AC91E3A5CD447471CC287E0031CC462B17EF937EFC964F2D0A1FD73F367B426CE2ED3AA7A66413D35AFBE3FAB9E55D53FFF8B07072EBB6A6843F6F89C7A6C463D765EAD2AEA9179F5473F3FD0BC5C7426826DFACC4931C4B2870E1751154122820F70904824FAE5FBDBF178FCBD93C7E7E6A7B526CE2E672FA833171A4FCD2F347EFEF899FFFC9DDFFDEC5F3EF49D79553D3DAF9E9A53DF9F53EBAAFAEC9E979B55D174341BA7E14061382011C1073848A552535353B27BE14AB3B239AD37F1EB9979F5E43975F6C28733D4EBF5EF7DFF07DFFAF6F78FBDDDF80386730BEA6CB35A7AF1A503A66523D5380D070AC30189083EC0413A9D2E97CBB27BE14AB3B2F95FBD35AAA20BEA89B3EA3BD3EA9CAACECECC246FB86160E0630303B15BFF64B371C1BDFBF69B968D54E3341C280C072422F80007F97CBE5FFE6D56B3B239A537ED0EDAC973EADBA7D577CFAB7B0FFD72C58A151FBBFC8A65577F3C77FB2555D19E97F699968D54E3341C280C072422F80007DAD7DD65F7C295666553D79BF8F5DC82FABED2B85674E2BCBA734FE5C635377DFCB7AFBD3A7ECD0FFEE547E755757A463D3BD35870D7E41ED3B2916A9C860385E18044041FE0606A6AAA5FBEB92D4E27F3F31FE84D3BBB88C2E8D49CFAC1ACFAF6E9B9170F56D7FCFEE7D67FF90FDE9D51DF51D47715F5E48C2AEAA25DBBF798968D54E3341C280C072422F800678383837DF1FFD54D954D7AFDBA975F7D7DEFC1CAE454E5857D9517F61F7EF1E5A3FFB5FB959F1F7CE3F97D877FB6EFB517F6BF3679E0F0C1D77FF5C83F3E76DBA6DBA45727544550A98A2015C107381B1B1BDBBA75ABEC5E386B5645EF1BDB3DF7DCE5E60F5BFFF1ADB79A168C54E3341C280C072422F800678AA2C4E3F1E0FF2DC766557492E6B5711A0E14860312117C802B7DF199EB465574E13D9AD7C6693850180E4844F0016E05FF2BFACDAAE804CD6BE3341C280C072422F800B7EAF57A3A9D0E7261D4AC8ADEA5796D9C860385E18044041FE081A228F97C7EEBD6ADA24292DD170BCDAAE81D9AD7C6693850180E4844F0019E8D8D8D251289919191A07D5DBF5915D5685E1BA7E14061382011C1072C46BD5E1755D1E0E0602A951A1D1D2D97CBD56A5576A7A88AA88AC280E18044041FD091A9A9A9E1E1E1743A9D48244436173FD306D96C76E452E54BF97B27AE5915FD7A11CD7E41FD59CBBF75E47225A615DAACC77185C6FE787DE9762BF47114D021860312117C809FAAD5AAB1E829168BA6AA287DA9783C6EAC0C3A2CAAC41A2E5C78DB53339526A629C6D9DA2DDEFAB8759DC689A6398D0F2CAB25CB55B57BB0B8C6693850180E4844F001E1D12C0E8E77D8F495B8599BFDCCA689AD339B1ED8BFA2E3E22EFB6CB966D943878B180E4844F001E1D1AC09DEF2D48C8B688FF529AD0FDA2D6E3967EB52C6D9ACAE03D9F5CD38519FDF5357ED7782ECA1C3450C072422F880F068D604C7BC366D297D59D3AFA6C7ED96FDA852B15EA7693DF60FDADF3EB3588FF1D9C56DBEB6A0ECA1C3450C072422F880F0689605BF72DFDAD71FBF32AECA66B596B3B59BD8BA729B076E1E9B56EE69DB4D5B217BE87011C30189083E203C3AA90CEC6B8E4E666E57C4B4966236859AA92A6A575D51158500C30189083E203C9AC5C19B9E5A4BE5F1A6BE92D607968B9B5662B9CE76EBB19F62F9D8B84E373D74B913640F1D2E62382011C1078447A33858A87A6AC645B4C7FA94D607F68B3B3E655CA1C5A5A0F64F1967F0DA43973B41F6D0E122860312117C4078348B83373C35E322DA63431562318FFDE2F64B996668378FFBC7C60E3B76D57E27C81E3A5CC4704022820F088F664DF04B4FADE57ACC2F5B5762B35A7D11C7A5DCCCE3F2597D7A6B9F17B107B4A5640F1D2E62382011C1078447B32638EAA91917D11EB7AEC472B58642CA7AFAA5C596C30CED5EA2DDEB5A76BEDD7ADCEC04D943878B180E4844F001E1D1AC098ED0BC364EC381C2704022820F088F6655F43ACD6BE3341C280C072422F880F0A02AA22A0A01860312117C407888D3C9C2C2619AD7C6693850180E4844F001E1D1AC8A5EA3796D9C860385E18044041F101ECDAAA842F3DA380D070AC30189083E203C9A55D1AB34AF8DD370A0301C9088E003C223168B9D3BB77F61E1159AA7C6693850180E4844F001E1914824DE78E3A70B0B87689E1AA7E14061382011C10784472693F94969FB82FA0B9AFBF66AE5C7C96452F6D0E122AA224844F001E1313A3A3A3C7C87F43AA3BFDA3F8F3F94CFE7650F1D2EA22A8244041F101ED56A3599FCE43965EF827A90E6B265B337178B45D943878BA88A2011C10784CA48C39605F5659A9BF6EF85BFCDE532B2070D97A02A8244041F102A8AA2A4D39F9B9CFC57553D40B36FB5DACE64F293F5FA2ED983864B50154122820F089B4AA5924ADD50A91455758AD6AE899248948FE5F2A3B2870B6654459088E00342687272521446A3A37FA6AAFB69ADAD58FC6E32992897FF49F640C10255112422F8807052146578389F4EDF343EFE57B5DAB3AABA8F56AFFF77A1F037B9DCC66C362D1ECB1E2258A32A8244041F1066E572399FFFA3C1C1DF1AC0C0403CBE3C97DB200A23D9C3023B0354459087E003A2A252A9487CF540FD4D20D119BE8D1F5854459088E0032261747434954A49EC40A04E75D56A359BCD663219B995222C052A541035041F1072E2C43F3434343C3CAC288AC46E04F054572A9544A5287DCFC02480A182E820F88030D32E114D4E4ECAEE48404F75A21E12BB28914870432D3882192A8808820F08A7805C22D205F95457ABD5B8A1161C410E15841EC1078450702E11E9827FAAE3865A40043F541062041F102A41BB44A4EB8B531D37D482A02F42056145F001E111C04B44BA3E3AD56937D4D2E93437D4A4E8A35041F8107C401804F61291AEEF4E75E57239994C8A5D5AAFD765F7255AFA2E541026041FD0F7827C8948D7A7A73AB16F456D54281464772442FA3454100E041FD0C7827F8948D7BFA7BA5AAD96CBE5B8A1D633FD1B2A0801820FE8577D718948D7EFA73A6EA8F54CBF870AFA1AC107F49F3EBA44A40BC7A98E1B6A3D108E50419F22F8803ED35F978874A139D57143ADDB42132AE847041FD037C4F93893C9F4D725225DC84E75DA0DB5AD5BB77243CD77210B15F417820FF2D92741FDD9814BB95FCF407BED966DB77EC7F574CFF8F8B8380D974AA51EBC563774692FC93D838E8D8D89411143D3BD9708C2D1D16354459088E083645A066CCD83ED72B44DC674934CDD9C1B5A5F7D71AFE517ED12513E9FEFEBCB1236675FD3F876324FEFB74B8C8E189AA1A1A1A9A929DF573E108CA3A3C702D20D4413C10799069CAED698D2BD7DBA5C74DE6FF72A8B38C7FCE44EFD3C75E74F2E9DF4D1EFEEA67CA4DF2F11E92C4FED6E666BF7944DF0F4DEE4E4642A95F2F7865A408E0EB50B51BDB86E003D40F0411AC7D3A4E9ADB0E35501BFDE0D7730CF9187BFF085878F18A7883343738A78E6C3B3839B290DE1B844A4F35415595E0B69F7946360F48C8F37D4827474F819D56E50154122820F12D8A4F2D607AAD55B61CBC7AD0F2C5FDAA64BEECFB2D6D35B4F00174F281F3D72332544978874AD277537B3B57BCAB16890A5F31B6A7E1D1D3621EDAD72F22FAADDEF010F7303BE22F8209FFD89D032FBDB5745A689BE9C1B5CADA7F1F6F80B5FD07ED7DF301BEE39341E3A4DF9FFFF2D54978874A6D1691D47E36C96BBB7750D8E43298B8F37D43A3C3AECD7D3B3A8F674B128504389A821F8205FBB246893F1076C2B2137EB344D743E37B8EBB37AE488F6AE58BC41767BB6304CF9BFE981F8274275894867399A6ACB9EB43CAF5B5645EDD61F1C636363894462FBF6ED9DACA493A3C334B3E32EEA52545315A18F107C90C3B104693D2F7AAA8A5A7FB599D8AE878B7E56D56F1BB8BED7F0F3C6A788BEF8F96BAF1DDD17AA4B443A4FE5AC9BAAC84DF12A5DBD5EDFB265CBD0D090A7BFBAE9D7D1619CC172BAE56C36BC463577D0D077083EC867F36ED87832707C4FBCE8AAC8E624D4EE746BDD67C39BE20FDF55BBFB5C6A7AE0FFACF854B2F4D85D5E3F97DA474C7BB2DD60E923DB3A041E0622604449240A23511E2DE286DAA28F0ECB35D8EF2E7FA39A4F5BA31F117C90A6F58DAFFD99D2721ECBF9DDBCA8E3538B397F18BEC37CF1DDB1ED37963FFCA2D997FF3FF33CA1E372F7BA1920D3B9BF5DFC04CDF6EDDBDDDF50F3F1E8E8B42AF21ED56DA7B813F07144B8117C90C9E60DAEDAF26ED8664EE3B36E5ED1CDB38B3B7F7812BE2F9AD9E85E55643331683CDD50F3E5E8B05CD0FE15A50B4837104D041F241870A2CF667C6053B29816B47F51F7DDEB703D3642F6B788DCE8A42A32EE73531898C2A62F4EA8F637D4FC3A3A1C63D8F245FDD8BE4E05A41B8826820FE8B542A1109D4B443A4E75269E6EA8450AA10289083EA077EAF57A3E9FCFE572D1B944A4E354D74ABBA1964AA53C7D432DF408154844F0013D522A95BAFDFFD5838C535D3B535353434343A25CAED56AB2FB1208840A2422F880AED32E11653299289FF638D5D9D33E7A3F363626BB23F2112A9088E003BA2BE29788749CEA1C89EA79EBD6ADDC5023542011C107740B97888C38D5B9C40D35420512117C40577089C884539D2751BEA146A84022820FF01997882C71AAF34ABFA1562E9765F7A5A708154844F0017EE212513B9CEA16676A6A2A9D4EE772B9E814D9840A2422F8007F7089C81EA7BA4E687FF97374745476477A81508144041FE0032E1139E254D72151760F0F0F8B300BFD0D35420512117C4047B844E412A73A5F542A95D0DF5023542011C1072C1E9788DCE354E7A370DF5023542011C1072C069788BCE254E7AF10DF5023542011C10778363939C92522AF38D57543286FA8112A9088E0033C501445BC411F1A1A0AD349A83738D5754FA150482412A3A3A3223E65F7C507840A2422F800B726272753A954583FCCD16D9CEABA4AABD7457C964A25D97DE914A10289083EC0997E89A852A9C8EE4BBFE254D703223E33994C369BEDEB6B99840A2422F800075C22F205A7BA9E29168B7D7D438D508144041FD070DF7DF7B57E7A9A4B443EE254D74B7D7D438D508144041FA0DE73CF3D22112F5DBAD4F8DE9A4B44FEE254D77BED6EA8FDFDDFFFBD781B20AB578E08154844F021EA76EFDE3DD074E38D37168B45954B44DDC1A94E16ED86DAC8C88856F4D7EB753116D75C738D0872D95DB346A84022820F51B772E54AAD2AFA8DDFF88DCF7EF6B33B76ECE012513770AA9348D443A22A4A2693A552E97BDFFB9E16F0F1785C5448B2BB6681508144041F22EDE1871F1EB8D4B265CBF6ECD923BB5F21C4A94EBA6AB5FAF9CF7FFEB2CB2ED3DF066CD8B04176A72C102A9088E043748937CAB158CC54157DE10B5FC8E572B2BB16429CEAA4BBEFBEFB4CD17EDD75D77DFBDBDF96DD2F33420512117C88AE6C36BB6CD9B2D5AB57FFDEEFFDDE35D75C934C26138984A893F8571EDDC0A94EBAE1E161310A83838337DC70C3AA55ABAEB8E20A11F6D75F7FFDE4E4A4ECAE5D82508144041FA26B686848E4DFABAEBAEAA69B6E1A19192997CBD56A5576A7428B535D40882017A12E02FED65B6FFDCDDFFC4D312E9FFEF4A76577EA12840A2422F810517CD1ACC738D50553A9544A2693A24892DD918B08154844F0458EA8060A85422E974BA7D389446220AAC4B68B3D90CD66C7C7C783F94D9C9019E054176C64060D9921E2C853D122DE178A635E24BEC71F7F7CC7CE9D478E1E9D9D9B8B6613DB2EF6C0C4C4C4E6CD9BC53EE1B344DD20CEB2E234138BC552A9D440F3132DE2E795575EC9F5B9A021339019A0A12A8A0AF1A6279FCF6FDCB8F1D85BC766E76669C676E2BD1322038A9DD3D7FF5333809E7CF2C9D6F7E2EBD7AFD7FE5A268280CC4066801155512488C427DEACFFF0B14767E76668EDDA534F3FB576ED5A3E70ED234551962E5D6A2C8956AF5E3D3838C88D8980203390196042551409E2BD6033F19DA7D9B71D3B9F5DB7EE8BB2872B54EEBFFFFECB2FBF5CAF8AEEBEFBEEC0FEA3890822339019604255147EA55269E3C60D73F30ACD4DFBC637EFDBB6ED5BB2072D5456AC58A195449B366D4A2412C67FC10B89C80C6406B4A22A0A39710612E7A1B78E57E7E6CFD1DCB4E9331FAC59B39A8F03FBE8F9E79F5FB26489A88A32990C9F280A083203990196A88A426E7C7C3C9FCFCFCD9FD5DBFACC1FBAFC86AA71A948B56DDBFE9ABB3CFEBAF9E69BB5AA487647F0213203990196A88A422E9BCD4E3CF11F1713DF868DBF56D5372FA8AFCFA9AFCCA80766D4BDD3F3634F3CF7D3E3A776CFAAFFA3A8BB1575D759F5D9F3EADFED3A78E796BBA4A72129EDA57D93A9544AF6D0854AAD56136753DE6707079981CC004B544521974C260F1DDA3F377F466BE2CC34ADAA6716D453F3EAFBB3EA5955FDF3BF7870E0B2AB8636648FCFA9C766D463E7D5AAA21E99577FF4F303CD37856722D8A6CF9C8CC562B2872E6C06F82B8E4142662033C012792AE4E2F1F87B278FCFCD4F6B4DA4B3B317D4990B8DA7E6171A3F7FFCCC7FFECEEF7EF62F1FFACEBCAA9E9E574FCDA9EFCFA975557D76CFCBCDDC371DCDC629BC738AA2148BC59191916C369BFE4826931153C6C7C7F90330729119C80CB0C400875C337F9DD69BF8F5CCBC7AF29C3A7BE1C319EAF5FAF7BEFF836F7DFBFBC7DE6E9CA5E616D4D9664E7CF1A503A66523D5C87D9D10C590A8841C3F9E924AA5B66FDFDEEF5F49EBD350213390196089010EB966FEFA5FBD3572DF05F5C459F59D69754E556767669237DC3030F0B18181D8AD7FB2D9B8E0DE7DFB4DCB46AA91FB16A75C2E0F0D0DB9FCD0AE269148F4E68B698E3D71339BE33C3DD8105F0C9019C80CB0C200875C337F9DD2DB40F33AB97847F8F669F5DDF3EADE43BF5CB162C5C72EBF62D9D51FCFDD7E49EEDBF3D23ED3B2916AE43EAF1445C9E7F3A61221954A7DE31BDF9C987862C7CEE7F4F6C0030F6EDCB8D13467369BEDFD1FBCB61C659BA1373D65FCB5EF0286CC406680250638E49AF9ABAE37F1EBB905F57DA5F18EF0C47975E79ECA8D6B6EFAF86F5F7B75FC9A1FFCCB8FCEABEAF48C7A76A6B1E0AEC93DA66523D5C87D9ED46A35D325A27BEFFD7AF33F8CCEB76B27DE3BF90F8F3CA2FDBF584D2291989A9AEA65B76DAA22CB8B40ED9EEAC7CB45640632032C31C021278EE1F9F90FF4A61DD222FD9D9A533F9815EF0BE75E3C585DF3FB9F5BFFE53F7877467D4751DF55D49333AAC87EBB76EF312D1BA946EE73AF5AAD8A8246AF0932998C7D3D64AA8D1E78E0417DD9582C363939D99B6EB71B6297D78A5A67EBAF98213390196089010E3953FE4AAF5FF7F2ABAFEF3D58999CAABCB0AFF2C2FEC32FBE7CF4BF76BFF2F3836F3CBFEFF0CFF6BDF6C2FED7260F1C3EF8FAAF1EF9C7C76EDB749BF41C44EE0B3845518C57891EDAB6CD653D646C8F3FFE6FA21ED2AF18F5E0EB69A6CB3FA6A754DB6B45C635F4E355220D9981CC004B0C70C83573DFFBC676CF3D7739DE0210FEF8D65B4D0B46AA91FB5CCAE5727ACC4C4C3CB18892486B7B5FDA178FC7B5F5A4D3E9AEF6D954E20C587D5AC8716228AE159119C80C30638043AE99FB4ED2BC36729F1BC562513F592EEE2A91B13DF5F433FADAC6C6C6BAD467CB62A8F5B19BAAA85597FADC0D640632032C31C021D7C87D17DEA3796DE43E3752A994560D6432990E4B22ADE99F311A1C1CF4FDEF18990A17CBBA4755DDDE416BB79E7E41662033C012031C72CDDC7782E6B591FB1C150A05AD5C88C562C7DE3AEE4B55747AFA8CFEADB4AD5BB776B5FFED86D866E85B2B27CBE97D81CC406680250638E49AB9EF5D9AD746EE73944EA7B5F2E5DE7BBFEE4B49A4B51F3EF698B6DA783CDED5FEFB5815D94C0C2C320399019618E0906BE6BE77685E1BB9CF5EBD5ED76F2DF975A1486FAB5625B43597CBE5EE6D82A7AAA8DD7D349777D90288CC406680250638E49AB9AF46F3DAC87D6AF31E59B55AB57C6A7C7C5CAB03D2E9B4BF25916877DEF9E197A1868787BD760C2E9119C80CB0C400871CB98FDCB738870F1FD64A93E5CB974F4C4C989EDDB2658BF66CE75F3D6B6D3B763EA7AD7C6868C8F8A2F57AFDF6DB6FD79EBAEEBAEB288C3A41662033C012031C72CDDCF7EB9EB5D69773DF019B398D4FF5668BC87D8AA25C76D9655A09B264C992CF7CE633C62A2493C9684F3DF5F433BE5745478E1ED5569E4824F457DCBE7DBBFE971EC583C1C1C11EFCB1C710F3EB387273C87B4A02ADDCE70A7D7AEB0332035C6280434E1CC3172EBCED6F33E52CD35336739AE6B77CB6DD9C36AFD28D46EE138CFFA44C58B66CD91D77DCA17D615EFF4EFEDE97F6F95E1589A6BFA878AD4AA5F2A94F7DCAD893A1A12163C18445F0F120B239544D132D0F70E3AFC689C6072E7385CD0332035C628043AE99148EFBDB8CEB34ADBFF5299733BB799536D9D0E7ADD35F51FF8E155AE90593FB7F79E6A9E9EB6714BAC797C3C471E5962F34D02615B47B60DF5BC7C51DD7E069936527757417031C72CD5CF096BF4D5BA7E9E7A509D13CBFE574CBD5B65B567FB61B5B64F9BAB2874EBEABAFBE5ADFF9D92651A3542A15F1543299D4A6FFE2D0A16E5445FACD32B5F9DF67BFF4A52F7DE2139FD03BB37CF9F2542A257BF7F4375F8EA3762B693D5A8D735AA688D6E3DD266FD8E70AC70E90196083010EB9662E38E66FD3D669FC697ACAF8AB718AE9577D4A9B5468B15AD3DA7CDF34E3CA650F9D64FA77EF4501F4B5AF7D4DFC2C140AFAB3FA259C1D3B9FF3BD243AF1DE496DE5C63F59542A9556AD5A75FDF5D76B4F2D5DBAD4F73F7E1D29BE1C3EED56623C605B93804DDEB07FE0982B2C67F637579019428F010EB9663AF895BF4D5BA7F1A73E5DFFD5F4D8B4B8E553368FF5D7BA34D9F9BC5DA64ECA1E3AC9DE7CF3CD582C96C9641289C4F0F0B028928CCFE6F3796D14FEE191477CAF8A7E71E890B672D3052151068D8C8CAC5CB9524C173FA7A6A67ABB4B42C59723A8DD4A5A0F799B63DC7844B7CEE9355758AE9CCC00F718E090935515B9499D175A0A1DCBA2C7728AE39AC97D9D2B168BE3E3E3965F801F1D1DD50665F3E6AFFA5E153DB46D9BB6F25C2ED7FAD2A23FA257A26F5DDFFE50F3AB2A7273FCB63B5ADB153196AB729F2BBA9A22C80CA1C700875C3329BCE96FD3D669FCD9FAABF6B84D0A33AFCAE6B1E56A5BE7EFC636CA1EBA40AB542ADA68C6E3F1D3D367FCAD8AD6AD5BA7AD5C543FB23734B4BA7AF8582681D69C6079ECBB99D22E21B42607DF3793CC107A0C70C83592C242D5DFA6ADB3F5A7F18169669B5FDB164F56AF68F342BE6FA3ECA10BBA4422A18DC8C4C4133E9644FA1F2B124CB7EDE023DF8F20E30AED576E93256C52819B5CD19A1FBAB199B2870EDDC500875C3329BCD18DA6AFD9F812AD2F679A62F3ABCD7A5A7FEDDE76E92F217BE8826E7878581B88356BD6F878B9E82BB7DCA2AD369BCDCADEC430F3E508D256E2980A4C07AC6596B03FE45DE60A534F8CABF52B639019428F010EB9662EF8A5EF4D5B6DEBCA4D531C6758C453FAE32E6D9ABE72D9431774F57A5DFFAB427EFDDF8F5D2FBCA85F00E0C3D45DE5CBE16399078C133FAA4B1CB284A74461F3AC313998FAE657BA2033841E031C72CD5C70D4DF665CA7E971BBA75A9FB55FADE553AD6BE8C6D6E96B963D747D606C6C4C1B94582CD6F957F48F1C3DAA97595BB66C91BD7121D7F9B1D37AECEBDACDDFCA7106CBB5B59BA84FB7EC1B99016E30C021D7CC0547685E1BB9CFA5A1A121ED94230A9A4EFECEF5E9E9336BD6ACD157C5FF38EB36320399019618E0906BE6BED7695E1BB9CFA56AB51A8FC7F56A6671FF16EDD85BC7F59228168B95CB65D99B157E640632032C31C02147EE23F7759B2862F49B14A2A6F1FA771D77BDF0A2F1DFD08E8D8DC9DEA048203390196089010E39710C2F2C1CA6796DE43E4F8AC5A27EC568A0F9ADB4A79E7EC6CD25A2DB366D327E828492A867C80C640658628043AE99FB5EA3796DE43EAF2A958AFE2F63F5DAE881071E6CFDF7B1A218FA87471ED9B871A37166515471E3AC97C80C640658628043AE99FB2A34AF8DDCB708F57A7D646444FF77F7266BD7AE6DF7542E97E3E3D53D46662033C012031C72CDDCF72ACD6B23F72D9AA86FF4FF1DEB289D4E4F4E4ECAEE72149119C80CB0C400879C78777EEEDCFE858557689E1AB9AF438AA2140A05511EA552295325944824B2D9ECF6EDDBB93E24119981CC004B0C70C88933D01B6FFC7461E110CD5323F721DCC80C6406586280432E93C9FCA4B47D41FD05CD7D7BB5F2E36432297BE8802E223390196089AA28E44647478787EF909E4DFAABFDF3F843F97C5EF6D0015D44662033C0125551C855ABD564F293E794BD0BEA419ACB96CDDE5C2C16650F1DD045640632032C511585DF48C39605F5659A9BF6EF85BFCDE532B2070DE83A32039901ADA88AC24F519474FA739393FFAAAA0768F6AD56DB29DE40D7EBBB640F1AD075640632035A51154542A55249A56EA8548AAA3A456BD744E213278972F951D9C305F4089981CC0013AAA2A8989C9C14E96F74F4CF54753FADB5158BDF4D2613E5F23FC91E28A0A7C80C64061851154588A228C3C3F974FAA6F1F1BFAAD59E55D57DB47AFDBF0B85BFC9E53666B369F158F61001129019C80CD05115454EB95CCEE7FF6870F0B75CFE4F86708BC797E7721B44FA933D2C80646406233243645115411AFEF20780566406484455043976EFDE2DDE90D5EB75D91D01102C03FC570DC843F0418E952B578ADCF7A77FFAA7B23B022058A88A2011C107091E7EF861EDE6FD75D75D37353525BB3B000284AA0812117CE8B57ABD1E8BC5B4AAE88A2BAEB8E9A69B64F708408050154122820FBD96CD668DDFF558B972E5F8F8B8EC4E01080AAA224844F0A1A7EAF57AEB9760AFBFFE7A455164770D402050154122820F3DF5E8A38F6A95D08D37DEA857459FFEF4A7CBE5B2ECAE010804AA224844F0A1A77EF6B39F5D75D5558944221E8F8BDC37D874EDB5D7521501D050154122820FBD36353555AD56D58F729F78CCD7D000E8A88A2011C10769C87D005A91192011C10769C87D005A91192011C10769C87D005A91192011C10769C87D005A91192011C10769C87D005A91192011C10769C87D005A91192011C10769C87D005A91192011C10769C87D005A91192011C10769C87D005A91192011C10769C87D005A91192011C10769C87D005A91192011C10769C87D005A91192011C10769C87D005A91192011C10769C87D005A91192011C10769C87D005A91192011C10769C87D005A91192011C10769C87D005A91192011C10769C87D005A91192011C10769C87D005A91192011C10769C87D005A91192011C10769C87D005A91192011C10769C87D005A91192011C10769C87D005A91192011C1076962B198A228B27B012058A88A2011C10769128944B55A95DD0B00C142550489083E48934AA5A6A6A664F7024080D46AB5C1C141D9BD40745115419A743A5D2E9765F702C1C5358308AA56AB894442762F105D241D4893CFE7C7C7C765F702BD3360CB711EB99D476F944AA54C2623BB17882E120DA4112591288C64F702BD6353D9989E32FE4A3D1429234DB27B81E822DD409A4AA5924C2665F702BDA3D537961781DA3DC5E5A2A8C96432A55249762F105D6419C8C407AE23C5E5B5A2D6D9A88722A256AB251209FE60072422D740A6B1B1B1AD5BB7CAEE057AC4F15A913E1B5789A2898400E9C8359049BC29146F0DC51B44D91D412FB416409613B956144D64030401B9069295CBE5743A2DBB17E805F75511D78A22882FA52208C835906F646484CBE651E0F20E9A697E44C1D8D8D8962D5B64F702A02A42300C0F0F6732997ABD2EBB23E822379FB6361549AD0F10328AA2E4F3794A220404890641512A951289C4C8C8081F2C08AB4554453613D1EFC4BBA0B1B13171D473E30CC141964180882C29AA22912533998C78C0FF03099976B7C9DC7C13ADDDE2E83BE2B81E1D1DCD66B3E248DFBA752BEF8210286419048EA228A552495445E974DAF283B700FA9738AE8787878BC52277CC114054450000000D54450000000D54450000000D54450000000D54450000000DFF0F0F7841E85327C38D0000000049454E44AE426082, 0);
INSERT INTO `act_ge_bytearray` VALUES ('1803', 1, '报销流程/baoxiaoprocess.bpmn', '1801', 0x3C3F786D6C2076657273696F6E3D22312E302220656E636F64696E673D225554462D3822207374616E64616C6F6E653D22796573223F3E0A3C646566696E6974696F6E7320786D6C6E733D22687474703A2F2F7777772E6F6D672E6F72672F737065632F42504D4E2F32303130303532342F4D4F44454C2220786D6C6E733A61637469766974693D22687474703A2F2F61637469766974692E6F72672F62706D6E2220786D6C6E733A62706D6E64693D22687474703A2F2F7777772E6F6D672E6F72672F737065632F42504D4E2F32303130303532342F44492220786D6C6E733A6F6D6764633D22687474703A2F2F7777772E6F6D672E6F72672F737065632F44442F32303130303532342F44432220786D6C6E733A6F6D6764693D22687474703A2F2F7777772E6F6D672E6F72672F737065632F44442F32303130303532342F44492220786D6C6E733A746E733D22687474703A2F2F7777772E61637469766974692E6F72672F746573742220786D6C6E733A7873643D22687474703A2F2F7777772E77332E6F72672F323030312F584D4C536368656D612220786D6C6E733A7873693D22687474703A2F2F7777772E77332E6F72672F323030312F584D4C536368656D612D696E7374616E6365222065787072657373696F6E4C616E67756167653D22687474703A2F2F7777772E77332E6F72672F313939392F5850617468222069643D226D3136313131303439353135363622206E616D653D2222207461726765744E616D6573706163653D22687474703A2F2F7777772E61637469766974692E6F72672F746573742220747970654C616E67756167653D22687474703A2F2F7777772E77332E6F72672F323030312F584D4C536368656D61223E0A20203C70726F636573732069643D2262616F7869616F70726F6365737322206973436C6F7365643D2266616C73652220697345786563757461626C653D227472756522206E616D653D2262616F7869616F50726F63657373222070726F63657373547970653D224E6F6E65223E0A202020203C73746172744576656E742069643D2273746172746576656E743122206E616D653D225374617274222F3E0A202020203C757365725461736B2061637469766974693A61737369676E65653D22247B696E707574557365727D222061637469766974693A6578636C75736976653D2274727565222069643D22757365727461736B3122206E616D653D22E59198E5B7A5E794B3E8AFB7E68AA5E99480222F3E0A202020203C73657175656E6365466C6F772069643D22666C6F77312220736F757263655265663D2273746172746576656E743122207461726765745265663D22757365727461736B31222F3E0A202020203C757365725461736B2061637469766974693A6578636C75736976653D2274727565222069643D22757365727461736B3222206E616D653D22E983A8E997A8E7BB8FE79086E5AEA1E689B9223E0A2020202020203C657874656E73696F6E456C656D656E74733E0A20202020202020203C61637469766974693A7461736B4C697374656E657220636C6173733D226F72672E64657369676E2E7574696C732E4D616E616765725461736B48616E646C657222206576656E743D22637265617465222F3E0A2020202020203C2F657874656E73696F6E456C656D656E74733E0A202020203C2F757365725461736B3E0A202020203C73657175656E6365466C6F772069643D22666C6F77322220736F757263655265663D22757365727461736B3122207461726765745265663D22757365727461736B32222F3E0A202020203C656E644576656E742069643D22656E646576656E743122206E616D653D22456E64222F3E0A202020203C73657175656E6365466C6F772069643D22666C6F773322206E616D653D22E4B88DE5908CE6848F2220736F757263655265663D22757365727461736B3222207461726765745265663D22656E646576656E7431223E0A2020202020203C636F6E646974696F6E45787072657373696F6E207873693A747970653D2274466F726D616C45787072657373696F6E223E0A20202020202020203C215B43444154415B247B6D6573736167653D3D27E4B88DE5908CE6848F277D5D5D3E0A2020202020203C2F636F6E646974696F6E45787072657373696F6E3E0A202020203C2F73657175656E6365466C6F773E0A202020203C757365725461736B2061637469766974693A61737369676E65653D227A68616E67222061637469766974693A6578636C75736976653D2274727565222069643D22757365727461736B3322206E616D653D22E8B4A2E58AA1E5AEA1E6A0B8222F3E0A202020203C73657175656E6365466C6F772069643D22666C6F773422206E616D653D22E98791E9A29DE5B08FE4BA8EE7AD89E4BA8E353030302220736F757263655265663D22757365727461736B3222207461726765745265663D22757365727461736B33223E0A2020202020203C636F6E646974696F6E45787072657373696F6E207873693A747970653D2274466F726D616C45787072657373696F6E223E0A20202020202020203C215B43444154415B247B6D6573736167653D3D27E98791E9A29DE5B08FE4BA8EE7AD89E4BA8E35303030277D5D5D3E0A2020202020203C2F636F6E646974696F6E45787072657373696F6E3E0A202020203C2F73657175656E6365466C6F773E0A202020203C73657175656E6365466C6F772069643D22666C6F77352220736F757263655265663D22757365727461736B3322207461726765745265663D22656E646576656E7431222F3E0A202020203C757365725461736B2061637469766974693A6578636C75736976653D2274727565222069643D22757365727461736B3422206E616D653D22E680BBE7BB8FE79086E5AEA1E689B9223E0A2020202020203C657874656E73696F6E456C656D656E74733E0A20202020202020203C61637469766974693A7461736B4C697374656E657220636C6173733D226F72672E64657369676E2E7574696C732E4D616E616765725461736B48616E646C657222206576656E743D22637265617465222F3E0A2020202020203C2F657874656E73696F6E456C656D656E74733E0A202020203C2F757365725461736B3E0A202020203C73657175656E6365466C6F772069643D22666C6F773622206E616D653D22E98791E9A29DE5A4A7E4BA8E353030302220736F757263655265663D22757365727461736B3222207461726765745265663D22757365727461736B34223E0A2020202020203C636F6E646974696F6E45787072657373696F6E207873693A747970653D2274466F726D616C45787072657373696F6E223E0A20202020202020203C215B43444154415B247B6D6573736167653D3D27E98791E9A29DE5A4A7E4BA8E35303030277D5D5D3E0A2020202020203C2F636F6E646974696F6E45787072657373696F6E3E0A202020203C2F73657175656E6365466C6F773E0A202020203C73657175656E6365466C6F772069643D22666C6F773722206E616D653D22E4B88DE5908CE6848F2220736F757263655265663D22757365727461736B3422207461726765745265663D22656E646576656E7431223E0A2020202020203C636F6E646974696F6E45787072657373696F6E207873693A747970653D2274466F726D616C45787072657373696F6E223E0A20202020202020203C215B43444154415B247B6D6573736167653D3D27E4B88DE5908CE6848F277D5D5D3E0A2020202020203C2F636F6E646974696F6E45787072657373696F6E3E0A202020203C2F73657175656E6365466C6F773E0A202020203C73657175656E6365466C6F772069643D22666C6F773822206E616D653D22E5908CE6848F2220736F757263655265663D22757365727461736B3422207461726765745265663D22757365727461736B33223E0A2020202020203C636F6E646974696F6E45787072657373696F6E207873693A747970653D2274466F726D616C45787072657373696F6E223E0A20202020202020203C215B43444154415B247B6D6573736167653D3D27E5908CE6848F277D5D5D3E0A2020202020203C2F636F6E646974696F6E45787072657373696F6E3E0A202020203C2F73657175656E6365466C6F773E0A202020203C73657175656E6365466C6F772069643D22666C6F773922206E616D653D22E9A9B3E59B9E2220736F757263655265663D22757365727461736B3222207461726765745265663D22757365727461736B31223E0A2020202020203C636F6E646974696F6E45787072657373696F6E207873693A747970653D2274466F726D616C45787072657373696F6E223E0A20202020202020203C215B43444154415B247B6D6573736167653D3D27E9A9B3E59B9E277D5D5D3E0A2020202020203C2F636F6E646974696F6E45787072657373696F6E3E0A202020203C2F73657175656E6365466C6F773E0A202020203C73657175656E6365466C6F772069643D22666C6F77313022206E616D653D22E9A9B3E59B9E2220736F757263655265663D22757365727461736B3422207461726765745265663D22757365727461736B31223E0A2020202020203C636F6E646974696F6E45787072657373696F6E207873693A747970653D2274466F726D616C45787072657373696F6E223E0A20202020202020203C215B43444154415B247B6D6573736167653D3D27E9A9B3E59B9E277D5D5D3E0A2020202020203C2F636F6E646974696F6E45787072657373696F6E3E0A202020203C2F73657175656E6365466C6F773E0A20203C2F70726F636573733E0A20203C62706D6E64693A42504D4E4469616772616D20646F63756D656E746174696F6E3D226261636B67726F756E643D233343334634313B636F756E743D313B686F72697A6F6E74616C636F756E743D313B6F7269656E746174696F6E3D303B77696474683D3834322E343B6865696768743D313139352E323B696D61676561626C6557696474683D3833322E343B696D61676561626C654865696768743D313138352E323B696D61676561626C65583D352E303B696D61676561626C65593D352E30222069643D224469616772616D2D5F3122206E616D653D224E6577204469616772616D223E0A202020203C62706D6E64693A42504D4E506C616E652062706D6E456C656D656E743D2262616F7869616F70726F63657373223E0A2020202020203C62706D6E64693A42504D4E53686170652062706D6E456C656D656E743D2273746172746576656E7431222069643D2253686170652D73746172746576656E7431223E0A20202020202020203C6F6D6764633A426F756E6473206865696768743D2233322E30222077696474683D2233322E302220783D223336302E302220793D2235302E30222F3E0A20202020202020203C62706D6E64693A42504D4E4C6162656C3E0A202020202020202020203C6F6D6764633A426F756E6473206865696768743D2233322E30222077696474683D2233322E302220783D22302E302220793D22302E30222F3E0A20202020202020203C2F62706D6E64693A42504D4E4C6162656C3E0A2020202020203C2F62706D6E64693A42504D4E53686170653E0A2020202020203C62706D6E64693A42504D4E53686170652062706D6E456C656D656E743D22757365727461736B31222069643D2253686170652D757365727461736B31223E0A20202020202020203C6F6D6764633A426F756E6473206865696768743D2235352E30222077696474683D223130352E302220783D223332352E302220793D223135302E30222F3E0A20202020202020203C62706D6E64693A42504D4E4C6162656C3E0A202020202020202020203C6F6D6764633A426F756E6473206865696768743D2235352E30222077696474683D223130352E302220783D22302E302220793D22302E30222F3E0A20202020202020203C2F62706D6E64693A42504D4E4C6162656C3E0A2020202020203C2F62706D6E64693A42504D4E53686170653E0A2020202020203C62706D6E64693A42504D4E53686170652062706D6E456C656D656E743D22757365727461736B32222069643D2253686170652D757365727461736B32223E0A20202020202020203C6F6D6764633A426F756E6473206865696768743D2235352E30222077696474683D223130352E302220783D223332352E302220793D223236302E30222F3E0A20202020202020203C62706D6E64693A42504D4E4C6162656C3E0A202020202020202020203C6F6D6764633A426F756E6473206865696768743D2235352E30222077696474683D223130352E302220783D22302E302220793D22302E30222F3E0A20202020202020203C2F62706D6E64693A42504D4E4C6162656C3E0A2020202020203C2F62706D6E64693A42504D4E53686170653E0A2020202020203C62706D6E64693A42504D4E53686170652062706D6E456C656D656E743D22656E646576656E7431222069643D2253686170652D656E646576656E7431223E0A20202020202020203C6F6D6764633A426F756E6473206865696768743D2233322E30222077696474683D2233322E302220783D223336302E302220793D223338302E30222F3E0A20202020202020203C62706D6E64693A42504D4E4C6162656C3E0A202020202020202020203C6F6D6764633A426F756E6473206865696768743D2233322E30222077696474683D2233322E302220783D22302E302220793D22302E30222F3E0A20202020202020203C2F62706D6E64693A42504D4E4C6162656C3E0A2020202020203C2F62706D6E64693A42504D4E53686170653E0A2020202020203C62706D6E64693A42504D4E53686170652062706D6E456C656D656E743D22757365727461736B33222069643D2253686170652D757365727461736B33223E0A20202020202020203C6F6D6764633A426F756E6473206865696768743D2235352E30222077696474683D223130352E302220783D223136302E302220793D223337302E30222F3E0A20202020202020203C62706D6E64693A42504D4E4C6162656C3E0A202020202020202020203C6F6D6764633A426F756E6473206865696768743D2235352E30222077696474683D223130352E302220783D22302E302220793D22302E30222F3E0A20202020202020203C2F62706D6E64693A42504D4E4C6162656C3E0A2020202020203C2F62706D6E64693A42504D4E53686170653E0A2020202020203C62706D6E64693A42504D4E53686170652062706D6E456C656D656E743D22757365727461736B34222069643D2253686170652D757365727461736B34223E0A20202020202020203C6F6D6764633A426F756E6473206865696768743D2235352E30222077696474683D223130352E302220783D223531302E302220793D223337302E30222F3E0A20202020202020203C62706D6E64693A42504D4E4C6162656C3E0A202020202020202020203C6F6D6764633A426F756E6473206865696768743D2235352E30222077696474683D223130352E302220783D22302E302220793D22302E30222F3E0A20202020202020203C2F62706D6E64693A42504D4E4C6162656C3E0A2020202020203C2F62706D6E64693A42504D4E53686170653E0A2020202020203C62706D6E64693A42504D4E456467652062706D6E456C656D656E743D22666C6F7731222069643D2242504D4E456467655F666C6F77312220736F75726365456C656D656E743D2273746172746576656E74312220746172676574456C656D656E743D22757365727461736B31223E0A20202020202020203C6F6D6764693A776179706F696E7420783D223337362E302220793D2238322E30222F3E0A20202020202020203C6F6D6764693A776179706F696E7420783D223337362E302220793D223135302E30222F3E0A20202020202020203C62706D6E64693A42504D4E4C6162656C3E0A202020202020202020203C6F6D6764633A426F756E6473206865696768743D222D312E30222077696474683D222D312E302220783D222D312E302220793D222D312E30222F3E0A20202020202020203C2F62706D6E64693A42504D4E4C6162656C3E0A2020202020203C2F62706D6E64693A42504D4E456467653E0A2020202020203C62706D6E64693A42504D4E456467652062706D6E456C656D656E743D22666C6F7732222069643D2242504D4E456467655F666C6F77322220736F75726365456C656D656E743D22757365727461736B312220746172676574456C656D656E743D22757365727461736B32223E0A20202020202020203C6F6D6764693A776179706F696E7420783D223337372E352220793D223230352E30222F3E0A20202020202020203C6F6D6764693A776179706F696E7420783D223337372E352220793D223236302E30222F3E0A20202020202020203C62706D6E64693A42504D4E4C6162656C3E0A202020202020202020203C6F6D6764633A426F756E6473206865696768743D222D312E30222077696474683D222D312E302220783D222D312E302220793D222D312E30222F3E0A20202020202020203C2F62706D6E64693A42504D4E4C6162656C3E0A2020202020203C2F62706D6E64693A42504D4E456467653E0A2020202020203C62706D6E64693A42504D4E456467652062706D6E456C656D656E743D22666C6F7733222069643D2242504D4E456467655F666C6F77332220736F75726365456C656D656E743D22757365727461736B322220746172676574456C656D656E743D22656E646576656E7431223E0A20202020202020203C6F6D6764693A776179706F696E7420783D223337362E302220793D223331352E30222F3E0A20202020202020203C6F6D6764693A776179706F696E7420783D223337362E302220793D223338302E30222F3E0A20202020202020203C62706D6E64693A42504D4E4C6162656C3E0A202020202020202020203C6F6D6764633A426F756E6473206865696768743D2231342E30222077696474683D2233362E302220783D223337372E302220793D223332382E30222F3E0A20202020202020203C2F62706D6E64693A42504D4E4C6162656C3E0A2020202020203C2F62706D6E64693A42504D4E456467653E0A2020202020203C62706D6E64693A42504D4E456467652062706D6E456C656D656E743D22666C6F7734222069643D2242504D4E456467655F666C6F77342220736F75726365456C656D656E743D22757365727461736B322220746172676574456C656D656E743D22757365727461736B33223E0A20202020202020203C6F6D6764693A776179706F696E7420783D223332352E302220793D223238372E35222F3E0A20202020202020203C6F6D6764693A776179706F696E7420783D223236352E302220793D223339372E35222F3E0A20202020202020203C62706D6E64693A42504D4E4C6162656C3E0A202020202020202020203C6F6D6764633A426F756E6473206865696768743D2231342E30222077696474683D2239362E302220783D223235322E302220793D223332392E30222F3E0A20202020202020203C2F62706D6E64693A42504D4E4C6162656C3E0A2020202020203C2F62706D6E64693A42504D4E456467653E0A2020202020203C62706D6E64693A42504D4E456467652062706D6E456C656D656E743D22666C6F7735222069643D2242504D4E456467655F666C6F77352220736F75726365456C656D656E743D22757365727461736B332220746172676574456C656D656E743D22656E646576656E7431223E0A20202020202020203C6F6D6764693A776179706F696E7420783D223236352E302220793D223339372E35222F3E0A20202020202020203C6F6D6764693A776179706F696E7420783D223336302E302220793D223339362E30222F3E0A20202020202020203C62706D6E64693A42504D4E4C6162656C3E0A202020202020202020203C6F6D6764633A426F756E6473206865696768743D222D312E30222077696474683D222D312E302220783D222D312E302220793D222D312E30222F3E0A20202020202020203C2F62706D6E64693A42504D4E4C6162656C3E0A2020202020203C2F62706D6E64693A42504D4E456467653E0A2020202020203C62706D6E64693A42504D4E456467652062706D6E456C656D656E743D22666C6F7736222069643D2242504D4E456467655F666C6F77362220736F75726365456C656D656E743D22757365727461736B322220746172676574456C656D656E743D22757365727461736B34223E0A20202020202020203C6F6D6764693A776179706F696E7420783D223433302E302220793D223238372E35222F3E0A20202020202020203C6F6D6764693A776179706F696E7420783D223531302E302220793D223339372E35222F3E0A20202020202020203C62706D6E64693A42504D4E4C6162656C3E0A202020202020202020203C6F6D6764633A426F756E6473206865696768743D2231342E30222077696474683D2237322E302220783D223432392E302220793D223332392E30222F3E0A20202020202020203C2F62706D6E64693A42504D4E4C6162656C3E0A2020202020203C2F62706D6E64693A42504D4E456467653E0A2020202020203C62706D6E64693A42504D4E456467652062706D6E456C656D656E743D22666C6F7737222069643D2242504D4E456467655F666C6F77372220736F75726365456C656D656E743D22757365727461736B342220746172676574456C656D656E743D22656E646576656E7431223E0A20202020202020203C6F6D6764693A776179706F696E7420783D223531302E302220793D223339372E35222F3E0A20202020202020203C6F6D6764693A776179706F696E7420783D223339322E302220793D223339362E30222F3E0A20202020202020203C62706D6E64693A42504D4E4C6162656C3E0A202020202020202020203C6F6D6764633A426F756E6473206865696768743D2231342E30222077696474683D2233362E302220783D223432312E302220793D223338302E30222F3E0A20202020202020203C2F62706D6E64693A42504D4E4C6162656C3E0A2020202020203C2F62706D6E64693A42504D4E456467653E0A2020202020203C62706D6E64693A42504D4E456467652062706D6E456C656D656E743D22666C6F773130222069643D2242504D4E456467655F666C6F7731302220736F75726365456C656D656E743D22757365727461736B342220746172676574456C656D656E743D22757365727461736B31223E0A20202020202020203C6F6D6764693A776179706F696E7420783D223536322E302220793D223337302E30222F3E0A20202020202020203C6F6D6764693A776179706F696E7420783D223536322E302220793D223137372E30222F3E0A20202020202020203C6F6D6764693A776179706F696E7420783D223433302E302220793D223137372E30222F3E0A20202020202020203C62706D6E64693A42504D4E4C6162656C3E0A202020202020202020203C6F6D6764633A426F756E6473206865696768743D2231342E30222077696474683D2232342E302220783D223533302E302220793D223234362E30222F3E0A20202020202020203C2F62706D6E64693A42504D4E4C6162656C3E0A2020202020203C2F62706D6E64693A42504D4E456467653E0A2020202020203C62706D6E64693A42504D4E456467652062706D6E456C656D656E743D22666C6F7738222069643D2242504D4E456467655F666C6F77382220736F75726365456C656D656E743D22757365727461736B342220746172676574456C656D656E743D22757365727461736B33223E0A20202020202020203C6F6D6764693A776179706F696E7420783D223536322E302220793D223432352E30222F3E0A20202020202020203C6F6D6764693A776179706F696E7420783D223536322E302220793D223437332E30222F3E0A20202020202020203C6F6D6764693A776179706F696E7420783D223337382E302220793D223437332E30222F3E0A20202020202020203C6F6D6764693A776179706F696E7420783D223231322E302220793D223437332E30222F3E0A20202020202020203C6F6D6764693A776179706F696E7420783D223231322E352220793D223432352E30222F3E0A20202020202020203C62706D6E64693A42504D4E4C6162656C3E0A202020202020202020203C6F6D6764633A426F756E6473206865696768743D2231342E30222077696474683D2232342E302220783D223337372E302220793D223435392E30222F3E0A20202020202020203C2F62706D6E64693A42504D4E4C6162656C3E0A2020202020203C2F62706D6E64693A42504D4E456467653E0A2020202020203C62706D6E64693A42504D4E456467652062706D6E456C656D656E743D22666C6F7739222069643D2242504D4E456467655F666C6F77392220736F75726365456C656D656E743D22757365727461736B322220746172676574456C656D656E743D22757365727461736B31223E0A20202020202020203C6F6D6764693A776179706F696E7420783D223332352E302220793D223238342E30222F3E0A20202020202020203C6F6D6764693A776179706F696E7420783D223236382E302220793D223238342E30222F3E0A20202020202020203C6F6D6764693A776179706F696E7420783D223236382E302220793D223137372E30222F3E0A20202020202020203C6F6D6764693A776179706F696E7420783D223332352E302220793D223137372E35222F3E0A20202020202020203C62706D6E64693A42504D4E4C6162656C3E0A202020202020202020203C6F6D6764633A426F756E6473206865696768743D2231342E30222077696474683D2232342E302220783D223237382E302220793D223232312E30222F3E0A20202020202020203C2F62706D6E64693A42504D4E4C6162656C3E0A2020202020203C2F62706D6E64693A42504D4E456467653E0A202020203C2F62706D6E64693A42504D4E506C616E653E0A20203C2F62706D6E64693A42504D4E4469616772616D3E0A3C2F646566696E6974696F6E733E0A, 0);
INSERT INTO `act_ge_bytearray` VALUES ('2702', 1, '请假流程/AbsenceProcess.bpmn', '2701', 0x3C3F786D6C2076657273696F6E3D22312E302220656E636F64696E673D225554462D38223F3E0A3C646566696E6974696F6E7320786D6C6E733D22687474703A2F2F7777772E6F6D672E6F72672F737065632F42504D4E2F32303130303532342F4D4F44454C2220786D6C6E733A7873693D22687474703A2F2F7777772E77332E6F72672F323030312F584D4C536368656D612D696E7374616E63652220786D6C6E733A7873643D22687474703A2F2F7777772E77332E6F72672F323030312F584D4C536368656D612220786D6C6E733A61637469766974693D22687474703A2F2F61637469766974692E6F72672F62706D6E2220786D6C6E733A62706D6E64693D22687474703A2F2F7777772E6F6D672E6F72672F737065632F42504D4E2F32303130303532342F44492220786D6C6E733A6F6D6764633D22687474703A2F2F7777772E6F6D672E6F72672F737065632F44442F32303130303532342F44432220786D6C6E733A6F6D6764693D22687474703A2F2F7777772E6F6D672E6F72672F737065632F44442F32303130303532342F44492220747970654C616E67756167653D22687474703A2F2F7777772E77332E6F72672F323030312F584D4C536368656D61222065787072657373696F6E4C616E67756167653D22687474703A2F2F7777772E77332E6F72672F313939392F585061746822207461726765744E616D6573706163653D22687474703A2F2F7777772E61637469766974692E6F72672F74657374223E0A20203C70726F636573732069643D22416273656E636550726F6365737322206E616D653D22416273656E636550726F6365737342504D4E2220697345786563757461626C653D2274727565223E0A202020203C73746172744576656E742069643D2273746172746576656E743122206E616D653D225374617274223E3C2F73746172744576656E743E0A202020203C757365725461736B2069643D22757365727461736B3122206E616D653D22E59198E5B7A5E794B3E8AFB7E8AFB7E58187222061637469766974693A61737369676E65653D22247B696E707574557365727D223E3C2F757365725461736B3E0A202020203C73657175656E6365466C6F772069643D22666C6F77312220736F757263655265663D2273746172746576656E743122207461726765745265663D22757365727461736B31223E3C2F73657175656E6365466C6F773E0A202020203C757365725461736B2069643D22757365727461736B3222206E616D653D224852E983A8E997A8E7BB8FE79086E5AEA1E689B9223E0A2020202020203C657874656E73696F6E456C656D656E74733E0A20202020202020203C61637469766974693A7461736B4C697374656E6572206576656E743D226372656174652220636C6173733D226F72672E64657369676E2E7574696C732E4D616E616765725461736B48616E646C6572223E3C2F61637469766974693A7461736B4C697374656E65723E0A2020202020203C2F657874656E73696F6E456C656D656E74733E0A202020203C2F757365725461736B3E0A202020203C73657175656E6365466C6F772069643D22666C6F77322220736F757263655265663D22757365727461736B3122207461726765745265663D22757365727461736B32223E3C2F73657175656E6365466C6F773E0A202020203C73657175656E6365466C6F772069643D22666C6F773322206E616D653D22E9A9B3E59B9E2220736F757263655265663D22757365727461736B3222207461726765745265663D22757365727461736B31223E0A2020202020203C636F6E646974696F6E45787072657373696F6E207873693A747970653D2274466F726D616C45787072657373696F6E223E3C215B43444154415B247B6D6573736167653D3D27E9A9B3E59B9E277D5D5D3E3C2F636F6E646974696F6E45787072657373696F6E3E0A202020203C2F73657175656E6365466C6F773E0A202020203C656E644576656E742069643D22656E646576656E743122206E616D653D22456E64223E3C2F656E644576656E743E0A202020203C73657175656E6365466C6F772069643D22666C6F773422206E616D653D22E4B88DE5908CE6848F2220736F757263655265663D22757365727461736B3222207461726765745265663D22656E646576656E7431223E0A2020202020203C636F6E646974696F6E45787072657373696F6E207873693A747970653D2274466F726D616C45787072657373696F6E223E3C215B43444154415B247B6D6573736167653D3D27E4B88DE5908CE6848F277D5D5D3E3C2F636F6E646974696F6E45787072657373696F6E3E0A202020203C2F73657175656E6365466C6F773E0A202020203C757365725461736B2069643D22757365727461736B3322206E616D653D224852E5AEA1E689B9222061637469766974693A61737369676E65653D226368656E223E3C2F757365725461736B3E0A202020203C757365725461736B2069643D22757365727461736B3422206E616D653D22E680BBE7BB8FE79086E5AEA1E689B9223E0A2020202020203C657874656E73696F6E456C656D656E74733E0A20202020202020203C61637469766974693A7461736B4C697374656E6572206576656E743D226372656174652220636C6173733D226F72672E64657369676E2E7574696C732E4D616E616765725461736B48616E646C6572223E3C2F61637469766974693A7461736B4C697374656E65723E0A2020202020203C2F657874656E73696F6E456C656D656E74733E0A202020203C2F757365725461736B3E0A202020203C73657175656E6365466C6F772069643D22666C6F773522206E616D653D22E8AFB7E58187E5A4A9E695B0312D33E5A4A92220736F757263655265663D22757365727461736B3222207461726765745265663D22757365727461736B33223E0A2020202020203C636F6E646974696F6E45787072657373696F6E207873693A747970653D2274466F726D616C45787072657373696F6E223E3C215B43444154415B247B6D6573736167653D3D27E8AFB7E58187E5A4A9E695B0312D33E5A4A9277D5D5D3E3C2F636F6E646974696F6E45787072657373696F6E3E0A202020203C2F73657175656E6365466C6F773E0A202020203C73657175656E6365466C6F772069643D22666C6F773622206E616D653D22E8AFB7E58187E5A4A9E695B02667743B33E5A4A92220736F757263655265663D22757365727461736B3222207461726765745265663D22757365727461736B34223E0A2020202020203C636F6E646974696F6E45787072657373696F6E207873693A747970653D2274466F726D616C45787072657373696F6E223E3C215B43444154415B247B6D6573736167653D3D27E8AFB7E58187E5A4A9E695B03E33277D5D5D3E3C2F636F6E646974696F6E45787072657373696F6E3E0A202020203C2F73657175656E6365466C6F773E0A202020203C73657175656E6365466C6F772069643D22666C6F77372220736F757263655265663D22757365727461736B3322207461726765745265663D22656E646576656E7431223E3C2F73657175656E6365466C6F773E0A202020203C73657175656E6365466C6F772069643D22666C6F773822206E616D653D22E4B88DE5908CE6848F2220736F757263655265663D22757365727461736B3422207461726765745265663D22656E646576656E7431223E0A2020202020203C636F6E646974696F6E45787072657373696F6E207873693A747970653D2274466F726D616C45787072657373696F6E223E3C215B43444154415B247B6D6573736167653D3D27E4B88DE5908CE6848F277D5D5D3E3C2F636F6E646974696F6E45787072657373696F6E3E0A202020203C2F73657175656E6365466C6F773E0A202020203C73657175656E6365466C6F772069643D22666C6F773922206E616D653D22E9A9B3E59B9E2220736F757263655265663D22757365727461736B3422207461726765745265663D22757365727461736B31223E0A2020202020203C636F6E646974696F6E45787072657373696F6E207873693A747970653D2274466F726D616C45787072657373696F6E223E3C215B43444154415B247B6D6573736167653D3D27E9A9B3E59B9E277D5D5D3E3C2F636F6E646974696F6E45787072657373696F6E3E0A202020203C2F73657175656E6365466C6F773E0A202020203C73657175656E6365466C6F772069643D22666C6F77313022206E616D653D22E5908CE6848F2220736F757263655265663D22757365727461736B3422207461726765745265663D22757365727461736B33223E0A2020202020203C636F6E646974696F6E45787072657373696F6E207873693A747970653D2274466F726D616C45787072657373696F6E223E3C215B43444154415B247B6D6573736167653D3D27E5908CE6848F277D5D5D3E3C2F636F6E646974696F6E45787072657373696F6E3E0A202020203C2F73657175656E6365466C6F773E0A20203C2F70726F636573733E0A20203C62706D6E64693A42504D4E4469616772616D2069643D2242504D4E4469616772616D5F416273656E636550726F63657373223E0A202020203C62706D6E64693A42504D4E506C616E652062706D6E456C656D656E743D22416273656E636550726F63657373222069643D2242504D4E506C616E655F416273656E636550726F63657373223E0A2020202020203C62706D6E64693A42504D4E53686170652062706D6E456C656D656E743D2273746172746576656E7431222069643D2242504D4E53686170655F73746172746576656E7431223E0A20202020202020203C6F6D6764633A426F756E6473206865696768743D2233352E30222077696474683D2233352E302220783D223439302E302220793D2237302E30223E3C2F6F6D6764633A426F756E64733E0A2020202020203C2F62706D6E64693A42504D4E53686170653E0A2020202020203C62706D6E64693A42504D4E53686170652062706D6E456C656D656E743D22757365727461736B31222069643D2242504D4E53686170655F757365727461736B31223E0A20202020202020203C6F6D6764633A426F756E6473206865696768743D2235352E30222077696474683D223130352E302220783D223435352E302220793D223136302E30223E3C2F6F6D6764633A426F756E64733E0A2020202020203C2F62706D6E64693A42504D4E53686170653E0A2020202020203C62706D6E64693A42504D4E53686170652062706D6E456C656D656E743D22757365727461736B32222069643D2242504D4E53686170655F757365727461736B32223E0A20202020202020203C6F6D6764633A426F756E6473206865696768743D2235352E30222077696474683D223130352E302220783D223435352E302220793D223238302E30223E3C2F6F6D6764633A426F756E64733E0A2020202020203C2F62706D6E64693A42504D4E53686170653E0A2020202020203C62706D6E64693A42504D4E53686170652062706D6E456C656D656E743D22656E646576656E7431222069643D2242504D4E53686170655F656E646576656E7431223E0A20202020202020203C6F6D6764633A426F756E6473206865696768743D2233352E30222077696474683D2233352E302220783D223439302E302220793D223430302E30223E3C2F6F6D6764633A426F756E64733E0A2020202020203C2F62706D6E64693A42504D4E53686170653E0A2020202020203C62706D6E64693A42504D4E53686170652062706D6E456C656D656E743D22757365727461736B33222069643D2242504D4E53686170655F757365727461736B33223E0A20202020202020203C6F6D6764633A426F756E6473206865696768743D2235352E30222077696474683D223130352E302220783D223236362E302220793D223339302E30223E3C2F6F6D6764633A426F756E64733E0A2020202020203C2F62706D6E64693A42504D4E53686170653E0A2020202020203C62706D6E64693A42504D4E53686170652062706D6E456C656D656E743D22757365727461736B34222069643D2242504D4E53686170655F757365727461736B34223E0A20202020202020203C6F6D6764633A426F756E6473206865696768743D2235352E30222077696474683D223130352E302220783D223634302E302220793D223339302E30223E3C2F6F6D6764633A426F756E64733E0A2020202020203C2F62706D6E64693A42504D4E53686170653E0A2020202020203C62706D6E64693A42504D4E456467652062706D6E456C656D656E743D22666C6F7731222069643D2242504D4E456467655F666C6F7731223E0A20202020202020203C6F6D6764693A776179706F696E7420783D223530372E302220793D223130352E30223E3C2F6F6D6764693A776179706F696E743E0A20202020202020203C6F6D6764693A776179706F696E7420783D223530372E302220793D223136302E30223E3C2F6F6D6764693A776179706F696E743E0A2020202020203C2F62706D6E64693A42504D4E456467653E0A2020202020203C62706D6E64693A42504D4E456467652062706D6E456C656D656E743D22666C6F7732222069643D2242504D4E456467655F666C6F7732223E0A20202020202020203C6F6D6764693A776179706F696E7420783D223530372E302220793D223231352E30223E3C2F6F6D6764693A776179706F696E743E0A20202020202020203C6F6D6764693A776179706F696E7420783D223530372E302220793D223238302E30223E3C2F6F6D6764693A776179706F696E743E0A2020202020203C2F62706D6E64693A42504D4E456467653E0A2020202020203C62706D6E64693A42504D4E456467652062706D6E456C656D656E743D22666C6F7733222069643D2242504D4E456467655F666C6F7733223E0A20202020202020203C6F6D6764693A776179706F696E7420783D223435352E302220793D223330372E30223E3C2F6F6D6764693A776179706F696E743E0A20202020202020203C6F6D6764693A776179706F696E7420783D223339382E302220793D223330372E30223E3C2F6F6D6764693A776179706F696E743E0A20202020202020203C6F6D6764693A776179706F696E7420783D223339382E302220793D223138382E30223E3C2F6F6D6764693A776179706F696E743E0A20202020202020203C6F6D6764693A776179706F696E7420783D223435352E302220793D223138372E30223E3C2F6F6D6764693A776179706F696E743E0A20202020202020203C62706D6E64693A42504D4E4C6162656C3E0A202020202020202020203C6F6D6764633A426F756E6473206865696768743D2231342E30222077696474683D223130302E302220783D223337312E302220793D223234302E30223E3C2F6F6D6764633A426F756E64733E0A20202020202020203C2F62706D6E64693A42504D4E4C6162656C3E0A2020202020203C2F62706D6E64693A42504D4E456467653E0A2020202020203C62706D6E64693A42504D4E456467652062706D6E456C656D656E743D22666C6F7734222069643D2242504D4E456467655F666C6F7734223E0A20202020202020203C6F6D6764693A776179706F696E7420783D223530372E302220793D223333352E30223E3C2F6F6D6764693A776179706F696E743E0A20202020202020203C6F6D6764693A776179706F696E7420783D223530372E302220793D223430302E30223E3C2F6F6D6764693A776179706F696E743E0A20202020202020203C62706D6E64693A42504D4E4C6162656C3E0A202020202020202020203C6F6D6764633A426F756E6473206865696768743D2231342E30222077696474683D223130302E302220783D223531302E302220793D223335392E30223E3C2F6F6D6764633A426F756E64733E0A20202020202020203C2F62706D6E64693A42504D4E4C6162656C3E0A2020202020203C2F62706D6E64693A42504D4E456467653E0A2020202020203C62706D6E64693A42504D4E456467652062706D6E456C656D656E743D22666C6F7735222069643D2242504D4E456467655F666C6F7735223E0A20202020202020203C6F6D6764693A776179706F696E7420783D223530372E302220793D223333352E30223E3C2F6F6D6764693A776179706F696E743E0A20202020202020203C6F6D6764693A776179706F696E7420783D223331382E302220793D223339302E30223E3C2F6F6D6764693A776179706F696E743E0A20202020202020203C62706D6E64693A42504D4E4C6162656C3E0A202020202020202020203C6F6D6764633A426F756E6473206865696768743D2231342E30222077696474683D223130302E302220783D223338352E302220793D223334372E30223E3C2F6F6D6764633A426F756E64733E0A20202020202020203C2F62706D6E64693A42504D4E4C6162656C3E0A2020202020203C2F62706D6E64693A42504D4E456467653E0A2020202020203C62706D6E64693A42504D4E456467652062706D6E456C656D656E743D22666C6F7736222069643D2242504D4E456467655F666C6F7736223E0A20202020202020203C6F6D6764693A776179706F696E7420783D223530372E302220793D223333352E30223E3C2F6F6D6764693A776179706F696E743E0A20202020202020203C6F6D6764693A776179706F696E7420783D223639322E302220793D223339302E30223E3C2F6F6D6764693A776179706F696E743E0A20202020202020203C62706D6E64693A42504D4E4C6162656C3E0A202020202020202020203C6F6D6764633A426F756E6473206865696768743D2231342E30222077696474683D223130302E302220783D223535382E302220793D223335302E30223E3C2F6F6D6764633A426F756E64733E0A20202020202020203C2F62706D6E64693A42504D4E4C6162656C3E0A2020202020203C2F62706D6E64693A42504D4E456467653E0A2020202020203C62706D6E64693A42504D4E456467652062706D6E456C656D656E743D22666C6F7737222069643D2242504D4E456467655F666C6F7737223E0A20202020202020203C6F6D6764693A776179706F696E7420783D223337312E302220793D223431372E30223E3C2F6F6D6764693A776179706F696E743E0A20202020202020203C6F6D6764693A776179706F696E7420783D223439302E302220793D223431372E30223E3C2F6F6D6764693A776179706F696E743E0A2020202020203C2F62706D6E64693A42504D4E456467653E0A2020202020203C62706D6E64693A42504D4E456467652062706D6E456C656D656E743D22666C6F7738222069643D2242504D4E456467655F666C6F7738223E0A20202020202020203C6F6D6764693A776179706F696E7420783D223634302E302220793D223431372E30223E3C2F6F6D6764693A776179706F696E743E0A20202020202020203C6F6D6764693A776179706F696E7420783D223532352E302220793D223431372E30223E3C2F6F6D6764693A776179706F696E743E0A20202020202020203C62706D6E64693A42504D4E4C6162656C3E0A202020202020202020203C6F6D6764633A426F756E6473206865696768743D2231342E30222077696474683D223130302E302220783D223536312E302220793D223430302E30223E3C2F6F6D6764633A426F756E64733E0A20202020202020203C2F62706D6E64693A42504D4E4C6162656C3E0A2020202020203C2F62706D6E64693A42504D4E456467653E0A2020202020203C62706D6E64693A42504D4E456467652062706D6E456C656D656E743D22666C6F7739222069643D2242504D4E456467655F666C6F7739223E0A20202020202020203C6F6D6764693A776179706F696E7420783D223639322E302220793D223339302E30223E3C2F6F6D6764693A776179706F696E743E0A20202020202020203C6F6D6764693A776179706F696E7420783D223639322E302220793D223138372E30223E3C2F6F6D6764693A776179706F696E743E0A20202020202020203C6F6D6764693A776179706F696E7420783D223536302E302220793D223138372E30223E3C2F6F6D6764693A776179706F696E743E0A20202020202020203C62706D6E64693A42504D4E4C6162656C3E0A202020202020202020203C6F6D6764633A426F756E6473206865696768743D2231342E30222077696474683D223130302E302220783D223730302E302220793D223238312E30223E3C2F6F6D6764633A426F756E64733E0A20202020202020203C2F62706D6E64693A42504D4E4C6162656C3E0A2020202020203C2F62706D6E64693A42504D4E456467653E0A2020202020203C62706D6E64693A42504D4E456467652062706D6E456C656D656E743D22666C6F773130222069643D2242504D4E456467655F666C6F773130223E0A20202020202020203C6F6D6764693A776179706F696E7420783D223639322E302220793D223434352E30223E3C2F6F6D6764693A776179706F696E743E0A20202020202020203C6F6D6764693A776179706F696E7420783D223639322E302220793D223530312E30223E3C2F6F6D6764693A776179706F696E743E0A20202020202020203C6F6D6764693A776179706F696E7420783D223331382E302220793D223530312E30223E3C2F6F6D6764693A776179706F696E743E0A20202020202020203C6F6D6764693A776179706F696E7420783D223331382E302220793D223434352E30223E3C2F6F6D6764693A776179706F696E743E0A20202020202020203C62706D6E64693A42504D4E4C6162656C3E0A202020202020202020203C6F6D6764633A426F756E6473206865696768743D2231342E30222077696474683D223130302E302220783D223530302E302220793D223437392E30223E3C2F6F6D6764633A426F756E64733E0A20202020202020203C2F62706D6E64693A42504D4E4C6162656C3E0A2020202020203C2F62706D6E64693A42504D4E456467653E0A202020203C2F62706D6E64693A42504D4E506C616E653E0A20203C2F62706D6E64693A42504D4E4469616772616D3E0A3C2F646566696E6974696F6E733E, 0);
INSERT INTO `act_ge_bytearray` VALUES ('2703', 1, '请假流程/AbsenceProcess.png', '2701', 0x89504E470D0A1A0A0000000D49484452000006370000027108020000008192770A0000465649444154789CECDD7D8C63D57D37708B4018D220266D1A86948093FE819534ACD544DDA17F144354762AB5CD4845619A3F362345908DD2A6AB2A6A27AD60A2267455E565D2A668DB26749EF6E1E954D1925143C834B0744A804C7959060889C3EE86210BC4E12DA6EC82D99DDDBD8FD706AFD7637BEC5DCF1C5FFBF3D111BA6B5F5F1FDF7B7D38BFAFEEF5242200000000082D11BA030000000020A502000000A00B48A900000000084F4A050000004078522A00000000C2935201000000109E940A00000080F0A454000000008427A502000000203C291500000000E149A900000000084F4A050000004078522A00000000C2935201000000109E940A00000080F0A454000000008427A502000000203C291500000000E149A900000000084F4A050000004078522A00000000C2935201000000109E940A00000080F0A454000000008427A502000000203C291500000000E149A900000000084F4A050000004078522A00000000C2935201000000109E940A00000080F0A454000000008427A502000000203C291500000000E149A900000000084F4A050000004078522A00000000C2935201000000109E940A00000080F0A454000000008427A502000000203C291500000000E149A900000000084F4A050000004078522A00000000C2935201000000109E940A00000080F0A454000000008427A502000000203C291500000000E149A900000000084F4A050000004078522A00000000C2935201000000109E940A00000080F0A454000000008427A502000000203C291500000000E149A900000000084F4A050000004078522A00000000C2935201000000109E940A00000080F0A454000000008427A502000000203C291500000000E149A900000000084F4A050000004078522A00000000C2935201F4AC42A1303B3B3B3939393A3A9A79DDC8C848F1919999997C3E1FBA83000000C749A9007AD0ECECECC8C8C8C0C0C0E8E8E8E4E4E48E1D37DFBEF38E72BBE55BB75E7BED75636363838383C3C3C3D3D3D3A13B0B0000708C940AA0A72C2E2E663299D1D1D15BBE75EBA1E5C3CDDB5D77DFB379F347D2E9F4FCFC7CE88E030000FD4E4A05D03BB66DDB964EA76FDF79C7AAF95475BBFF815D975E7AE9962D5B0A8542E84F000000F42F2915402F28140A6363631313136DE553D5EDEF6FB82193C9E472B9D01F050000E853522A80D82B140AC3C3C3333333271D51556E002C6E67696929F407020000FA91940A20F6C6C6C64E3DA2AADCFD373C3CECD63F000060FD49A900E26DDBB66DA772A3DFCAB663C7CDA3A3A3A13F160000D077A4540031B6B8B8984EA73B185195DB35D77C6CFBF6EDA13F1C0000D05FA4540031964EA7EF7F6057C753AA7D4F3E75E18549F7FD010000EB494A051057B3B3B3A3A3A31D8FA8CAED939FFC93A9A9A9D01F110000E823522A80B8CA6432B7EFBC638D52AA7D4F3E35343414FA230200007D444A05104BF97C7E7070708D22AA72DBB871E3C2C242E80F0A0000F40B2915402C4D4F4F8F8F8FAF694AF5B9EBAF9F989808FD410100807E21A50288A52D5BB66CDFBE7D4D53AADB77DE91C964427F500000A05F48A90062696464E4966FDDBAA629D59EBD7B2FBC3019FA83020000FD424A05104BE974FAFE0776AD694AF5D2FE03030303A13F280000D02FA45400B1343434B4EFC9A7D634A52AB644C2FF2600008075A2FC0088A5542AF5FD471F95520100003D43F901104B994CE6F69D77F85D2A0000A06748A90062697C7CFC6B37DEB8A629D55D77DFB371E3C6D01F140000E817522A80589A9A9AFAE427FF644D53AAAFDD78E3E6CD1F09FD410100807E21A50288A5A5A5A56432B9A629D5A64D9BE6E6E6427F500000A05F48A900E26A4D7F40FDA5FD070607070B8542E84F090000F40B2915405CADE94D7F5FF8E2178B1B0FFD110100803E22A50288AB42A1904C26F73DF9D45A5C4875E185C95C2E17FA230200007D444A0510633333331FBAEA2A17520100003D404A05106FBFFFC10FEED871730723AAEF3FFAE8860D1B5EDA7F20F427030000FA8B940A20DEF2F9FCC68D1B3BF533EACF3EF7FC860D1BF6ECDD1BFA630100007D474A05107BD96C76E3C68D7BF6EE3DF588EAF73FF8C15BBE756BE80F040000F4232915402F585C5CDCB061C35D77DF732A37FA6DDCB851440500008422A502E811F97CFED24B2FBDF6DAEB9E7DEEF9B6F2A997F61FF8C217BF58BE6D30F487000000FA97940AA077140A856BAFBDEEA28B525FF8E2175FDA7FA09588EA6B37DE585CFF939FFC93679F7B3E74F7010080BE26A502E835B95C6EEBD6AD838383BFFFC10F7EEDC61BEF7F60574D32557CE4A69BFEDF87AEBAAAB8CEE6CD1F595A5A0ADD650000002915408F2A140AB3B3B3E3E3E31B366C489CA8F8C887AEBA6A6666269FCF87EE260000C06BA45400FD627C7C3C74170000001A925201F48B44C2980F0000742F150B40BF9052010000DD4CC502D02FA4540000403753B100F40B29150000D0CD542C00FD424A0500007433150B40BF9052010000DD4CC502D02FA4540000403753B100F40B29150000D0CD542C00FD424A0500007433150B40BF9052010000DD4CC502D02FA4540000403753B100F40B29150000D0CD542C00FD424A0500007433150B40BF9052010000DD4CC502D02FA4540000403753B100F40B29150000D0CD542C00FD424A0500007433150B40BF9052010000DD4CC502D02FA4540000403753B100F40B29150000D0CD542C00FD424A0500007433150B40BF9052010000DD4CC502D02FA4540000403753B100F40B29150000D0CD542C00FD424A0500007433150B40BF9052010000DD4CC502D02FA4540000403753B100F40B29150000D0CD542C00FD424A0500007433150B40BF9052010000DD4CC502D02FA4540000403753B100F40B29150000D0CD542C00FD424A0500007433150B40BF9052010000DD4CC502D02FA4540000403753B100F40B29150000D0CD542C00FD424A0500007433150B40BF9052010000DD4CC502D02FA4540000403753B100F40B29150000D0CD542C00FD424A0500007433150B40BF9052010000DD4CC502D02FA4540000403753B100F40B29150000D0CD542C00FD424A0500007433150B402F9B9999492412030303E974BAB830343454FCEF9BDEF4A66C361BBA6B00000027905201F4B26F7CE31B89152EBBECB2D9D9D9D05D0300003881940AA097150A8533CF3CB33AA2BAF8E28B878686F2F97CE8AE0100009C404A05D0E33EFDE94F9F7EFAE99594EAE31FFFF8C4C444E84E010000D4925201F4BE73CF3DB71C515D75D555C964B2502884EE110000402D291540EFBBF3CE3BCF38E38C4422313232E217A9000080EE24A502E80B975F7E7939A50ADD11000080FAA454007D2197CB2512896C361BBA23000000F549A900FA452261CC070000BA978A05606D150A85999999B1B1B14C26934C2613FDAAF8D98B7B607474747A7A3A9FCF873E2C000040D7915201ACA1B9B9B9643239363676D34D37DDBE73E79EBD7B0F2D2FF7672B7EF6E21ED8B163C7E6CD9B8BFB647A7A3AF4C1010000BA8B940A604DE4F3F9F1F1F14D9B36ED7B72DFA1E5435A757BF6B967376FDE5CDC39B95C2EF481020000BA85940AA0F3F2F97C3A9DFEDA8D5F3DB47C506BD46EF9D62D1B376E5C5A5A0A7DB8000080AE20A502E8BCF1F1F15244F5AAD6BCDDBEF3B64B2FFDADD0870B0000E80A522A800E9B9B9BDBB4E98AE5C305AD95F6677FFEA9EBAFFF6CE8830600008427A502E8A442A1904C269F7C6A69F9F02B5A2B6DFF819F6FD87071369B0D7DE8000080C0A454009D343D3D3D3E3EBE7CF8E54ABB6CE47713ADA97E555FB5EBAFFFAB898989D0870E0000084C4A05D049A3A3A33B6EFEF7E311D5159B7E1A454F1C89762F473F38183D7430BA7FFFE1A99BEFF8CE532FDE7B28FA9F42746F21BAEBE5E8B657A3BFBDEB916BB67C2C786014A43DB06B219D4E873E7400004060522A804E4AA5528F3EFAE0F2E103E5964824F647D181A3D18B87A3170E452F47D19FFEC57589D3DE3C7CC5E853CBD1BE83D1BE57A3A542B4E770F4F5EF3D54BA9CEA401FB6FD079E1F1818087DE8000080C0A454009D343838F8DCF34F2D1FDE5F6E8944E2E523D1C123C79E3A7CF4D87FBF79EB7FBEFD577FED2F3FF785C351F4D2E1E8C5E5E885E5281F45B7DDF77029A5DADF9FADF8D9C31E3800002038550140279592A6972AADF8CF0387A3E75F890E1D796D857C3EFFA5AFFCC3673FFF957D4FE78AFF5C3E1A1D2AA557F73CF050CD6BFBAA49A9000000550140279592A6FFADB46329D591E8D997A39FED8F96A3E8D0C183A98B2E4A24DE90480C5CF9879BAB5F78FFAE076B5EDB574D4A050000A80A003AA99434BD5869E53BFE9E7F257AFAA5E89957A3FB1FFDF1B9E79EFB86D3DF78D6396F1DFBF00929D57D0FECAA796D5F3529150000A02A00E8A452D294AFB4E23F5F391ABD5038762DD5B3AF463BEFCBBE77C3FBDEFACB6F3B67F02DFFF02F5F7F358AF61F8C5E3E78EC85772DDC57F3DABE6A522A0000405500D0498944E2F0E19F575A397C79E5E8B15F49FFF9A1E8E99796EF796469C3AFBFFFB2DFFE9D670E463F2B44CF14A2E70F4607A3E8AE7BEFAB796D5F3529150000A02A00E8A49AA42973D9A50FFF70F7FD8F641716B377EFCADEFDE063F73CBCF7BFEEFDC1F71E79FCCE5D8F7D77D78FEE7EF0470B0F3DF6C8EE9FDCF08F377EE8AA0F054F8BA45400004028AA02804E2AA5542F54B74F7CE2638916FCC19557D6BCB0AF9A940A0000501500745229A57A5E6BB749A9000000550140271D4BA98E3CA7B5DBA454000080AA00A0934A29D5B35ABB4D4A050000A80A003AA994523DA3B5DBA454000080AA00A0934A29D5CFB4769B940A0000501500B46D6666666969A9EE53A5942AA7B5DB1AA5544D76350000D063A45400ED79ECB1C71225679F7DF68E1D3B6A9E95527524A5CAE7F31FFEF087CBFBF9BCF3CE13540100403F905201B4A750289C76DA69E500E58C33CE78CF7BDE539DA19452AA9FB6DB12F59CC476AA37D8CA8327F748F3C74FBAC3957DB87DFBF6818181F24E282E0C0D0DE572B900471A0000585F522A80B60D0D0D55C749679D75D6473FFAD142A1109552AA23479E6EB7AD7C55CD237563ACB2163758FD78F34DB5B24ECD0A2BFF79127BA0B8F7B2D9ECBBDEF5AEEA4D0D0F0F2793C9D0071C0000580F522AA02F2C2E2ECEAF30B9C2D6AD5B332B2493C9262151BD1CE7A9765B5BDB69F4D44974A995DED65DA7FC60F57FDBDA66DD0D1677755BFB99B6144FE3CA295D3CD5E7E6E6F2F97CE8EF2500009C404A05C45BA15028E74DCD43A5743ABD327E5A99524D4D4DAD0CB356FE28D239E79C53D9F26849716BD96C367AED5AAA27D7B4357A8BEAC71B2D573F58A3AD75CACBD5FF5DB57BAB7EA8E2DE2BEEEA0F7CE003EF78C73B2AEF78F6D967178FDDFA9F57BDA7B86FABF3D9919191C1C1C1E2793B3B3B1BBA6B0000F01A29151057C5627B7474746060A09C373509953A2B9FCF970394542A75F5D55717FF3B33335379B694D1EC6BAB35B9FEA5D1FAAB3E5E7779E536576EAAAD75AAFBB96AB757DD09957D38373777E185179E7FFEF9E5AD9D79E699E5BB29E9B8F297289D4E9733560000084B4A05C44F2E972B5F0C15E43290279E7862606060646424994C4E4C4CD4DC3655CA687ED2566BF4929378BC71DA75C26B9BAFD6D63AED7ED8263BA17A37160A85C9C9C90B2EB8209D4E17FFBBB8B8B8BE07B9BF14776F713F5787AD00001084940A8899B9B9B9542A353F3F1FB00FB3B3B3D3D3D3752FDA3AC594AAD172BBE9D5AACB351B39B975AAA3ABBAA1D849A75465C53D5CDCCF6E495B078542616C6CACB8B74377040080BE26A502E26476763693C974F3AF3E97329A27DA6AD52F69B4DC68FD76B75359AE779154DBEB347A55BB7BA0FCAAD087AEDF150A85E2976B61612174470000E85FAA022036969696D2E9743747545139A53ABAD456AB7E49A3E546EBD73CDEC8CAD7D66CE4E4D6A9DE7EA357B5BE13421F3A8E7DC552A9945F01030020145501101BC3C3C3DD7FA14729A379FCE45AF9B5AFE73EABACD6FCF15597EB25596DAF53D393557BDEFC43853E741CB375EBD6A9A9A9D0BD0000A04FA90A8078989D9D1D1D1D0DDD8BD595629A1FB7DB5ECF779A3D52FD542B1B6CFE462BDFAEDD75567DA4DD3D10FAD0714C369B4DA552A17B0100409F521500F130323232373717BA17AB2BC5347B5B6FAF47420D9FADACD344A3173679BC7A859A8DB4BE4EA335DBDA039557853E74BC2616172D0200D0935405400CE472B9A1A1A1D0BD684929A3D9A3B5DBA454DDC34D7F000084A22A0062202EB7FB45AFA554BBB5769B94AA7BC4E8EB0600408F5115003110A38B3BA45452AAB8F3D354000084A22A00622093C9CCCFCF87EE454B1289C4D1A38F69ED362955F7585A5A4A2693A17B0100403F5215003110A39F732EA5543FD2DA6D52AAAEE2700000108469281003C96472696929742F5A524AA9B25ABB4D2CD2551C0E000082300D0562607070309FCF87EE454B4A29D50FB5769B58A4AB381C000004611A0AC4408C6AE6818181575E79F0E8D11F686DB5181DE27EE070000010846928100331AA9993C9E4E38F7FE7E8D147B5B65A8C0E713F7038000008C23414888118D5CC232323DF9EDB7E34FABED67AFB61F69BA9542AF4A1E3B8187DE30000E825A6A1400CC4A866DEB66DDBC4C44783E73EF16AFF3CFDB9F1F1F1D0878EE362F48D0300A0979886023110A39A79696929957AE72B85FB8F468F682DB6D1D1CB676767431F3A8E8BD1370E00805E621A0AC440BC6AE6C963B61C8D1ED65A69FF36F337636323A10F1A2788D7370E00809E611A0AC440BC6AE642A190C9BC7F61E15FA3E821AD79CBE576A652EFCCE7EF0A7DD03841BCBE710000F40CD350200662573367B3D974FAA26C76368A16B5462D97DB99C9BC7F7EFEABA10F17B562F78D0300A0379886023110C79A796161219DBE68DBB63F8EA207B5956D76F68BA954727EFE9F421F28EA88E3370E00801E601A0AC4404C6BE642A13031319EC9BC6F7AFA33B9DC6D51B44BCBE7FF7B66E6AFC7C6368D8E668ACBA10F11F5C5F41B070040DC9986023110EB9A797E7E7E7CFCF786867E294122313878F6D8D81533337F1DFAB0D04C22CEDF380000E2CB341488013573478C8F8F87EE02F1E01B07004010A6A1400CA8993BC26EA4454E15000082300D056240CDDC1176232D72AA00001084692810036AE68EB01B699153050080204C43811850337784DD488B9C2A000004611A0AC4809AB923EC465AE45401002008D3502006D4CC1D6137D222A70A00004198860231A066EE08BB91163955000008C234148801357347D88DB4C8A902004010A6A1400CA8993BC26EA4454E15000082300D056240CDDC1176232D72AA00001084692810036AE68EB01B699153050080204C43811850337784DD488B9C2A000004611A0AC4809AB923EC465AE45401002008D3502006D4CC1D6137D222A70A00004198860231A066EE08BB91163955000008C234148801357347D88DB4C8A902004010A6A1400CA8993BC26EA4454E15000082300D056240CDDC1176232D72AA00001084692810036AE68EB01B699153050080204C43811850337784DD488B9C2A000004611A0AC4809AB923EC465AE45401002008D3502006D4CC1D6137D222A70A00004198860231A066EE08BB91163955000008C234148801357347D88DB4C8A902004010A6A1400CA8993BC26EA4454E15000082300D05D65C75C57B72D5AF9AB923EC465AE45401002008D350A0C31255AA1F8C56C4554DACDCE6FA74BEB7D98DB4C8A902004010A6A1C05AA929749BFFB3F9536AE68EB01B699153050080204C4381CEAB7BE554DD479ABCBCF9239C04BB91163955000008C23414E8BC9A4CAA6E3855BD5073A39F946A8DD88DB4C8A902004010A6A140E7ADBC72AAD13ACD1756AECCA9B01B699153050080204C4381CEABB93C6AD56BA91A2DAC7C15A7C26EA4454E15000082300D05D6508B29953BFED687DD488B9C2A000004611A0AAC89BA3F4DE5D7D3C3B21B699153050080204C43810E6B7455544DDD2BA55A7F76232D72AA000010846928B0869A5F4BD544A3ED702AEC465AE45401002008D350604D54FF747AF3DFA5AAFBDA551FE124D88DB4C8A902004010A6A1400CA8993BC26EA4454E15000082300D056240CDDC1176232D72AA00001084692810036AE68EB01B699153050080204C43811850337784DD488B9C2A000004611A0AC4809AB923EC465AE45401002008D3502006D4CC1D6137D222A70A00004198860231A066EE08BB91163955000008C234148801357347D88DB4C8A902004010A6A1400CA8993BC26EA4454E15000082300D056240CDDC1176232D72AA00001084692810036AE68EB01B699153050080204C43811850337784DD488B9C2A000004611A0AC4809AB923EC465AE45401002008D3502006D4CC1D6137D222A70A00004198860231A066EE08BB91163955000008C234148801357347D88DB4C8A902004010A6A1400CA8993BC26EA4454E15000082300D056240CDDC1176232D72AA00001084692810036AE69336333353DC7B030303E974BAB830343454FCEF9BDEF4A66C361BBA6B742FDF38000082300D056240CD7CD2BEF18D6F2456B8ECB2CB66676743778DEEE51B07004010A6A1400CA8994F5AA15038F3CC33AB23AA8B2FBE786868289FCF87EE1ADDCB370E0080204C43811850339F8A4F7FFAD3A79F7E7A25A5FAF8C73F3E313111BA537435DF38000082300D056240CD7C8ACE3DF7DC724475D555572593C942A110BA477435DF38000082300D056240CD7C8AEEBCF3CE33CE38A3B81B474646FC2215ABF28D03002008D3502006D4CCA7EEF2CB2F2FA754A13B420CF8C601001084692810036AE65397CBE58ABB319BCD86EE0831E01B07004010A6A1400CA8993BC26EA4454E15000082300D056220D63573A150989999191B1BCB6432C96432D1AF8A9FBDB807464747A7A7A7F3F97CE8C3423389387FE30000882FD3502006E25B33CFCDCD2593C9B1B1B19B6EBAE9F69D3BF7ECDD7B6879B93F5BF1B317F7C08E1D3B366FDE5CDC27D3D3D3A10F0E0DB5FE8DAB5E33BEDF530000BA840925100371AC7EF3F9FCF8F8F8A64D9BF63DB9EFD0F221ADBA3DFBDCB39B376F2EEE9C5C2E17FA405147A36F5CF5C571352BD73CD2C45A771E0080F8325904622076956D3E9F4FA7D35FBBF1AB87960F6A8DDA2DDFBA65E3C68D4B4B4BA10F17B556FDC6D5ACD0FC9F6D6D1900807E66B208C440EC2ADBF1F1F15244F5AAD6BCDDBEF3B64B2FFDADD0878B5AABC64CAB5E4B75125B06000093452006E255D9CECDCD6DDA74C5F2E182D64AFBB33FFFD4F5D77F36F441E304ADA75475C3A9EA859A1BFDE2F55D0600609D992C023110A3CAB650282493C9279F5A5A3EFC8AD64ADB7FE0E71B365C9CCD66431F3A8E6BEB5AAA262F6FB20000002B992C023110A3CA767A7A7A7C7C7CF9F0CB9576D9C8EF36FF31E98AEA57F555BBFEFABF9A9898087DE838AE794A557D79D4AAD752355A000080954C1681188851653B3A3ABAE3E67F3F1E515DB1E9A751F4C49168F772F48383D14307A3FBF71F9EBAF98EEF3CF5E2BD87A2FF2944F716A2BB5E8E6E7B35FADBBB1EB966CBC782074641DA03BB16D2E974E843C771AD7CE35A4CA9DCF1070040EB4C1681188851659B4AA51E7DF4C1E5C307CAADD8F3FD5174E068F4E2E1E88543D1CB51F4A77F715DE2B4370F5F31FAD472B4EF60B4EFD568A910ED391C7DFD7B0F952EA73AD0876DFF81E7070606421F3A8E6BE586BE9AE0C9AFA7030070EA4C1681188851653B3838F8DCF34F2D1FDE5F6EC59EBF7C243A78E4D853878F1EFBEF376FFDCFB7FFEAAFFDE5E7BE70388A5E3A1CBDB81CBDB01CE5A3E8B6FB1E2EA554FBFBB3C5E810F7834687A3D1555135EB4BA900003839268B400CC4A8B22D254D2F555AF19F070E47CFBF121D3AF2DA0AF97CFE4B5FF987CF7EFE2BFB9ECE15FFB97C343A544AAFEE79E0A19AD7F6558BD121EE07ADDFF11735B896AA8935EA3300003DC06411888181818142A110BA172D29254DFF5B69C752AA23D1B32F473FDB1F2D47D1A1830753175D9448BC219118B8F20F3757BFF0FE5D0FD6BCB6AF9AF0A2ABAC7AC75F25996AFEBB54ED6E1900803E67B208C44032995C5A5A0ADD8B969492A6172BAD7CC7DFF3AF444FBF143DF36A74FFA33F3EF7DC73DF70FA1BCF3AE7AD631F3E21A5BAEF815D35AFEDAB26BCE82A0E0700004198860231904EA717171743F7A225A5A4295F69C57FBE72347AA170EC5AAA675F8D76DE977DEF86F7BDF597DF76CEE05BFEE15FBEFE6A14ED3F18BD7CF0D80BEF5AB8AFE6B57DD5C4225DC5E100002008D35020063299CCFCFC7CE85EB4A458DE1F3EFCF34A2B57FBAF1C3DF62BE93F3F143DFDD2F23D8F2C6DF8F5F75FF6DBBFF3CCC1E86785E89942F4FCC1E86014DD75EF7D35AFEDAB2616E92A0E0700004198860231303E3E3E3D3D1DBA172DA9499A32975DFAF00F77DFFF487661317BF7AEECDD0F3E76CFC37BFFEBDE1F7CEF91C7EFDCF5D87777FDE8EE077FB4F0D0638FECFEC90DFF78E387AEFA50F0B4484A4524A502002010D3502006A6A7A7C7C7C743F7A225A594EA85EAF6894F7CACF99F3C2BFB832BAFAC79615F35B148577138000008C2341488816C369B4AA542F7A225A594EA79ADDD2616E92A0E07000041988602F110971F503F96521D794E6BB78945BA8AC301004010A6A1403C4C4D4D6DDDBA35742F56574AA99ED5DA6D6291AEE270000010846928100F854221994CE672B9D01D594529A57A466BB78945BA8AC301004010A6A1406CCCCFCF673299D0BD584529A5FA99D66E138B741587030080204C438138999C9CECF2FBFE4A29554E6BB78945BA8AC301004010A6A140CC4C4C4C8C8C8CE4F3F9D01DA94F4A25A5EA010E07000041988602F1333737974C26272727BBF067AA4A29D54F3BD59A6FADF26CA29E163752B3C126DB597583D5FD3989B70E7DE838CEE100002008D3502096F2F9FCE4E46432991C1919292ECCCFCF87EED16B8AE5FD91234F9F7AAB898A6A1EA95EADD1CB572EAFDC66F583356B562FD44DAFEA6EAAD1422B9F37F4A1E33887030080204C4381182B140A737373939393994C66D52465DD1C39F254FDB6FB33975CF299DD35CBC585EA175FFD7F1BBDBCB2E5666FD1DACA350FAE5CB966A1F93BAEFAF256FA9C108B741387030080204C43013AA914C73C59BFBD964C9DB85CFDE0917FBD3AF1BEA9DDC796ABB7535EAE3CB27261656BF492BAAFAA5EAD5EE8567FE32B1FACACDF56572B2B843E741CE770000010846928402795E2987DF5DB6B81D489CBD50F1ED977EBD589AB6F7D6DB9BCA9CA066BFE59B35CD32A2BBF9E1CD5DF66CD769A2F34BE76ACCE76AA9F6DB64FAA5E1BFAD0719CC301004010A6A1009D544A647E52BFED9E3CE1E6BE4B2677971F2C2F1C6BFFA7742DD54F1AE7413FA9DE7E93F7AABB5AA307576EBCC9422BCB351B6FB8434EEC70E843C7710E0700004198860274D22A29552590AA2C9F185D5D3275E7AAC153DDE4E824566E142AAD8CC61A3D5513423549BBA454F1E270000010846928402795729927EAB7DDD75D72C975BB6B968F3F387D75E2D7A776BFB6F28A24E889CA96572EAC6C9597D46CA1E69146DB69FE48DDE5EA6DB6D2C395DB0F7DE838CEE100002008D350804E3A96CB1C5DAADFF69402A99AE59A07137F786B69B97A3BE5E5CA232B1756B6B69EAADE609D4BA51A3F55BD42BB3D5CD987D0878EE31C0E000082300D05E8A4522EF378FDB6E7DA4B2EB97677CD72F583471FBFF59A44A2F4CFEAED9497AB52A1131EAFDB6A566BFEAA9A151AADD3FA72758757ED6A6585D0878EE31C0E000082300D05E8A4521CF3E3536F2BAE57FAF1CA2D3779AFCA4B567D552BEBB4F86CE5F1957D5E75B78845BA8AC301004010A6A1009D548A63F69E7AABDE4E7979E596EBBE5755B055FFF113C3AF555668F4168DDEB76EE71B6DA7E6E5A10F1DC7391C000004611A0AD049A538668FD66E138B741587030080204C43013AA99452EDD6DA6D6291AEE270000010846928402749A9A4543DC0E100002008D350804E2A96F7478F3EA6B5DBC4225DC5E100002008D350804E2AA5543FD2DA6D6291AEE27000001084692840279552AAACD66E138B741587030080204C43013AA99452FD506BB78945BA8AC301004010A6A1009D343030F0CA2B0F1E3DFA03ADAD2616E92A0E07000041988602745232997CFCF1EF1C3DFAA8D656138B741587030080204C43013A696464E4DB73DB8F46DFD75A6F3FCC7E33954A853E741C27A502002008D350804EDAB66DDBC4C44783E73EF16AFF3CFDB9F1F1F1D0878EE3A454000004611A0AD0494B4B4BA9D43B5F29DC7F347A446BB18D8E5E3E3B3B1BFAD0719C940A0080204C43013A6CF2982D47A387B556DABFCDFCCDD8D848E883C609A454000004611A0AD0618542219379FFC2C2BF46D1435AF396CBED4CA5DE99CFDF15FAA071022915000041988602745E369B4DA72FCA6667A368516BD472B99D99CCFBE7E7BF1AFA70514B4A05004010A6A1006B626161219DBE68DBB63F8EA207B5956D76F68BA954727EFE9F421F28EA9052010010846928C05A29140A1313E399CCFBA6A73F93CBDD1645BBB47CFEBF6766FE7A6C6CD3E868A6B81CFA10519F940A0080204C4301D6D6FCFCFCF8F8EF0D0DFD5282446270F0ECB1B12B6666FE3AF461A19984940A0080104C4301D6CAFCFC7CE82E9C607C7C3C74178E2B7666767636742FA84F4A05004010A6A1009D97CBE546474733994CE88E9CA0ABA287A5A5A5E22E1A1919C966B3A1FB42ADAE3A550000E81FA6A1009D54281426272793C964175E28D485D1C3DCDC5C3A9D9E989828EEB7D07DE1B82E3C550000E807A6A1001D333B3B9B4C26272727BB3373E9CEE8A1B8AFB66DDBD69DB95EDFEACE530500809E671A0AD001D96C3693C98C8E8EE672B9D07D69A89BA387F23D926E00EC12DD7CAA0000D0C34C43014E493E9FDFBA756B2A95EAB6DF4A5FA9FBA30737007689EE3F550000E849A6A100276FFBF6EDC964726A6A2A74475A128BE8C10D80DD2016A70A0000BDC73414E0642C2C2CA4D3E92D5BB6E4F3F9D07D69558CA287CA1F4974036010313A550000E825A6A100EDC9E572636363C3C3C38B8B8BA1FBD29ED8450FF3F3F3A9546A6262224651606F88DDA90200406F300D056855E566B4999999D07D3919318D1E8AFB3C954AC5749FC7544C4F150000E2CE3414A025737373E5EB7AE2FBC3DEF18D1ECAD7AFB90170DDC4F754010020D64C43015691CD66474A96969642F7E594C43D7A7003E0BA89FBA90200404C9986023494CFE727262652A9D4DCDC5CE8BE74406F440F6E005C07BD71AA0000103BA6A1D05F56169F8DCAD10E96A9D59B8A51F5BB7DFBF6542AB56DDBB6D01DE99818EDFCE6DC00B8D67AE6540100205E4C43A1EF94EBCF4403D5AB553FB8729D465B589949ADFCEF29F67FD5F73D450B0B0BC3C3C35BB66CC9E5729DDA6637E8B1E8A17C03E0D6AD5BDD00D8713D76AA00001017A6A1D0EFEA96A34D72A526EBB7F2160DD6FCF635896BBEDDE089B2BA4F77BC96CEE572E3E3E3C3C3C30B0B0B9DDD7237E8C9E8616A6A2A954A4D4F4F87EE484FE9C953050080EE671A0AFDABAD6BA06A9E5AB9A916B75FEFEDCA4954BD18EA7878553FC6EA602D5D2814CA3F78D4C37947AF460F956C717171F1D4B7B6722F35DA6F1DDC9F2D24B9EBAA1BFA0000401F320D85FEB2F2CEB8BA35794DA214D54F979A6DA4EE3BAE5C88A23D5FFECD6BBEDDF85AAAD7AD6D4A353737974EA77BFE8FC7F576F4B0B0B0503C881DB90170E539DF28CC6DFE1D69B4859599D4CAFF9E449F577DAF76F7000000AC33D350E83BAD54E0AB56CB4D4AE2BADB596DCBCD52AA3D5FFECDC4EB975AB5F8BEAD5B5A5A1A29E987DFE1EE87E8612D6E00ACBBDF9AE44A4DD66FE52D5A394C6B7D276C3F9C2A00007421D350E83B3581D1CAC7A315495674623CD4649B4DDEA84955DF3CA56AB2C6A9D4D2F97C7E626222954ACDCDCD9DF446E2A54FA2870EDE00D82406ED484A5577FBABA7AE6B7F276C9F9C2A0000741BD350E83BD5E1512B15F8CA57D5DD60A3B2B66E01DF24A5AA5C2452537DEFF9F26FFEE697F7B4FEBECDCDCCCCA452A96DDBB6150A859378794CF555F470D23700AE8C87EA9EF31D497257BE639D2F5AF12B5173EA1F27A50200A0A7988642DF699437D54DA9AA2BF0BAAF8A1AA7457523B05553AA460FAF5CE3E452AAC5C5C5E1E1E1B1B1B15C2ED7D60B7B401F460F535353C96472FBF6ED6DBD6A65EAD4F2997CC2469A5BF95E0DB75CBEEBF5C4E4764DEF84EDC3530500806E601A0A7DA7BA186E54CAD6ADC0EB96BB2B5FD5E8BD9AACD6E48EBFCAA555752FA46ABCC13A72B9DC962D5BD2E9F4C2C2422BEBF79EFE8C1EF2F97CF1B80F0F0FB77EDCEB9EB751BDB3AEFABBD33C156AFE60F537AEEEB7AF6CE565551DBF13B6535B00008093601A0A7DA7BAA8AE79BC66B995DC6AE5C61BBD5D93EDB4AB95F7AD51FE51ED76AFA9E931FD1C3D2C2C2C0C0F0F6FD9B2A5951B004F2EC96D946DD55DB9EEDB355CB9DEB55495673A78276CA32E0100C0FA300D85BED3E8FAA6261578A34B481A6D7FE53A4D4AFA763BBFEAFBD6989F9F4FA55227F1FB44BD47F4B07DFBF6566E003CE96BA9EABE2A6A9C1CD58DC06A576E7A0155A7EE84ADDB6100005867A6A140CF5A5A5A1A1D1DCD6432D96C36745FBA82E8216AED06C093BB962A6A1095360F679B64C14D74F04ED8BA9C2A000004611A0AF4A042A1303939994AA566676743F7A58BAC75F410A368A3F90D802B2F8FAA3C5EB3DC4A6EB572E38DDEAEC9765AD1CA7B9DF4A60000601D988602BD66666626994C4E4E4E160A85D07DE92E4D2E116A74EBD9A9AC13E643B6A3D10D808DAE6F6A9225D57DAAD14EA84EC16AB6B0723BAD68E5BDDA128BC3070040EF310D057AC7E2E2622693191B1BCBE572A1FBD28D9A440F759F6A7DFD93CB56BA41F906C07EFECB8F75C5EB200200D0334C43815E90CFE7B76EDD9A4EA7E7E7E743F7A57B9D5C4A55F722A9464FC5EE72AAB2C5C5C5E1E1E1F1F171F966598C8E1D0000BDC4341488BDA9A9A9643259FC6FE88E74BB263785B5F578B4DAC55331CD38A6A7A753A99413298AED11040020EE4C4381189B9F9F4FA7D35BB76EADFB1BD8D46874C1D4CA5F44AA5EBFC9B554D55B88E95554352A17E5F5F90D80F13D820000C49A6928104BB95C6E6C6C2C93C92C2E2E86EE4B6C34C9A1EAAE5037BD6AE547BEE39E71B80130EE4710008098320D0562A650284C4E4E2693C9999999D07D8999463F79DE28726A3DA5EA996BA9AAF5F30D80BD71040100881DD350204E66676753A9D4E4E464A15008DD97F8A98EA59A5C0C55935EAD7AC75FA3EDF480BEFD55FEDE3B940000C4826928100FD96C76646464747474696929745FE26A2D7E3DBDD13D83BD14732C2E2E663299B1B1B1FEB901B0970E1F000031621A0A74BBF2F52CA9546A6E6E2E745FE26D1D52AA260FC6DDCCCC4CF124DCB66D5BE88EAC871E3B760000C4856928D0D5B66FDFDEB7BF0DD4711D49A95AFC4B7F4D361B5FF97C7E6262A27842F6FC0D80BD77EC00008805D350A04B2D2C2C0C0F0F6FD9B2A57F6EB35A6BA2878EC866B33D7F03A053050080204C4381AE532CFEC7C6C686878717161642F7A5A7881E3AA8B76F0074AA000010846928D0450A8542B1EC2F16FF333333A1FBD283440F9DD5C337003A55000008C23414E816737373C582BF58F6178BFFD07DE94DA287B5D09337003A55000008C2341408AF58E78F942C2D2D85EE4B2F133DAC9D9999996432B96DDBB642A110BA2F1DE05401002008D35020A4F23D53E9747A6E6E2E745F7A9FE8614D150A859E39999D2A000004611A0A04333D3D5DFEFDE9DEB8FCA4FB891ED641F9C2C0D1D1D158DF00E85401002008D3502080858585E1E1E1F1F1F15857F2B1237A5837B3B3B3B1BE01D0A902004010A6A1C0BACAE5725BB66C191E1E5E585808DD97BE237A584FB1BE01D0A902004010A6A14087FDC77FFCC7AFFCCAAF6CDBB66DE553C50753A9D4F6EDDBD7BF5744A287101ADD00F8777FF7779FFAD4A742F56A554E15000082300D053AE9DE7BEF4D949C79E699D5F73ACDCDCDA552A98989897C3E1FB07B7D4EF4104AF906C0C9C9C9F297A2F82D281E8BB7BCE52DC56F44E8AED5E75401002008D350A0932EB8E082724AF5DEF7BEB75899171F595A5A1A1D1D1D1919C966B3A17BD7EF440F01150A85C9C9C9542A353737F7A52F7DA9FC35191C1CECCEDCD6A902004010A6A140C77CF9CB5F4EBCEE177EE117DEF39EF76CDDBAB5589697E32A82133D04B7B4B4F41BBFF11BA79D765AE56B72C5155784EE541D4E15000082300D053A239FCF0F0C0C244E74F6D967DF7BEFBDA1BBC66B440FC17DEA539FAAF98E9C77DE799FFFFCE743F7AB9653050080204C4381CE181D1D3DEBACB3D2E974269379EB5BDFFA96B7BCE51DEF7847B1D6DDBA756BE8AEF11AD14370131313C5A330343474D145175D78E1856F7CE31B8BDF94F3CF3FBFDBFEE4A553050080204C4381CE181E1E2E56B66F7FFBDB7FF1177FF1231FF9C8FCFCFCD2D252E84E7102D14397287E358A5F90C9C9C92BAFBCB2F87D291E9777BFFBDDA13B7502A70A0000419886029D313535954C26B76FDF1EBA2334247AE84EE5BF8039393919BA23C73955000008C23414DA502814666666C6C6C632994C32994CF4ABE2672FEE81D1D1D1E9E9E9EEFC0B65D495103D7437234C99110600A06FA958A055737373C5DAA95840DE74D34DB7EFDCB967EFDE43CBCBFDD98A9FBDB80776ECD8B179F3E6E23E295692A10F0E0DCDCCCC14CBFE818181743A9D28FD2252F1BF6F7AD39BB2D96CE8AE7102238C110600002915AC2E9FCF8F8F8F6FDAB469DF93FB0E2D1FD2AADBB3CF3D5BAC248B3B2797CB853E50D4F18D6F7C63E5B52A975D76D9ECEC6CE8AEF11A238C11060080322915ACA25840A6D3E9AFDDF8D543CB07B546ED966FDDB271E3463F97DE850A85C299679E591D515D7CF1C54343436EA4EA124618230C000015522A58C5F8F878A9807C556BDE6EDF79DBA597FE56E8C3451D9FFEF4A74F3FFDF44A4AF5F18F7F7C62622274A7788D11C60803004085940A9A999B9BDBB4E98AE5C305AD95F6677FFEA9EBAFFF6CE883461DE79E7B6E39A2BAEAAAAB92C964A15008DD238E31C218610000A826A582868A957CB19E7FF2A9A5E5C3AF68ADB4FD077EBE61C3C57E96BB0BDD79E79D679C71462291181919F18B545DC20863840100A086940A1A9A9E9E1E1F1F5F3EFC72A55D36F2BB2DFE25F5EA57F555BBFEFABF72375977BAFCF2CBCB2955E88EF01A238C110600801A522A6868747474C7CDFF7EBC80BC62D34FA3E88923D1EEE5E80707A3870E46F7EF3F3C75F31DDF79EAC57B0F45FF5388EE2D4477BD1CDDF66AF4B7773D72CD968F052FE782B407762DA4D3E9D0878E3A72B95C2291701D4AF730C218610000A821A5828652A9D4A38F3EB87CF840B9152BFCFD5174E068F4E2E1E88543D1CB51F4A77F715DE2B4370F5F31FAD472B4EF60B4EFD568A910ED391C7DFD7B0F952E7638D0876DFF81E7070606421F3AEA2B9E96A1BBC0714618230C000035542CD0D0E0E0E073CF3FB57C787FB915CBC2978F44078F1C7BEAF0D163FFFDE6ADFFF9F65FFDB5BFFCDC170E47D14B87A31797A31796A37C14DD76DFC3A51A727F7F365148F728140AB3B3B3939393A3A3A399D78D8C8C141F999E9ECEE572A13BD8D78C30461800006A98EA4143A53AF0A54A2BFEF3C0E1E8F957A243475E5B219FCF7FE92BFFF0D9CF7F65DFD3C7AAFDE5A3D1A1526D79CF030FD5BCB6AF9A1AB21BCCCECE8E8E8EAEFAF346E9747AFBF6EDBDFD27FFBAF68434C218610000A861AA070D95EAC0FFADB46335E491E8D997A39FED8F96A3E8D0C183A98B2E4A24DE90480C5CF9879BAB5F78FFAE076B5EDB574D0D19D6FCFCFCF0F0708B3FC25D964C26BBE10FFFADDACF56565B759D709FAF56C20863840100E044A67AD050A90E7CB1D212A5FB719E7F257AFAA5E89957A3FB1FFDF1B9E79EFB86D3DF78D6396F1DFBF00935E47D0FECAA796D5F353564288542617C7CBC269449A7D37FF6677FBE63C7CDB7EFBCA3D2AEBDF6BA4D9B36D5AC393A3A9ACFE7437F8813D43D979A9C60354F55FFB30B4F4B238C110600801AA67AD050A90ECC575AF19FAF1C8D5E281CBBD2E1D957A39DF765DFBBE17D6FFDE5B79D33F8967FF897AFBF1A45FB0F462F1F3CF6C2BB16EEAB796D5F35356410B95CAEE612AA4F7EF24FF6ECDD7B68F970A3F6EC73CFFFFD0D370C0D0D555E924C26171717437F94E39AA454752F926AF454775E4E658431C2000050C3540F1A2AD642870FFFBCD2CAA551B18C7C7139FAF9A1E8E99796EF796469C3AFBFFFB2DFFE9D670E463F2B44CF14A2E70F46C52AF2AE7BEFAB796D5F3535E4FA5B5A5A4A26939514666464A4793E5593555D7BED7595D70E0C0C2C2C2C84FE40C7343A915ABC966AE56ADD76661A618C300000D430D583866AEAC0CC65973EFCC3DDF73F925D58CCDEBD2B7BF7838FDDF3F0DEFFBAF707DF7BE4F13B773DF6DD5D3FBAFBC11F2D3CF4D823BB7F72C33FDEF8A1AB3E14BC965343F68942A1507D15D5E7AEBFBEC57CAABADD74D3FF1B1818A85C5115FCCFFFD55C1E55F354D4F45AAAEA2D74E75554654618230C0000354CF5A0A1520DF94275FBC4273EB6EACD44457F70E595352FECABA6865C6763636395736FC78E9B4F22A22AB7FB1FD835383858DE4E269309F8896A22A744BD5F9B5AF5C1985C4B658431C20000709CA91E3454AA219FD7DA6D6AC8F5343B3B5B092F4EEE2AAAEA76CBB76EAD6C6D6A6A2AC827AA1B4EAD5C6E25A55A694D7BDE2E238C110600801AA67AD0D0B11AF2C8735ABB4D0DB99ED2E974397F19191939C588AADC2ABF51353434542814D6F3B3D404497573A8286AF58EBF46DBE91E4618230C0000354CF5A0A1520DF9ACD66E5343AE9B9999997240333030B0EFC9A73A9252BDB4FF40E5AFFE6DDDBA35E0A76B74223539C1562659751FEF124618230C0000354CF5A0A1520DF98CD66E5343AE9B4C26538E933EF9C93FE94844556E5FBBF1C6F266070707037EBA0EA6544D1E0CC80863840100A086A91E3454AA217FA6B5DBD490EB239FCF576E76EBD485549576E185C9F296E7E7E7437DC0B652AA46F7FDB5785760104618230C0000354CF5A0A1520D99D3DA6D6AC80E9A9999595A5AAAFBD4F4F4743979C964329D8DA88AED9A6B5EFB6373131313ED768C1619618C300000D430D58386D4906AC8B01E7BECB1725474F6D967EFD8B1A3E6D92D5BB6949F3DF53FEDB7B2DDBEF38EF2C6878787ABDF349FCF7FF8C31F2E3F75DE79E709AA4E8511C6080300400D533D68A85443FEB43B5BA3BE551E5FB9B09E7D0B7DE87A44A15038EDB4D3CA91D019679CF19EF7BCA73A151A1919293F75CBB76EED784AB567EFDEF2C693C964E51DB76FDF3E303050F9BDF6A1A1A15C2E1760BFF48A4E7D37576EA795479A6C6DA5AE1A828C3000003DCC540F1A2AD642478E3CDD25AD6EE958ADB25AA385F5EC6AE843D73B2A7F6EAFECACB3CEFAE8473F5A28148A4FA5D3E9F283F73FB0ABE32955B155DEB4F85ED96CF65DEF7A57754F868787AB032C4E4207BF9BD59BAABBD9EA01A1EEB851F967A331A47B8620230C00400F33D583864AC5D5536BDB767FE6924B3EB3BB66B9B8505DFC5DFD7F8BCF36EF4CE5D95616D6BA254ABF94B46A4DCB29AA04587BF6EE5D8B94AAB27D4773ED74E4EBB6EAC6EBBE51CD8389D5868EE6BD5DF5E51D1C8212522A0080DE65AA070D956AAA27D7B6BD964C9DB85CFDE0917FBD3AF1BEA9DDB52FACDBB7AAEAF4F80A2B17D6BAA9213BE89C73CEA91CD6D1924C2693CD668B4FA552A9F2E3DF7FF4D1B548A92A37F715DF6B6969E9031FF8C03BDEF18E4A67CE3EFBEC743A1D7AF7C45B47BE928D36D27C0458F9AAEAD5EA055E5D3404196100007A98A91E3454AAA9F6AD6D7B2D903A71B9FAC123FB6EBD3A71F5ADC7169A5E34F1DACA95E59A67D7E3B354F521F4A1EB11F97CBE7C0453A9D4D5575F5DFCEFCCCC4CE5D9CA254EB7EFBCA3E311D5B3CF3D5FDEF8E0E060E51DE7E6E62EBCF0C2F3CF3FBFFCD499679E59BEF79093D3916F65A38DAC1C0A6A9EAA7961F5FA4D16BA610832C20000F430533D68A85456FD646DDBEEC9136EEEBB647277F9C1F2C2B1F67F4AD7521D5BAEEECFAACBD50BEBF141AA9A1AB2539E78E289818181919191643239313191CFE7AB9F1D1F1F2F1FDCBFBFE1868EA754DF7FF4D1F2C66B2E982A140A939393175C7041F1F1E27F171717D77797F4948E7C311B6DA4E6F19523C3CA51A2FCCFBA63488BC3CEFA0C41461800801E66AA070DAD534A5509A42ACB274657974CDD595349D6BB90E127D5EB342A2CD7A7A9213B687676767A7ABAFA4FFB556CDBB6AD7CB8376FFE48C753AACF5D7F7D79E36363632BDFBAD89F62AF8A7D5BF3CFDFD33A9552B5322C341A0D1A854A7537D5254390110600A08799EA4143A5E2EA89B56DBBAFBBE492EB76D72C1F7F70FAEAC4AF4FED7E6DE5EAFED45D7EBD3EAC7D70CD3FC5894D0DB93EB2D96CF9880F0E0EBEB4FF406753AA4B2FBDB4BCF1E9E9E9D01FB467ADCF77F3C42CE9847F361A525A7924E01064840100E861A67AD0D0B1E2EAE8D2DAB63DA540AA66B9E6C1C41FDE5A5A6E7621C3EB1BAC2CAF5C58B7A6865C37C964B27C02ECD871730723AA3D7BF7564EAD9ADB0CE9A08E7F37EB0E05ABAEB972C46834C274C91064840100E861A67AD050A9B87A7C6DDB9E6B2FB9E4DADD35CBD50F1E7DFCD66B1289D23FABFBB3EA7279E1F502B276B5356D6AC875333131513EC41B366CE8E0E554BFFFC10F96373B3A3A1AFA23F6B28E7C252BDFF4554786464FD55DA1D13ADD3004196100007A98A91E3454AAA97EDC9DAD51DF2A8FBF5E1C9EF0C8BAF52DF4A1EB17F97C7E6868A87CAC3F77FDF51D89A8EEBAFB9ECA05327E1C7D4D75E42B59F3355FF9606528683280B4B24EF70C41461800801E66AA070D956AAABDDDD9EAF6EDF5B2B07685AABB72D6A96FA10F5D1F999A9A2A1FDC818181DB77DE71EAF7FA5562AF2D5BB684FE703DEED4BF9275BFE64DBEEC897A565DA1D168136A0832C20000F430533D68A85453EDD1DA6D6AC875363C3C5C8E00868686F6ECDD7BD211D54BFB0F6CD8B0A1B2A95C2E17FA93F538238C110600801AA67AD050A986DCADB5DBD490EB6C6969697070B0922EDDFFC0AE9388A8F63DF95425A21A1818989F9F0FFDB17A9F11C6080300400D533D68480DA9868C8BF9F9F9CA4D550303037F7FC30DEDFE1655E546BFA2A9A9A9D01FA82F18618C300000D430D583868AB5D0D1A38F69ED36356410B3B3B3952BAA12A5BFFA77CBB76E6DE512AA0F5D7555F52F1089A8D68D11C6080300400D533D68A85443FE486BB7A92143C966B3A954AA3A72DAB061C3B5D75EF7FD471F5D194EFDFD0D376CDAB4A97AE5C1C14137FAAD27238C110600801AA67AD050A986CC6AED36356440F97C7E7272726060A0EE5F6ADBB87163A3A7C6C6C6FC5CFA3A33C218610000A861AA070D956AC81F6AED36356470B95C6E7C7CBC6E1AB552269359585808DDE57E648431C2000050C3540F1A1A181878E595078F1EFD81D6565343768942A1303333333E3E9E4EA76B92A96432393A3ABA7DFB76D74F05648431C2000050C3540F1A2A56F28F3FFE9DA3471FD5DA6A6A48688511C6080300400D533D68686464E4DB73DB8F46DFD75A6F3FCC7E33954A853E7410034618230C000035A454D0D0B66DDB26263E1ABC2A8B57FBE7E9CF8D8F8F873E7410034618230C000035A454D0D0D2D2522AF5CE570AF71F8D1ED15A6CA3A397CFCECE863E7410034618230C000035A454D0CCE4315B8E460F6BADB47F9BF99BB1B191D0070D62C30863840100A09A940A9A29140A99CCFB1716FE358A1ED29AB75C6E672AF5CE7CFEAED0070D62C30863840100A09A940A5691CD66D3E98BB2D9D9285AD41AB56201592CB6E7E7BF1AFA7041CC18618C3000005448A960750B0B0BC53272DBB63F8EA207B5956D76F68BA954727EFE9F421F288825238C11060080322915B4A450284C4C8C6732EF9B9EFE4C2E775B14EDD2F2F9FF9E99F9EBB1B14DA3A399E272E8430431668431C200001049A9A02DF3F3F3E3E3BF3734F44B091289C1C1B3C7C6AE289691A10F0BF408234C35230C00401F9252412C8D8F8F87EE02D0B38C3000000421A582F8B9F7DE7B1389443E9F0FDD11A037154798D05D0000A01F998642FC5C70C105C51AF28FFEE88F427704E84D522A000082300D8598F9F297BF5CFED196F3CE3B6F7171317477801E24A502002008D35088937C3E3F3030504EA9DEF8C637BEEF7DEF0BDD23A00749A9000008C23414E2647474B4FA6F605D70C105D3D3D3A13B05F41A29150000419886426CE4F3F9957FACFDFCF3CF2F140AA1BB06F41429150000419886426C7CF5AB5F2D2753EF7DEF7B2B29D5BBDFFDEEF9F9F9D05D037A8A940A0080204C432136BEFBDDEFBEF9CD6F4E2693838383C51A72A8E46D6F7B9B940AE82C29150000419886429C2C2E2E2E2D2D45AFD790C5657FE60FE83829150000419886422CA92181B5638401002008D35088253524B0768C30000004611A0AB1A48604D68E11060080204C432196D490C0DA31C2000010846928C4921A12583B4618000082300D85585243026BC70803004010A6A1104B6A4860ED1861000008C2341462490D09AC1D230C0000419886422CA92181B5638401002008D35088253524B0768C30000004611A0AB1A48604D68E11060080204C432196D490C0DA31C2000010846928C4921A12583B4618000082300D85585243026BC70803004010A6A1104B6A4860ED1861000008C2341462490D09AC1D230C0000419886422CA92181B5638401002008D35088253524B0768C30000004611A0AB1A48604D68E11060080204C432196D490C0DA31C2000010846928C4921A12583B4618000082300D85585243026BC70803004010A6A1104B6A4860ED1861000008C2341462490D09AC1D230C0000419886422CA92181B5638401002008D35088253524B0768C30000004611A0AB1A486A4E39C54543819000008C2341462490DC9AA124DADBA4ED8CE139613000080204C432196D490ACAAC94952F354F53F9D5A444E03000002310D85585243B2AAF24952F722A9464FB99C8A32471F0080204C432196D490ACAAC56BA956AEE6ECC23900004010A6A1104B030303854221742FE86AAB5E4B5559EDFFB77787BAC964610086F7322A4756F61290237B09C84A64DDC84A2E814BA81CC9255456229148EC92559BF6FF37CDEE262F03CFA30881E413E464CE9B3983BBA8F8C26F00008084CB5058A461180E87433D0557ED7B90FAE59BEEA5E23BBF010000122E4361919E9E9E3E3E3EEA29B86A3FAF54EEA5E2EF8EC7E3C3C3433D050000F7C856041669B55AEDF7FB7A0AAEDA0F4FFC7DF93C1C0E876118EA290000B847F624B048EBF57AB7DBD55370D57EF2F4F42FD1EAFB0BEED03CCFE338D6530000708FEC43609176BBDD7ABDAEA7E0AAFD8B4AF50F6F723FA6BFD4530000708F6C4260913E3F3F1F1F1FEB29B86ABF3BD6F7937FFAFBDDD7B907E338CEF35C4F0100C03DB20981A5F20075E07F773C1E8761389FCFF5200000DC23950A966ABBDD6E369B7A0AE0A65858000008A954B054E7F3791886E3F1580F02DC08AB0A00002D950A166CBFDFAF56AB7A0AE046F8F35000005A2A152CDB344D8EE700FFDD76BB7D7979A9A70000E0AEA954B078AFAFAFE3389E4EA77A106091CEE7F37ABD96A80000C8A954700BE6791E86619A260F94017EEE743A6DB7DBCBEAE1A01F0000D740A5821B71D96D4ED374D96D8EE37879B1DFEFEB89802B75591FDEDEDE9E9F9F2F2BC666B351B70100B8122A15DC94F3F93CCFF3344DABD5EA0F805FB9AC0FAFAFAFEFEFEF4E0A03007055542A000000007A2A15000000003D950A000000809E4A05000000404FA502000000A0A75201000000D053A900000000E8A95400000000F4542A000000007A2A15000000003D950A000000809E4A05000000404FA502000000A0A75201000000D053A900000000E8A95400000000F4542A000000007A2A15000000003D950A000000809E4A05000000404FA502000000A0A75201000000D053A900000000E8A95400000000F4542A000000007A2A15000000003D950A000000809E4A05000000404FA502000000A0A75201000000D053A900000000E8A95400000000F4542A000000007A2A15000000003D950A000000809E4A05000000404FA502000000A0A75201000000D053A900000000E8A95400000000F4542A000000007A2A15000000003D950A000000809E4A05000000404FA502000000A0A75201000000D053A900000000E8A95400000000F4542A000000007A2A15000000003D950A000000809E4A05000000404FA502000000A0A75201000000D053A900000000E8A95400000000F4542A000000007A2A15000000003D950A000000809E4A05000000404FA502000000A0A75201000000D053A900000000E8A95400000000F4542A000000007A2A15000000003D950A000000809E4A05000000404FA502000000A0A75201000000D053A900000000E8A95400000000F4542A000000007A2A15000000003D950A000000809E4A05000000404FA502000000A0A75201000000D053A900000000E8A95400000000F4542A000000007A2A15000000003D950A000000809E4A05000000404FA502000000A0A75201000000D053A900000000E8A95400000000F4542A000000007A2A15000000003D950A000000809E4A05000000404FA502000000A0A75201000000D053A900000000E8A95400000000F4542A000000007A2A15000000003D950A000000809E4A05000000404FA502000000A0A75201000000D053A900000000E8A95400000000F4542A000000007A2A15000000003D950A000000809E4A05000000404FA502000000A0A75201000000D053A900000000E8A95400000000F4542A000000007A2A15000000003D950A000000809E4A05000000404FA502000000A0A75201000000D053A900000000E8A95400000000F4542A000000007A2A15000000003D950A00000080DE9F4CED08516D742B170000000049454E44AE426082, 0);

-- ----------------------------
-- Table structure for act_ge_property
-- ----------------------------
DROP TABLE IF EXISTS `act_ge_property`;
CREATE TABLE `act_ge_property`  (
  `NAME_` varchar(64) CHARACTER SET utf8 COLLATE utf8_bin NOT NULL DEFAULT '',
  `VALUE_` varchar(300) CHARACTER SET utf8 COLLATE utf8_bin NULL DEFAULT NULL,
  `REV_` int(11) NULL DEFAULT NULL,
  PRIMARY KEY (`NAME_`) USING BTREE
) ENGINE = InnoDB CHARACTER SET = utf8 COLLATE = utf8_bin ROW_FORMAT = Dynamic;

-- ----------------------------
-- Records of act_ge_property
-- ----------------------------
INSERT INTO `act_ge_property` VALUES ('next.dbid', '3001', 31);
INSERT INTO `act_ge_property` VALUES ('schema.history', 'create(5.13) upgrade(5.13->5.14)', 2);
INSERT INTO `act_ge_property` VALUES ('schema.version', '5.14', 2);

-- ----------------------------
-- Table structure for act_hi_actinst
-- ----------------------------
DROP TABLE IF EXISTS `act_hi_actinst`;
CREATE TABLE `act_hi_actinst`  (
  `ID_` varchar(64) CHARACTER SET utf8 COLLATE utf8_bin NOT NULL,
  `PROC_DEF_ID_` varchar(64) CHARACTER SET utf8 COLLATE utf8_bin NOT NULL,
  `PROC_INST_ID_` varchar(64) CHARACTER SET utf8 COLLATE utf8_bin NOT NULL,
  `EXECUTION_ID_` varchar(64) CHARACTER SET utf8 COLLATE utf8_bin NOT NULL,
  `ACT_ID_` varchar(255) CHARACTER SET utf8 COLLATE utf8_bin NOT NULL,
  `TASK_ID_` varchar(64) CHARACTER SET utf8 COLLATE utf8_bin NULL DEFAULT NULL,
  `CALL_PROC_INST_ID_` varchar(64) CHARACTER SET utf8 COLLATE utf8_bin NULL DEFAULT NULL,
  `ACT_NAME_` varchar(255) CHARACTER SET utf8 COLLATE utf8_bin NULL DEFAULT NULL,
  `ACT_TYPE_` varchar(255) CHARACTER SET utf8 COLLATE utf8_bin NOT NULL,
  `ASSIGNEE_` varchar(64) CHARACTER SET utf8 COLLATE utf8_bin NULL DEFAULT NULL,
  `START_TIME_` datetime(0) NOT NULL,
  `END_TIME_` datetime(0) NULL DEFAULT NULL,
  `DURATION_` bigint(20) NULL DEFAULT NULL,
  PRIMARY KEY (`ID_`) USING BTREE,
  INDEX `ACT_IDX_HI_ACT_INST_START`(`START_TIME_`) USING BTREE,
  INDEX `ACT_IDX_HI_ACT_INST_END`(`END_TIME_`) USING BTREE,
  INDEX `ACT_IDX_HI_ACT_INST_PROCINST`(`PROC_INST_ID_`, `ACT_ID_`) USING BTREE,
  INDEX `ACT_IDX_HI_ACT_INST_EXEC`(`EXECUTION_ID_`, `ACT_ID_`) USING BTREE
) ENGINE = InnoDB CHARACTER SET = utf8 COLLATE = utf8_bin ROW_FORMAT = Dynamic;

-- ----------------------------
-- Records of act_hi_actinst
-- ----------------------------
INSERT INTO `act_hi_actinst` VALUES ('1806', 'baoxiaoprocess:1:1804', '1805', '1805', 'startevent1', NULL, NULL, 'Start', 'startEvent', NULL, '2021-02-02 11:46:11', '2021-02-02 11:46:11', 5);
INSERT INTO `act_hi_actinst` VALUES ('1809', 'baoxiaoprocess:1:1804', '1805', '1805', 'usertask1', '1810', NULL, '员工申请报销', 'userTask', 'lee', '2021-02-02 11:46:11', '2021-02-02 13:39:02', 6771378);
INSERT INTO `act_hi_actinst` VALUES ('2202', 'baoxiaoprocess:1:1804', '1805', '1805', 'usertask2', '2203', NULL, '部门经理审批', 'userTask', 'mike', '2021-02-02 13:39:02', '2021-02-02 13:58:17', 1154650);
INSERT INTO `act_hi_actinst` VALUES ('2403', 'baoxiaoprocess:1:1804', '1805', '1805', 'usertask1', '2404', NULL, '员工申请报销', 'userTask', 'lee', '2021-02-02 13:58:17', '2021-02-02 14:07:38', 561444);
INSERT INTO `act_hi_actinst` VALUES ('2406', 'baoxiaoprocess:1:1804', '1805', '1805', 'usertask2', '2407', NULL, '部门经理审批', 'userTask', 'mike', '2021-02-02 14:07:38', '2021-02-02 14:08:28', 50388);
INSERT INTO `act_hi_actinst` VALUES ('2409', 'baoxiaoprocess:1:1804', '1805', '1805', 'usertask1', '2410', NULL, '员工申请报销', 'userTask', 'lee', '2021-02-02 14:08:28', '2021-02-02 14:10:46', 137569);
INSERT INTO `act_hi_actinst` VALUES ('2412', 'baoxiaoprocess:1:1804', '1805', '1805', 'usertask2', '2413', NULL, '部门经理审批', 'userTask', 'mike', '2021-02-02 14:10:46', '2021-02-02 14:12:44', 118333);
INSERT INTO `act_hi_actinst` VALUES ('2415', 'baoxiaoprocess:1:1804', '1805', '1805', 'usertask1', '2416', NULL, '员工申请报销', 'userTask', 'lee', '2021-02-02 14:12:44', '2021-02-02 14:24:50', 726360);
INSERT INTO `act_hi_actinst` VALUES ('2418', 'baoxiaoprocess:1:1804', '1805', '1805', 'usertask2', '2419', NULL, '部门经理审批', 'userTask', 'mike', '2021-02-02 14:24:50', '2021-02-02 15:10:50', 2759540);
INSERT INTO `act_hi_actinst` VALUES ('2421', 'baoxiaoprocess:1:1804', '1805', '1805', 'usertask3', '2422', NULL, '财务审核', 'userTask', 'zhang', '2021-02-02 15:10:50', '2021-02-02 15:11:25', 34592);
INSERT INTO `act_hi_actinst` VALUES ('2425', 'baoxiaoprocess:1:1804', '1805', '1805', 'endevent1', NULL, NULL, 'End', 'endEvent', NULL, '2021-02-02 15:11:25', '2021-02-02 15:11:25', 0);
INSERT INTO `act_hi_actinst` VALUES ('2502', 'baoxiaoprocess:1:1804', '2501', '2501', 'startevent1', NULL, NULL, 'Start', 'startEvent', NULL, '2021-02-02 16:28:33', '2021-02-02 16:28:33', 5);
INSERT INTO `act_hi_actinst` VALUES ('2505', 'baoxiaoprocess:1:1804', '2501', '2501', 'usertask1', '2506', NULL, '员工申请报销', 'userTask', 'lee', '2021-02-02 16:28:33', '2021-02-02 16:29:48', 75278);
INSERT INTO `act_hi_actinst` VALUES ('2509', 'baoxiaoprocess:1:1804', '2501', '2501', 'usertask2', '2510', NULL, '部门经理审批', 'userTask', 'mike', '2021-02-02 16:29:48', '2021-02-02 17:08:31', 2323334);
INSERT INTO `act_hi_actinst` VALUES ('2514', 'baoxiaoprocess:1:1804', '2501', '2501', 'usertask1', '2515', NULL, '员工申请报销', 'userTask', 'lee', '2021-02-02 17:08:31', '2021-02-02 17:09:13', 41960);
INSERT INTO `act_hi_actinst` VALUES ('2517', 'baoxiaoprocess:1:1804', '2501', '2501', 'usertask2', '2518', NULL, '部门经理审批', 'userTask', 'mike', '2021-02-02 17:09:13', '2021-02-02 17:09:48', 34931);
INSERT INTO `act_hi_actinst` VALUES ('2520', 'baoxiaoprocess:1:1804', '2501', '2501', 'usertask4', '2521', NULL, '总经理审批', 'userTask', 'danny', '2021-02-02 17:09:48', '2021-02-02 17:10:47', 59368);
INSERT INTO `act_hi_actinst` VALUES ('2524', 'baoxiaoprocess:1:1804', '2501', '2501', 'usertask3', '2525', NULL, '财务审核', 'userTask', 'zhang', '2021-02-02 17:10:47', '2021-02-02 17:12:09', 82271);
INSERT INTO `act_hi_actinst` VALUES ('2528', 'baoxiaoprocess:1:1804', '2501', '2501', 'endevent1', NULL, NULL, 'End', 'endEvent', NULL, '2021-02-02 17:12:09', '2021-02-02 17:12:09', 0);
INSERT INTO `act_hi_actinst` VALUES ('2602', 'baoxiaoprocess:1:1804', '2601', '2601', 'startevent1', NULL, NULL, 'Start', 'startEvent', NULL, '2021-02-02 17:42:53', '2021-02-02 17:42:53', 8);
INSERT INTO `act_hi_actinst` VALUES ('2605', 'baoxiaoprocess:1:1804', '2601', '2601', 'usertask1', '2606', NULL, '员工申请报销', 'userTask', 'lee', '2021-02-02 17:42:53', '2021-02-02 17:49:26', 393205);
INSERT INTO `act_hi_actinst` VALUES ('2609', 'baoxiaoprocess:1:1804', '2601', '2601', 'usertask2', '2610', NULL, '部门经理审批', 'userTask', 'mike', '2021-02-02 17:49:26', NULL, NULL);
INSERT INTO `act_hi_actinst` VALUES ('2802', 'AbsenceProcess:1:2704', '2801', '2801', 'startevent1', NULL, NULL, 'Start', 'startEvent', NULL, '2021-02-05 16:12:46', '2021-02-05 16:12:46', 21);
INSERT INTO `act_hi_actinst` VALUES ('2805', 'AbsenceProcess:1:2704', '2801', '2801', 'usertask1', '2806', NULL, '员工申请请假', 'userTask', 'lee', '2021-02-05 16:12:46', '2021-02-05 18:08:14', 6927651);
INSERT INTO `act_hi_actinst` VALUES ('2902', 'AbsenceProcess:1:2704', '2801', '2801', 'usertask2', '2903', NULL, 'HR部门经理审批', 'userTask', 'jack', '2021-02-05 18:08:14', '2021-02-05 18:10:31', 136539);
INSERT INTO `act_hi_actinst` VALUES ('2907', 'AbsenceProcess:1:2704', '2801', '2801', 'usertask1', '2908', NULL, '员工申请请假', 'userTask', 'lee', '2021-02-05 18:10:31', '2021-02-05 18:10:58', 26944);
INSERT INTO `act_hi_actinst` VALUES ('2910', 'AbsenceProcess:1:2704', '2801', '2801', 'usertask2', '2911', NULL, 'HR部门经理审批', 'userTask', 'jack', '2021-02-05 18:10:58', '2021-02-05 18:15:58', 299817);

-- ----------------------------
-- Table structure for act_hi_attachment
-- ----------------------------
DROP TABLE IF EXISTS `act_hi_attachment`;
CREATE TABLE `act_hi_attachment`  (
  `ID_` varchar(64) CHARACTER SET utf8 COLLATE utf8_bin NOT NULL,
  `REV_` int(11) NULL DEFAULT NULL,
  `USER_ID_` varchar(255) CHARACTER SET utf8 COLLATE utf8_bin NULL DEFAULT NULL,
  `NAME_` varchar(255) CHARACTER SET utf8 COLLATE utf8_bin NULL DEFAULT NULL,
  `DESCRIPTION_` varchar(4000) CHARACTER SET utf8 COLLATE utf8_bin NULL DEFAULT NULL,
  `TYPE_` varchar(255) CHARACTER SET utf8 COLLATE utf8_bin NULL DEFAULT NULL,
  `TASK_ID_` varchar(64) CHARACTER SET utf8 COLLATE utf8_bin NULL DEFAULT NULL,
  `PROC_INST_ID_` varchar(64) CHARACTER SET utf8 COLLATE utf8_bin NULL DEFAULT NULL,
  `URL_` varchar(4000) CHARACTER SET utf8 COLLATE utf8_bin NULL DEFAULT NULL,
  `CONTENT_ID_` varchar(64) CHARACTER SET utf8 COLLATE utf8_bin NULL DEFAULT NULL,
  PRIMARY KEY (`ID_`) USING BTREE
) ENGINE = InnoDB CHARACTER SET = utf8 COLLATE = utf8_bin ROW_FORMAT = Dynamic;

-- ----------------------------
-- Records of act_hi_attachment
-- ----------------------------

-- ----------------------------
-- Table structure for act_hi_comment
-- ----------------------------
DROP TABLE IF EXISTS `act_hi_comment`;
CREATE TABLE `act_hi_comment`  (
  `ID_` varchar(64) CHARACTER SET utf8 COLLATE utf8_bin NOT NULL,
  `TYPE_` varchar(255) CHARACTER SET utf8 COLLATE utf8_bin NULL DEFAULT NULL,
  `TIME_` datetime(0) NOT NULL,
  `USER_ID_` varchar(255) CHARACTER SET utf8 COLLATE utf8_bin NULL DEFAULT NULL,
  `TASK_ID_` varchar(64) CHARACTER SET utf8 COLLATE utf8_bin NULL DEFAULT NULL,
  `PROC_INST_ID_` varchar(64) CHARACTER SET utf8 COLLATE utf8_bin NULL DEFAULT NULL,
  `ACTION_` varchar(255) CHARACTER SET utf8 COLLATE utf8_bin NULL DEFAULT NULL,
  `MESSAGE_` varchar(4000) CHARACTER SET utf8 COLLATE utf8_bin NULL DEFAULT NULL,
  `FULL_MSG_` longblob NULL,
  PRIMARY KEY (`ID_`) USING BTREE
) ENGINE = InnoDB CHARACTER SET = utf8 COLLATE = utf8_bin ROW_FORMAT = Dynamic;

-- ----------------------------
-- Records of act_hi_comment
-- ----------------------------
INSERT INTO `act_hi_comment` VALUES ('2201', 'comment', '2021-02-02 13:39:02', 'lee', '1810', '1805', 'AddComment', '请求批准', 0xE8AFB7E6B182E689B9E58786);
INSERT INTO `act_hi_comment` VALUES ('2401', 'comment', '2021-02-02 13:58:17', 'mike', '2203', '1805', 'AddComment', '1', 0x31);
INSERT INTO `act_hi_comment` VALUES ('2405', 'comment', '2021-02-02 14:07:38', 'lee', '2404', '1805', 'AddComment', '这都不行？', 0xE8BF99E983BDE4B88DE8A18CEFBC9F);
INSERT INTO `act_hi_comment` VALUES ('2408', 'comment', '2021-02-02 14:08:28', 'mike', '2407', '1805', 'AddComment', '搞错了再来', 0xE6909EE99499E4BA86E5868DE69DA5);
INSERT INTO `act_hi_comment` VALUES ('2411', 'comment', '2021-02-02 14:10:46', 'lee', '2410', '1805', 'AddComment', '玩野？', 0xE78EA9E9878EEFBC9F);
INSERT INTO `act_hi_comment` VALUES ('2414', 'comment', '2021-02-02 14:12:44', 'mike', '2413', '1805', 'AddComment', '又搞错了 再来', 0xE58F88E6909EE99499E4BA8620E5868DE69DA5);
INSERT INTO `act_hi_comment` VALUES ('2417', 'comment', '2021-02-02 14:24:50', 'lee', '2416', '1805', 'AddComment', '我希望你能赶紧搞好', 0xE68891E5B88CE69C9BE4BDA0E883BDE8B5B6E7B4A7E6909EE5A5BD);
INSERT INTO `act_hi_comment` VALUES ('2420', 'comment', '2021-02-02 15:10:50', 'mike', '2419', '1805', 'AddComment', '终于可以了 你的钱已到账', 0xE7BB88E4BA8EE58FAFE4BBA5E4BA8620E4BDA0E79A84E992B1E5B7B2E588B0E8B4A6);
INSERT INTO `act_hi_comment` VALUES ('2424', 'comment', '2021-02-02 15:11:25', 'zhang', '2422', '1805', 'AddComment', '我的天 搞这么久', 0xE68891E79A84E5A4A920E6909EE8BF99E4B988E4B985);
INSERT INTO `act_hi_comment` VALUES ('2508', 'comment', '2021-02-02 16:29:48', 'lee', '2506', '2501', 'AddComment', '懂事了吗', 0xE68782E4BA8BE4BA86E59097);
INSERT INTO `act_hi_comment` VALUES ('2512', 'comment', '2021-02-02 17:08:31', 'mike', '2510', '2501', 'AddComment', '我没收到通知', 0xE68891E6B2A1E694B6E588B0E9809AE79FA5);
INSERT INTO `act_hi_comment` VALUES ('2516', 'comment', '2021-02-02 17:09:13', 'lee', '2515', '2501', 'AddComment', '呵呵 待会你就被拉进小黑屋', 0xE591B5E591B520E5BE85E4BC9AE4BDA0E5B0B1E8A2ABE68B89E8BF9BE5B08FE9BB91E5B18B);
INSERT INTO `act_hi_comment` VALUES ('2519', 'comment', '2021-02-02 17:09:48', 'mike', '2518', '2501', 'AddComment', '大哥 我错了', 0xE5A4A7E593A520E68891E99499E4BA86);
INSERT INTO `act_hi_comment` VALUES ('2523', 'comment', '2021-02-02 17:10:47', 'danny', '2521', '2501', 'AddComment', '打我的名号就是有用hhh', 0xE68993E68891E79A84E5908DE58FB7E5B0B1E698AFE69C89E794A8686868);
INSERT INTO `act_hi_comment` VALUES ('2527', 'comment', '2021-02-02 17:12:09', 'zhang', '2525', '2501', 'AddComment', '卑微小张不敢说话', 0xE58D91E5BEAEE5B08FE5BCA0E4B88DE695A2E8AFB4E8AF9D);
INSERT INTO `act_hi_comment` VALUES ('2608', 'comment', '2021-02-02 17:49:26', 'lee', '2606', '2601', 'AddComment', '爽手的吧', 0xE788BDE6898BE79A84E590A7);
INSERT INTO `act_hi_comment` VALUES ('2901', 'comment', '2021-02-05 18:08:14', 'lee', '2806', '2801', 'AddComment', '看看吧', 0xE79C8BE79C8BE590A7);
INSERT INTO `act_hi_comment` VALUES ('2905', 'comment', '2021-02-05 18:10:31', 'jack', '2903', '2801', 'AddComment', '1', 0x31);
INSERT INTO `act_hi_comment` VALUES ('2909', 'comment', '2021-02-05 18:10:58', 'lee', '2908', '2801', 'AddComment', '又玩野', 0xE58F88E78EA9E9878E);
INSERT INTO `act_hi_comment` VALUES ('2915', 'comment', '2021-02-05 18:15:58', 'jack', '2911', '2801', 'AddComment', 'OK', 0x4F4B);

-- ----------------------------
-- Table structure for act_hi_detail
-- ----------------------------
DROP TABLE IF EXISTS `act_hi_detail`;
CREATE TABLE `act_hi_detail`  (
  `ID_` varchar(64) CHARACTER SET utf8 COLLATE utf8_bin NOT NULL,
  `TYPE_` varchar(255) CHARACTER SET utf8 COLLATE utf8_bin NOT NULL,
  `PROC_INST_ID_` varchar(64) CHARACTER SET utf8 COLLATE utf8_bin NULL DEFAULT NULL,
  `EXECUTION_ID_` varchar(64) CHARACTER SET utf8 COLLATE utf8_bin NULL DEFAULT NULL,
  `TASK_ID_` varchar(64) CHARACTER SET utf8 COLLATE utf8_bin NULL DEFAULT NULL,
  `ACT_INST_ID_` varchar(64) CHARACTER SET utf8 COLLATE utf8_bin NULL DEFAULT NULL,
  `NAME_` varchar(255) CHARACTER SET utf8 COLLATE utf8_bin NOT NULL,
  `VAR_TYPE_` varchar(255) CHARACTER SET utf8 COLLATE utf8_bin NULL DEFAULT NULL,
  `REV_` int(11) NULL DEFAULT NULL,
  `TIME_` datetime(0) NOT NULL,
  `BYTEARRAY_ID_` varchar(64) CHARACTER SET utf8 COLLATE utf8_bin NULL DEFAULT NULL,
  `DOUBLE_` double NULL DEFAULT NULL,
  `LONG_` bigint(20) NULL DEFAULT NULL,
  `TEXT_` varchar(4000) CHARACTER SET utf8 COLLATE utf8_bin NULL DEFAULT NULL,
  `TEXT2_` varchar(4000) CHARACTER SET utf8 COLLATE utf8_bin NULL DEFAULT NULL,
  PRIMARY KEY (`ID_`) USING BTREE,
  INDEX `ACT_IDX_HI_DETAIL_PROC_INST`(`PROC_INST_ID_`) USING BTREE,
  INDEX `ACT_IDX_HI_DETAIL_ACT_INST`(`ACT_INST_ID_`) USING BTREE,
  INDEX `ACT_IDX_HI_DETAIL_TIME`(`TIME_`) USING BTREE,
  INDEX `ACT_IDX_HI_DETAIL_NAME`(`NAME_`) USING BTREE,
  INDEX `ACT_IDX_HI_DETAIL_TASK_ID`(`TASK_ID_`) USING BTREE
) ENGINE = InnoDB CHARACTER SET = utf8 COLLATE = utf8_bin ROW_FORMAT = Dynamic;

-- ----------------------------
-- Records of act_hi_detail
-- ----------------------------

-- ----------------------------
-- Table structure for act_hi_identitylink
-- ----------------------------
DROP TABLE IF EXISTS `act_hi_identitylink`;
CREATE TABLE `act_hi_identitylink`  (
  `ID_` varchar(64) CHARACTER SET utf8 COLLATE utf8_bin NOT NULL DEFAULT '',
  `GROUP_ID_` varchar(255) CHARACTER SET utf8 COLLATE utf8_bin NULL DEFAULT NULL,
  `TYPE_` varchar(255) CHARACTER SET utf8 COLLATE utf8_bin NULL DEFAULT NULL,
  `USER_ID_` varchar(255) CHARACTER SET utf8 COLLATE utf8_bin NULL DEFAULT NULL,
  `TASK_ID_` varchar(64) CHARACTER SET utf8 COLLATE utf8_bin NULL DEFAULT NULL,
  `PROC_INST_ID_` varchar(64) CHARACTER SET utf8 COLLATE utf8_bin NULL DEFAULT NULL,
  PRIMARY KEY (`ID_`) USING BTREE,
  INDEX `ACT_IDX_HI_IDENT_LNK_USER`(`USER_ID_`) USING BTREE,
  INDEX `ACT_IDX_HI_IDENT_LNK_TASK`(`TASK_ID_`) USING BTREE,
  INDEX `ACT_IDX_HI_IDENT_LNK_PROCINST`(`PROC_INST_ID_`) USING BTREE
) ENGINE = InnoDB CHARACTER SET = utf8 COLLATE = utf8_bin ROW_FORMAT = Dynamic;

-- ----------------------------
-- Records of act_hi_identitylink
-- ----------------------------
INSERT INTO `act_hi_identitylink` VALUES ('1811', NULL, 'participant', 'lee', NULL, '1805');
INSERT INTO `act_hi_identitylink` VALUES ('2204', NULL, 'participant', 'mike', NULL, '1805');
INSERT INTO `act_hi_identitylink` VALUES ('2423', NULL, 'participant', 'zhang', NULL, '1805');
INSERT INTO `act_hi_identitylink` VALUES ('2507', NULL, 'participant', 'lee', NULL, '2501');
INSERT INTO `act_hi_identitylink` VALUES ('2511', NULL, 'participant', 'mike', NULL, '2501');
INSERT INTO `act_hi_identitylink` VALUES ('2522', NULL, 'participant', 'danny', NULL, '2501');
INSERT INTO `act_hi_identitylink` VALUES ('2526', NULL, 'participant', 'zhang', NULL, '2501');
INSERT INTO `act_hi_identitylink` VALUES ('2607', NULL, 'participant', 'lee', NULL, '2601');
INSERT INTO `act_hi_identitylink` VALUES ('2611', NULL, 'participant', 'mike', NULL, '2601');
INSERT INTO `act_hi_identitylink` VALUES ('2807', NULL, 'participant', 'lee', NULL, '2801');
INSERT INTO `act_hi_identitylink` VALUES ('2904', NULL, 'participant', 'jack', NULL, '2801');

-- ----------------------------
-- Table structure for act_hi_procinst
-- ----------------------------
DROP TABLE IF EXISTS `act_hi_procinst`;
CREATE TABLE `act_hi_procinst`  (
  `ID_` varchar(64) CHARACTER SET utf8 COLLATE utf8_bin NOT NULL,
  `PROC_INST_ID_` varchar(64) CHARACTER SET utf8 COLLATE utf8_bin NOT NULL,
  `BUSINESS_KEY_` varchar(255) CHARACTER SET utf8 COLLATE utf8_bin NULL DEFAULT NULL,
  `PROC_DEF_ID_` varchar(64) CHARACTER SET utf8 COLLATE utf8_bin NOT NULL,
  `START_TIME_` datetime(0) NOT NULL,
  `END_TIME_` datetime(0) NULL DEFAULT NULL,
  `DURATION_` bigint(20) NULL DEFAULT NULL,
  `START_USER_ID_` varchar(255) CHARACTER SET utf8 COLLATE utf8_bin NULL DEFAULT NULL,
  `START_ACT_ID_` varchar(255) CHARACTER SET utf8 COLLATE utf8_bin NULL DEFAULT NULL,
  `END_ACT_ID_` varchar(255) CHARACTER SET utf8 COLLATE utf8_bin NULL DEFAULT NULL,
  `SUPER_PROCESS_INSTANCE_ID_` varchar(64) CHARACTER SET utf8 COLLATE utf8_bin NULL DEFAULT NULL,
  `DELETE_REASON_` varchar(4000) CHARACTER SET utf8 COLLATE utf8_bin NULL DEFAULT NULL,
  PRIMARY KEY (`ID_`) USING BTREE,
  UNIQUE INDEX `PROC_INST_ID_`(`PROC_INST_ID_`) USING BTREE,
  UNIQUE INDEX `ACT_UNIQ_HI_BUS_KEY`(`PROC_DEF_ID_`, `BUSINESS_KEY_`) USING BTREE,
  INDEX `ACT_IDX_HI_PRO_INST_END`(`END_TIME_`) USING BTREE,
  INDEX `ACT_IDX_HI_PRO_I_BUSKEY`(`BUSINESS_KEY_`) USING BTREE
) ENGINE = InnoDB CHARACTER SET = utf8 COLLATE = utf8_bin ROW_FORMAT = Dynamic;

-- ----------------------------
-- Records of act_hi_procinst
-- ----------------------------
INSERT INTO `act_hi_procinst` VALUES ('1805', '1805', 'baoxiaoprocess.34', 'baoxiaoprocess:1:1804', '2021-02-02 11:46:11', '2021-02-02 15:11:25', 12313593, NULL, 'startevent1', 'endevent1', NULL, NULL);
INSERT INTO `act_hi_procinst` VALUES ('2501', '2501', 'baoxiaoprocess.35', 'baoxiaoprocess:1:1804', '2021-02-02 16:28:33', '2021-02-02 17:12:09', 2616272, NULL, 'startevent1', 'endevent1', NULL, NULL);
INSERT INTO `act_hi_procinst` VALUES ('2601', '2601', 'baoxiaoprocess.36', 'baoxiaoprocess:1:1804', '2021-02-02 17:42:53', NULL, NULL, NULL, 'startevent1', NULL, NULL, NULL);
INSERT INTO `act_hi_procinst` VALUES ('2801', '2801', 'AbsenceProcess.34', 'AbsenceProcess:1:2704', '2021-02-05 16:12:46', '2021-02-05 18:15:58', 7391817, NULL, 'startevent1', 'usertask2', NULL, NULL);

-- ----------------------------
-- Table structure for act_hi_taskinst
-- ----------------------------
DROP TABLE IF EXISTS `act_hi_taskinst`;
CREATE TABLE `act_hi_taskinst`  (
  `ID_` varchar(64) CHARACTER SET utf8 COLLATE utf8_bin NOT NULL,
  `PROC_DEF_ID_` varchar(64) CHARACTER SET utf8 COLLATE utf8_bin NULL DEFAULT NULL,
  `TASK_DEF_KEY_` varchar(255) CHARACTER SET utf8 COLLATE utf8_bin NULL DEFAULT NULL,
  `PROC_INST_ID_` varchar(64) CHARACTER SET utf8 COLLATE utf8_bin NULL DEFAULT NULL,
  `EXECUTION_ID_` varchar(64) CHARACTER SET utf8 COLLATE utf8_bin NULL DEFAULT NULL,
  `NAME_` varchar(255) CHARACTER SET utf8 COLLATE utf8_bin NULL DEFAULT NULL,
  `PARENT_TASK_ID_` varchar(64) CHARACTER SET utf8 COLLATE utf8_bin NULL DEFAULT NULL,
  `DESCRIPTION_` varchar(4000) CHARACTER SET utf8 COLLATE utf8_bin NULL DEFAULT NULL,
  `OWNER_` varchar(255) CHARACTER SET utf8 COLLATE utf8_bin NULL DEFAULT NULL,
  `ASSIGNEE_` varchar(255) CHARACTER SET utf8 COLLATE utf8_bin NULL DEFAULT NULL,
  `START_TIME_` datetime(0) NOT NULL,
  `CLAIM_TIME_` datetime(0) NULL DEFAULT NULL,
  `END_TIME_` datetime(0) NULL DEFAULT NULL,
  `DURATION_` bigint(20) NULL DEFAULT NULL,
  `DELETE_REASON_` varchar(4000) CHARACTER SET utf8 COLLATE utf8_bin NULL DEFAULT NULL,
  `PRIORITY_` int(11) NULL DEFAULT NULL,
  `DUE_DATE_` datetime(0) NULL DEFAULT NULL,
  `FORM_KEY_` varchar(255) CHARACTER SET utf8 COLLATE utf8_bin NULL DEFAULT NULL,
  PRIMARY KEY (`ID_`) USING BTREE
) ENGINE = InnoDB CHARACTER SET = utf8 COLLATE = utf8_bin ROW_FORMAT = Dynamic;

-- ----------------------------
-- Records of act_hi_taskinst
-- ----------------------------
INSERT INTO `act_hi_taskinst` VALUES ('1810', 'baoxiaoprocess:1:1804', 'usertask1', '1805', '1805', '员工申请报销', NULL, NULL, NULL, 'lee', '2021-02-02 11:46:11', NULL, '2021-02-02 13:39:02', 6771368, 'completed', 50, NULL, NULL);
INSERT INTO `act_hi_taskinst` VALUES ('2203', 'baoxiaoprocess:1:1804', 'usertask2', '1805', '1805', '部门经理审批', NULL, NULL, NULL, 'mike', '2021-02-02 13:39:02', NULL, '2021-02-02 13:58:17', 1154628, 'completed', 50, NULL, NULL);
INSERT INTO `act_hi_taskinst` VALUES ('2404', 'baoxiaoprocess:1:1804', 'usertask1', '1805', '1805', '员工申请报销', NULL, NULL, NULL, 'lee', '2021-02-02 13:58:17', NULL, '2021-02-02 14:07:38', 561443, 'completed', 50, NULL, NULL);
INSERT INTO `act_hi_taskinst` VALUES ('2407', 'baoxiaoprocess:1:1804', 'usertask2', '1805', '1805', '部门经理审批', NULL, NULL, NULL, 'mike', '2021-02-02 14:07:38', NULL, '2021-02-02 14:08:28', 50385, 'completed', 50, NULL, NULL);
INSERT INTO `act_hi_taskinst` VALUES ('2410', 'baoxiaoprocess:1:1804', 'usertask1', '1805', '1805', '员工申请报销', NULL, NULL, NULL, 'lee', '2021-02-02 14:08:28', NULL, '2021-02-02 14:10:46', 137568, 'completed', 50, NULL, NULL);
INSERT INTO `act_hi_taskinst` VALUES ('2413', 'baoxiaoprocess:1:1804', 'usertask2', '1805', '1805', '部门经理审批', NULL, NULL, NULL, 'mike', '2021-02-02 14:10:46', NULL, '2021-02-02 14:12:44', 118331, 'completed', 50, NULL, NULL);
INSERT INTO `act_hi_taskinst` VALUES ('2416', 'baoxiaoprocess:1:1804', 'usertask1', '1805', '1805', '员工申请报销', NULL, NULL, NULL, 'lee', '2021-02-02 14:12:44', NULL, '2021-02-02 14:24:50', 726356, 'completed', 50, NULL, NULL);
INSERT INTO `act_hi_taskinst` VALUES ('2419', 'baoxiaoprocess:1:1804', 'usertask2', '1805', '1805', '部门经理审批', NULL, NULL, NULL, 'mike', '2021-02-02 14:24:50', NULL, '2021-02-02 15:10:50', 2759539, 'completed', 50, NULL, NULL);
INSERT INTO `act_hi_taskinst` VALUES ('2422', 'baoxiaoprocess:1:1804', 'usertask3', '1805', '1805', '财务审核', NULL, NULL, NULL, 'zhang', '2021-02-02 15:10:50', NULL, '2021-02-02 15:11:25', 34590, 'completed', 50, NULL, NULL);
INSERT INTO `act_hi_taskinst` VALUES ('2506', 'baoxiaoprocess:1:1804', 'usertask1', '2501', '2501', '员工申请报销', NULL, NULL, NULL, 'lee', '2021-02-02 16:28:33', NULL, '2021-02-02 16:29:48', 75273, 'completed', 50, NULL, NULL);
INSERT INTO `act_hi_taskinst` VALUES ('2510', 'baoxiaoprocess:1:1804', 'usertask2', '2501', '2501', '部门经理审批', NULL, NULL, NULL, 'mike', '2021-02-02 16:29:48', NULL, '2021-02-02 17:08:31', 2323331, 'completed', 50, NULL, NULL);
INSERT INTO `act_hi_taskinst` VALUES ('2515', 'baoxiaoprocess:1:1804', 'usertask1', '2501', '2501', '员工申请报销', NULL, NULL, NULL, 'lee', '2021-02-02 17:08:31', NULL, '2021-02-02 17:09:13', 41958, 'completed', 50, NULL, NULL);
INSERT INTO `act_hi_taskinst` VALUES ('2518', 'baoxiaoprocess:1:1804', 'usertask2', '2501', '2501', '部门经理审批', NULL, NULL, NULL, 'mike', '2021-02-02 17:09:13', NULL, '2021-02-02 17:09:48', 34929, 'completed', 50, NULL, NULL);
INSERT INTO `act_hi_taskinst` VALUES ('2521', 'baoxiaoprocess:1:1804', 'usertask4', '2501', '2501', '总经理审批', NULL, NULL, NULL, 'danny', '2021-02-02 17:09:48', NULL, '2021-02-02 17:10:47', 59367, 'completed', 50, NULL, NULL);
INSERT INTO `act_hi_taskinst` VALUES ('2525', 'baoxiaoprocess:1:1804', 'usertask3', '2501', '2501', '财务审核', NULL, NULL, NULL, 'zhang', '2021-02-02 17:10:47', NULL, '2021-02-02 17:12:09', 82269, 'completed', 50, NULL, NULL);
INSERT INTO `act_hi_taskinst` VALUES ('2606', 'baoxiaoprocess:1:1804', 'usertask1', '2601', '2601', '员工申请报销', NULL, NULL, NULL, 'lee', '2021-02-02 17:42:53', NULL, '2021-02-02 17:49:26', 393199, 'completed', 50, NULL, NULL);
INSERT INTO `act_hi_taskinst` VALUES ('2610', 'baoxiaoprocess:1:1804', 'usertask2', '2601', '2601', '部门经理审批', NULL, NULL, NULL, 'mike', '2021-02-02 17:49:26', NULL, NULL, NULL, NULL, 50, NULL, NULL);
INSERT INTO `act_hi_taskinst` VALUES ('2806', 'AbsenceProcess:1:2704', 'usertask1', '2801', '2801', '员工申请请假', NULL, NULL, NULL, 'lee', '2021-02-05 16:12:46', NULL, '2021-02-05 18:08:14', 6927630, 'completed', 50, NULL, NULL);
INSERT INTO `act_hi_taskinst` VALUES ('2903', 'AbsenceProcess:1:2704', 'usertask2', '2801', '2801', 'HR部门经理审批', NULL, NULL, NULL, 'jack', '2021-02-05 18:08:14', NULL, '2021-02-05 18:10:31', 136533, 'completed', 50, NULL, NULL);
INSERT INTO `act_hi_taskinst` VALUES ('2908', 'AbsenceProcess:1:2704', 'usertask1', '2801', '2801', '员工申请请假', NULL, NULL, NULL, 'lee', '2021-02-05 18:10:31', NULL, '2021-02-05 18:10:58', 26939, 'completed', 50, NULL, NULL);
INSERT INTO `act_hi_taskinst` VALUES ('2911', 'AbsenceProcess:1:2704', 'usertask2', '2801', '2801', 'HR部门经理审批', NULL, NULL, NULL, 'jack', '2021-02-05 18:10:58', NULL, '2021-02-05 18:15:58', 299814, 'completed', 50, NULL, NULL);

-- ----------------------------
-- Table structure for act_hi_varinst
-- ----------------------------
DROP TABLE IF EXISTS `act_hi_varinst`;
CREATE TABLE `act_hi_varinst`  (
  `ID_` varchar(64) CHARACTER SET utf8 COLLATE utf8_bin NOT NULL,
  `PROC_INST_ID_` varchar(64) CHARACTER SET utf8 COLLATE utf8_bin NULL DEFAULT NULL,
  `EXECUTION_ID_` varchar(64) CHARACTER SET utf8 COLLATE utf8_bin NULL DEFAULT NULL,
  `TASK_ID_` varchar(64) CHARACTER SET utf8 COLLATE utf8_bin NULL DEFAULT NULL,
  `NAME_` varchar(255) CHARACTER SET utf8 COLLATE utf8_bin NOT NULL,
  `VAR_TYPE_` varchar(100) CHARACTER SET utf8 COLLATE utf8_bin NULL DEFAULT NULL,
  `REV_` int(11) NULL DEFAULT NULL,
  `BYTEARRAY_ID_` varchar(64) CHARACTER SET utf8 COLLATE utf8_bin NULL DEFAULT NULL,
  `DOUBLE_` double NULL DEFAULT NULL,
  `LONG_` bigint(20) NULL DEFAULT NULL,
  `TEXT_` varchar(4000) CHARACTER SET utf8 COLLATE utf8_bin NULL DEFAULT NULL,
  `TEXT2_` varchar(4000) CHARACTER SET utf8 COLLATE utf8_bin NULL DEFAULT NULL,
  PRIMARY KEY (`ID_`) USING BTREE,
  INDEX `ACT_IDX_HI_PROCVAR_PROC_INST`(`PROC_INST_ID_`) USING BTREE,
  INDEX `ACT_IDX_HI_PROCVAR_NAME_TYPE`(`NAME_`, `VAR_TYPE_`) USING BTREE
) ENGINE = InnoDB CHARACTER SET = utf8 COLLATE = utf8_bin ROW_FORMAT = Dynamic;

-- ----------------------------
-- Records of act_hi_varinst
-- ----------------------------
INSERT INTO `act_hi_varinst` VALUES ('1807', '1805', '1805', NULL, 'objId', 'string', 0, NULL, NULL, NULL, 'baoxiaoprocess.34', NULL);
INSERT INTO `act_hi_varinst` VALUES ('1808', '1805', '1805', NULL, 'inputUser', 'string', 0, NULL, NULL, NULL, 'lee', NULL);
INSERT INTO `act_hi_varinst` VALUES ('2402', '1805', '1805', NULL, 'message', 'string', 1, NULL, NULL, NULL, '金额小于等于5000', NULL);
INSERT INTO `act_hi_varinst` VALUES ('2503', '2501', '2501', NULL, 'objId', 'string', 0, NULL, NULL, NULL, 'baoxiaoprocess.35', NULL);
INSERT INTO `act_hi_varinst` VALUES ('2504', '2501', '2501', NULL, 'inputUser', 'string', 0, NULL, NULL, NULL, 'lee', NULL);
INSERT INTO `act_hi_varinst` VALUES ('2513', '2501', '2501', NULL, 'message', 'string', 2, NULL, NULL, NULL, '同意', NULL);
INSERT INTO `act_hi_varinst` VALUES ('2603', '2601', '2601', NULL, 'objId', 'string', 0, NULL, NULL, NULL, 'baoxiaoprocess.36', NULL);
INSERT INTO `act_hi_varinst` VALUES ('2604', '2601', '2601', NULL, 'inputUser', 'string', 0, NULL, NULL, NULL, 'lee', NULL);
INSERT INTO `act_hi_varinst` VALUES ('2803', '2801', '2801', NULL, 'objId', 'string', 0, NULL, NULL, NULL, 'AbsenceProcess.34', NULL);
INSERT INTO `act_hi_varinst` VALUES ('2804', '2801', '2801', NULL, 'inputUser', 'string', 0, NULL, NULL, NULL, 'lee', NULL);
INSERT INTO `act_hi_varinst` VALUES ('2906', '2801', '2801', NULL, 'message', 'string', 1, NULL, NULL, NULL, '请假天数>3天', NULL);

-- ----------------------------
-- Table structure for act_id_group
-- ----------------------------
DROP TABLE IF EXISTS `act_id_group`;
CREATE TABLE `act_id_group`  (
  `ID_` varchar(64) CHARACTER SET utf8 COLLATE utf8_bin NOT NULL DEFAULT '',
  `REV_` int(11) NULL DEFAULT NULL,
  `NAME_` varchar(255) CHARACTER SET utf8 COLLATE utf8_bin NULL DEFAULT NULL,
  `TYPE_` varchar(255) CHARACTER SET utf8 COLLATE utf8_bin NULL DEFAULT NULL,
  PRIMARY KEY (`ID_`) USING BTREE
) ENGINE = InnoDB CHARACTER SET = utf8 COLLATE = utf8_bin ROW_FORMAT = Dynamic;

-- ----------------------------
-- Records of act_id_group
-- ----------------------------

-- ----------------------------
-- Table structure for act_id_info
-- ----------------------------
DROP TABLE IF EXISTS `act_id_info`;
CREATE TABLE `act_id_info`  (
  `ID_` varchar(64) CHARACTER SET utf8 COLLATE utf8_bin NOT NULL DEFAULT '',
  `REV_` int(11) NULL DEFAULT NULL,
  `USER_ID_` varchar(64) CHARACTER SET utf8 COLLATE utf8_bin NULL DEFAULT NULL,
  `TYPE_` varchar(64) CHARACTER SET utf8 COLLATE utf8_bin NULL DEFAULT NULL,
  `KEY_` varchar(255) CHARACTER SET utf8 COLLATE utf8_bin NULL DEFAULT NULL,
  `VALUE_` varchar(255) CHARACTER SET utf8 COLLATE utf8_bin NULL DEFAULT NULL,
  `PASSWORD_` longblob NULL,
  `PARENT_ID_` varchar(255) CHARACTER SET utf8 COLLATE utf8_bin NULL DEFAULT NULL,
  PRIMARY KEY (`ID_`) USING BTREE
) ENGINE = InnoDB CHARACTER SET = utf8 COLLATE = utf8_bin ROW_FORMAT = Dynamic;

-- ----------------------------
-- Records of act_id_info
-- ----------------------------

-- ----------------------------
-- Table structure for act_id_membership
-- ----------------------------
DROP TABLE IF EXISTS `act_id_membership`;
CREATE TABLE `act_id_membership`  (
  `USER_ID_` varchar(64) CHARACTER SET utf8 COLLATE utf8_bin NOT NULL DEFAULT '',
  `GROUP_ID_` varchar(64) CHARACTER SET utf8 COLLATE utf8_bin NOT NULL DEFAULT '',
  PRIMARY KEY (`USER_ID_`, `GROUP_ID_`) USING BTREE,
  INDEX `ACT_FK_MEMB_GROUP`(`GROUP_ID_`) USING BTREE,
  CONSTRAINT `ACT_FK_MEMB_GROUP` FOREIGN KEY (`GROUP_ID_`) REFERENCES `act_id_group` (`ID_`) ON DELETE RESTRICT ON UPDATE RESTRICT,
  CONSTRAINT `ACT_FK_MEMB_USER` FOREIGN KEY (`USER_ID_`) REFERENCES `act_id_user` (`ID_`) ON DELETE RESTRICT ON UPDATE RESTRICT
) ENGINE = InnoDB CHARACTER SET = utf8 COLLATE = utf8_bin ROW_FORMAT = Dynamic;

-- ----------------------------
-- Records of act_id_membership
-- ----------------------------

-- ----------------------------
-- Table structure for act_id_user
-- ----------------------------
DROP TABLE IF EXISTS `act_id_user`;
CREATE TABLE `act_id_user`  (
  `ID_` varchar(64) CHARACTER SET utf8 COLLATE utf8_bin NOT NULL DEFAULT '',
  `REV_` int(11) NULL DEFAULT NULL,
  `FIRST_` varchar(255) CHARACTER SET utf8 COLLATE utf8_bin NULL DEFAULT NULL,
  `LAST_` varchar(255) CHARACTER SET utf8 COLLATE utf8_bin NULL DEFAULT NULL,
  `EMAIL_` varchar(255) CHARACTER SET utf8 COLLATE utf8_bin NULL DEFAULT NULL,
  `PWD_` varchar(255) CHARACTER SET utf8 COLLATE utf8_bin NULL DEFAULT NULL,
  `PICTURE_ID_` varchar(64) CHARACTER SET utf8 COLLATE utf8_bin NULL DEFAULT NULL,
  PRIMARY KEY (`ID_`) USING BTREE
) ENGINE = InnoDB CHARACTER SET = utf8 COLLATE = utf8_bin ROW_FORMAT = Dynamic;

-- ----------------------------
-- Records of act_id_user
-- ----------------------------

-- ----------------------------
-- Table structure for act_re_deployment
-- ----------------------------
DROP TABLE IF EXISTS `act_re_deployment`;
CREATE TABLE `act_re_deployment`  (
  `ID_` varchar(64) CHARACTER SET utf8 COLLATE utf8_bin NOT NULL DEFAULT '',
  `NAME_` varchar(255) CHARACTER SET utf8 COLLATE utf8_bin NULL DEFAULT NULL,
  `CATEGORY_` varchar(255) CHARACTER SET utf8 COLLATE utf8_bin NULL DEFAULT NULL,
  `DEPLOY_TIME_` timestamp(0) NOT NULL DEFAULT CURRENT_TIMESTAMP(0) ON UPDATE CURRENT_TIMESTAMP(0),
  PRIMARY KEY (`ID_`) USING BTREE
) ENGINE = InnoDB CHARACTER SET = utf8 COLLATE = utf8_bin ROW_FORMAT = Dynamic;

-- ----------------------------
-- Records of act_re_deployment
-- ----------------------------
INSERT INTO `act_re_deployment` VALUES ('1801', '报销流程', NULL, '2021-02-02 11:45:38');
INSERT INTO `act_re_deployment` VALUES ('2701', '请假流程', NULL, '2021-02-05 15:33:55');

-- ----------------------------
-- Table structure for act_re_model
-- ----------------------------
DROP TABLE IF EXISTS `act_re_model`;
CREATE TABLE `act_re_model`  (
  `ID_` varchar(64) CHARACTER SET utf8 COLLATE utf8_bin NOT NULL,
  `REV_` int(11) NULL DEFAULT NULL,
  `NAME_` varchar(255) CHARACTER SET utf8 COLLATE utf8_bin NULL DEFAULT NULL,
  `KEY_` varchar(255) CHARACTER SET utf8 COLLATE utf8_bin NULL DEFAULT NULL,
  `CATEGORY_` varchar(255) CHARACTER SET utf8 COLLATE utf8_bin NULL DEFAULT NULL,
  `CREATE_TIME_` timestamp(0) NULL DEFAULT NULL,
  `LAST_UPDATE_TIME_` timestamp(0) NULL DEFAULT NULL,
  `VERSION_` int(11) NULL DEFAULT NULL,
  `META_INFO_` varchar(4000) CHARACTER SET utf8 COLLATE utf8_bin NULL DEFAULT NULL,
  `DEPLOYMENT_ID_` varchar(64) CHARACTER SET utf8 COLLATE utf8_bin NULL DEFAULT NULL,
  `EDITOR_SOURCE_VALUE_ID_` varchar(64) CHARACTER SET utf8 COLLATE utf8_bin NULL DEFAULT NULL,
  `EDITOR_SOURCE_EXTRA_VALUE_ID_` varchar(64) CHARACTER SET utf8 COLLATE utf8_bin NULL DEFAULT NULL,
  PRIMARY KEY (`ID_`) USING BTREE,
  INDEX `ACT_FK_MODEL_SOURCE`(`EDITOR_SOURCE_VALUE_ID_`) USING BTREE,
  INDEX `ACT_FK_MODEL_SOURCE_EXTRA`(`EDITOR_SOURCE_EXTRA_VALUE_ID_`) USING BTREE,
  INDEX `ACT_FK_MODEL_DEPLOYMENT`(`DEPLOYMENT_ID_`) USING BTREE,
  CONSTRAINT `ACT_FK_MODEL_DEPLOYMENT` FOREIGN KEY (`DEPLOYMENT_ID_`) REFERENCES `act_re_deployment` (`ID_`) ON DELETE RESTRICT ON UPDATE RESTRICT,
  CONSTRAINT `ACT_FK_MODEL_SOURCE` FOREIGN KEY (`EDITOR_SOURCE_VALUE_ID_`) REFERENCES `act_ge_bytearray` (`ID_`) ON DELETE RESTRICT ON UPDATE RESTRICT,
  CONSTRAINT `ACT_FK_MODEL_SOURCE_EXTRA` FOREIGN KEY (`EDITOR_SOURCE_EXTRA_VALUE_ID_`) REFERENCES `act_ge_bytearray` (`ID_`) ON DELETE RESTRICT ON UPDATE RESTRICT
) ENGINE = InnoDB CHARACTER SET = utf8 COLLATE = utf8_bin ROW_FORMAT = Dynamic;

-- ----------------------------
-- Records of act_re_model
-- ----------------------------

-- ----------------------------
-- Table structure for act_re_procdef
-- ----------------------------
DROP TABLE IF EXISTS `act_re_procdef`;
CREATE TABLE `act_re_procdef`  (
  `ID_` varchar(64) CHARACTER SET utf8 COLLATE utf8_bin NOT NULL,
  `REV_` int(11) NULL DEFAULT NULL,
  `CATEGORY_` varchar(255) CHARACTER SET utf8 COLLATE utf8_bin NULL DEFAULT NULL,
  `NAME_` varchar(255) CHARACTER SET utf8 COLLATE utf8_bin NULL DEFAULT NULL,
  `KEY_` varchar(255) CHARACTER SET utf8 COLLATE utf8_bin NOT NULL,
  `VERSION_` int(11) NOT NULL,
  `DEPLOYMENT_ID_` varchar(64) CHARACTER SET utf8 COLLATE utf8_bin NULL DEFAULT NULL,
  `RESOURCE_NAME_` varchar(4000) CHARACTER SET utf8 COLLATE utf8_bin NULL DEFAULT NULL,
  `DGRM_RESOURCE_NAME_` varchar(4000) CHARACTER SET utf8 COLLATE utf8_bin NULL DEFAULT NULL,
  `DESCRIPTION_` varchar(4000) CHARACTER SET utf8 COLLATE utf8_bin NULL DEFAULT NULL,
  `HAS_START_FORM_KEY_` tinyint(4) NULL DEFAULT NULL,
  `SUSPENSION_STATE_` int(11) NULL DEFAULT NULL,
  PRIMARY KEY (`ID_`) USING BTREE,
  UNIQUE INDEX `ACT_UNIQ_PROCDEF`(`KEY_`, `VERSION_`) USING BTREE
) ENGINE = InnoDB CHARACTER SET = utf8 COLLATE = utf8_bin ROW_FORMAT = Dynamic;

-- ----------------------------
-- Records of act_re_procdef
-- ----------------------------
INSERT INTO `act_re_procdef` VALUES ('AbsenceProcess:1:2704', 1, 'http://www.activiti.org/test', 'AbsenceProcessBPMN', 'AbsenceProcess', 1, '2701', '请假流程/AbsenceProcess.bpmn', '请假流程/AbsenceProcess.png', NULL, 0, 1);
INSERT INTO `act_re_procdef` VALUES ('baoxiaoprocess:1:1804', 1, 'http://www.activiti.org/test', 'baoxiaoProcess', 'baoxiaoprocess', 1, '1801', '报销流程/baoxiaoprocess.bpmn', '报销流程/baoxiaoprocess.png', NULL, 0, 1);

-- ----------------------------
-- Table structure for act_ru_event_subscr
-- ----------------------------
DROP TABLE IF EXISTS `act_ru_event_subscr`;
CREATE TABLE `act_ru_event_subscr`  (
  `ID_` varchar(64) CHARACTER SET utf8 COLLATE utf8_bin NOT NULL,
  `REV_` int(11) NULL DEFAULT NULL,
  `EVENT_TYPE_` varchar(255) CHARACTER SET utf8 COLLATE utf8_bin NOT NULL,
  `EVENT_NAME_` varchar(255) CHARACTER SET utf8 COLLATE utf8_bin NULL DEFAULT NULL,
  `EXECUTION_ID_` varchar(64) CHARACTER SET utf8 COLLATE utf8_bin NULL DEFAULT NULL,
  `PROC_INST_ID_` varchar(64) CHARACTER SET utf8 COLLATE utf8_bin NULL DEFAULT NULL,
  `ACTIVITY_ID_` varchar(64) CHARACTER SET utf8 COLLATE utf8_bin NULL DEFAULT NULL,
  `CONFIGURATION_` varchar(255) CHARACTER SET utf8 COLLATE utf8_bin NULL DEFAULT NULL,
  `CREATED_` timestamp(0) NOT NULL DEFAULT CURRENT_TIMESTAMP(0) ON UPDATE CURRENT_TIMESTAMP(0),
  PRIMARY KEY (`ID_`) USING BTREE,
  INDEX `ACT_IDX_EVENT_SUBSCR_CONFIG_`(`CONFIGURATION_`) USING BTREE,
  INDEX `ACT_FK_EVENT_EXEC`(`EXECUTION_ID_`) USING BTREE,
  CONSTRAINT `ACT_FK_EVENT_EXEC` FOREIGN KEY (`EXECUTION_ID_`) REFERENCES `act_ru_execution` (`ID_`) ON DELETE RESTRICT ON UPDATE RESTRICT
) ENGINE = InnoDB CHARACTER SET = utf8 COLLATE = utf8_bin ROW_FORMAT = Dynamic;

-- ----------------------------
-- Records of act_ru_event_subscr
-- ----------------------------

-- ----------------------------
-- Table structure for act_ru_execution
-- ----------------------------
DROP TABLE IF EXISTS `act_ru_execution`;
CREATE TABLE `act_ru_execution`  (
  `ID_` varchar(64) CHARACTER SET utf8 COLLATE utf8_bin NOT NULL DEFAULT '',
  `REV_` int(11) NULL DEFAULT NULL,
  `PROC_INST_ID_` varchar(64) CHARACTER SET utf8 COLLATE utf8_bin NULL DEFAULT NULL,
  `BUSINESS_KEY_` varchar(255) CHARACTER SET utf8 COLLATE utf8_bin NULL DEFAULT NULL,
  `PARENT_ID_` varchar(64) CHARACTER SET utf8 COLLATE utf8_bin NULL DEFAULT NULL,
  `PROC_DEF_ID_` varchar(64) CHARACTER SET utf8 COLLATE utf8_bin NULL DEFAULT NULL,
  `SUPER_EXEC_` varchar(64) CHARACTER SET utf8 COLLATE utf8_bin NULL DEFAULT NULL,
  `ACT_ID_` varchar(255) CHARACTER SET utf8 COLLATE utf8_bin NULL DEFAULT NULL,
  `IS_ACTIVE_` tinyint(4) NULL DEFAULT NULL,
  `IS_CONCURRENT_` tinyint(4) NULL DEFAULT NULL,
  `IS_SCOPE_` tinyint(4) NULL DEFAULT NULL,
  `IS_EVENT_SCOPE_` tinyint(4) NULL DEFAULT NULL,
  `SUSPENSION_STATE_` int(11) NULL DEFAULT NULL,
  `CACHED_ENT_STATE_` int(11) NULL DEFAULT NULL,
  PRIMARY KEY (`ID_`) USING BTREE,
  UNIQUE INDEX `ACT_UNIQ_RU_BUS_KEY`(`PROC_DEF_ID_`, `BUSINESS_KEY_`) USING BTREE,
  INDEX `ACT_IDX_EXEC_BUSKEY`(`BUSINESS_KEY_`) USING BTREE,
  INDEX `ACT_FK_EXE_PROCINST`(`PROC_INST_ID_`) USING BTREE,
  INDEX `ACT_FK_EXE_PARENT`(`PARENT_ID_`) USING BTREE,
  INDEX `ACT_FK_EXE_SUPER`(`SUPER_EXEC_`) USING BTREE,
  CONSTRAINT `ACT_FK_EXE_PARENT` FOREIGN KEY (`PARENT_ID_`) REFERENCES `act_ru_execution` (`ID_`) ON DELETE RESTRICT ON UPDATE RESTRICT,
  CONSTRAINT `ACT_FK_EXE_PROCDEF` FOREIGN KEY (`PROC_DEF_ID_`) REFERENCES `act_re_procdef` (`ID_`) ON DELETE RESTRICT ON UPDATE RESTRICT,
  CONSTRAINT `ACT_FK_EXE_PROCINST` FOREIGN KEY (`PROC_INST_ID_`) REFERENCES `act_ru_execution` (`ID_`) ON DELETE CASCADE ON UPDATE CASCADE,
  CONSTRAINT `ACT_FK_EXE_SUPER` FOREIGN KEY (`SUPER_EXEC_`) REFERENCES `act_ru_execution` (`ID_`) ON DELETE RESTRICT ON UPDATE RESTRICT
) ENGINE = InnoDB CHARACTER SET = utf8 COLLATE = utf8_bin ROW_FORMAT = Dynamic;

-- ----------------------------
-- Records of act_ru_execution
-- ----------------------------
INSERT INTO `act_ru_execution` VALUES ('2601', 2, '2601', 'baoxiaoprocess.36', NULL, 'baoxiaoprocess:1:1804', NULL, 'usertask2', 1, 0, 1, 0, 1, 2);

-- ----------------------------
-- Table structure for act_ru_identitylink
-- ----------------------------
DROP TABLE IF EXISTS `act_ru_identitylink`;
CREATE TABLE `act_ru_identitylink`  (
  `ID_` varchar(64) CHARACTER SET utf8 COLLATE utf8_bin NOT NULL DEFAULT '',
  `REV_` int(11) NULL DEFAULT NULL,
  `GROUP_ID_` varchar(255) CHARACTER SET utf8 COLLATE utf8_bin NULL DEFAULT NULL,
  `TYPE_` varchar(255) CHARACTER SET utf8 COLLATE utf8_bin NULL DEFAULT NULL,
  `USER_ID_` varchar(255) CHARACTER SET utf8 COLLATE utf8_bin NULL DEFAULT NULL,
  `TASK_ID_` varchar(64) CHARACTER SET utf8 COLLATE utf8_bin NULL DEFAULT NULL,
  `PROC_INST_ID_` varchar(64) CHARACTER SET utf8 COLLATE utf8_bin NULL DEFAULT NULL,
  `PROC_DEF_ID_` varchar(64) CHARACTER SET utf8 COLLATE utf8_bin NULL DEFAULT NULL,
  PRIMARY KEY (`ID_`) USING BTREE,
  INDEX `ACT_IDX_IDENT_LNK_USER`(`USER_ID_`) USING BTREE,
  INDEX `ACT_IDX_IDENT_LNK_GROUP`(`GROUP_ID_`) USING BTREE,
  INDEX `ACT_IDX_ATHRZ_PROCEDEF`(`PROC_DEF_ID_`) USING BTREE,
  INDEX `ACT_FK_TSKASS_TASK`(`TASK_ID_`) USING BTREE,
  INDEX `ACT_FK_IDL_PROCINST`(`PROC_INST_ID_`) USING BTREE,
  CONSTRAINT `ACT_FK_ATHRZ_PROCEDEF` FOREIGN KEY (`PROC_DEF_ID_`) REFERENCES `act_re_procdef` (`ID_`) ON DELETE RESTRICT ON UPDATE RESTRICT,
  CONSTRAINT `ACT_FK_IDL_PROCINST` FOREIGN KEY (`PROC_INST_ID_`) REFERENCES `act_ru_execution` (`ID_`) ON DELETE RESTRICT ON UPDATE RESTRICT,
  CONSTRAINT `ACT_FK_TSKASS_TASK` FOREIGN KEY (`TASK_ID_`) REFERENCES `act_ru_task` (`ID_`) ON DELETE RESTRICT ON UPDATE RESTRICT
) ENGINE = InnoDB CHARACTER SET = utf8 COLLATE = utf8_bin ROW_FORMAT = Dynamic;

-- ----------------------------
-- Records of act_ru_identitylink
-- ----------------------------
INSERT INTO `act_ru_identitylink` VALUES ('2607', 1, NULL, 'participant', 'lee', NULL, '2601', NULL);
INSERT INTO `act_ru_identitylink` VALUES ('2611', 1, NULL, 'participant', 'mike', NULL, '2601', NULL);

-- ----------------------------
-- Table structure for act_ru_job
-- ----------------------------
DROP TABLE IF EXISTS `act_ru_job`;
CREATE TABLE `act_ru_job`  (
  `ID_` varchar(64) CHARACTER SET utf8 COLLATE utf8_bin NOT NULL,
  `REV_` int(11) NULL DEFAULT NULL,
  `TYPE_` varchar(255) CHARACTER SET utf8 COLLATE utf8_bin NOT NULL,
  `LOCK_EXP_TIME_` timestamp(0) NULL DEFAULT NULL,
  `LOCK_OWNER_` varchar(255) CHARACTER SET utf8 COLLATE utf8_bin NULL DEFAULT NULL,
  `EXCLUSIVE_` tinyint(1) NULL DEFAULT NULL,
  `EXECUTION_ID_` varchar(64) CHARACTER SET utf8 COLLATE utf8_bin NULL DEFAULT NULL,
  `PROCESS_INSTANCE_ID_` varchar(64) CHARACTER SET utf8 COLLATE utf8_bin NULL DEFAULT NULL,
  `PROC_DEF_ID_` varchar(64) CHARACTER SET utf8 COLLATE utf8_bin NULL DEFAULT NULL,
  `RETRIES_` int(11) NULL DEFAULT NULL,
  `EXCEPTION_STACK_ID_` varchar(64) CHARACTER SET utf8 COLLATE utf8_bin NULL DEFAULT NULL,
  `EXCEPTION_MSG_` varchar(4000) CHARACTER SET utf8 COLLATE utf8_bin NULL DEFAULT NULL,
  `DUEDATE_` timestamp(0) NULL DEFAULT NULL,
  `REPEAT_` varchar(255) CHARACTER SET utf8 COLLATE utf8_bin NULL DEFAULT NULL,
  `HANDLER_TYPE_` varchar(255) CHARACTER SET utf8 COLLATE utf8_bin NULL DEFAULT NULL,
  `HANDLER_CFG_` varchar(4000) CHARACTER SET utf8 COLLATE utf8_bin NULL DEFAULT NULL,
  PRIMARY KEY (`ID_`) USING BTREE,
  INDEX `ACT_FK_JOB_EXCEPTION`(`EXCEPTION_STACK_ID_`) USING BTREE,
  CONSTRAINT `ACT_FK_JOB_EXCEPTION` FOREIGN KEY (`EXCEPTION_STACK_ID_`) REFERENCES `act_ge_bytearray` (`ID_`) ON DELETE RESTRICT ON UPDATE RESTRICT
) ENGINE = InnoDB CHARACTER SET = utf8 COLLATE = utf8_bin ROW_FORMAT = Dynamic;

-- ----------------------------
-- Records of act_ru_job
-- ----------------------------

-- ----------------------------
-- Table structure for act_ru_task
-- ----------------------------
DROP TABLE IF EXISTS `act_ru_task`;
CREATE TABLE `act_ru_task`  (
  `ID_` varchar(64) CHARACTER SET utf8 COLLATE utf8_bin NOT NULL DEFAULT '',
  `REV_` int(11) NULL DEFAULT NULL,
  `EXECUTION_ID_` varchar(64) CHARACTER SET utf8 COLLATE utf8_bin NULL DEFAULT NULL,
  `PROC_INST_ID_` varchar(64) CHARACTER SET utf8 COLLATE utf8_bin NULL DEFAULT NULL,
  `PROC_DEF_ID_` varchar(64) CHARACTER SET utf8 COLLATE utf8_bin NULL DEFAULT NULL,
  `NAME_` varchar(255) CHARACTER SET utf8 COLLATE utf8_bin NULL DEFAULT NULL,
  `PARENT_TASK_ID_` varchar(64) CHARACTER SET utf8 COLLATE utf8_bin NULL DEFAULT NULL,
  `DESCRIPTION_` varchar(4000) CHARACTER SET utf8 COLLATE utf8_bin NULL DEFAULT NULL,
  `TASK_DEF_KEY_` varchar(255) CHARACTER SET utf8 COLLATE utf8_bin NULL DEFAULT NULL,
  `OWNER_` varchar(255) CHARACTER SET utf8 COLLATE utf8_bin NULL DEFAULT NULL,
  `ASSIGNEE_` varchar(255) CHARACTER SET utf8 COLLATE utf8_bin NULL DEFAULT NULL,
  `DELEGATION_` varchar(64) CHARACTER SET utf8 COLLATE utf8_bin NULL DEFAULT NULL,
  `PRIORITY_` int(11) NULL DEFAULT NULL,
  `CREATE_TIME_` timestamp(0) NOT NULL DEFAULT CURRENT_TIMESTAMP(0) ON UPDATE CURRENT_TIMESTAMP(0),
  `DUE_DATE_` datetime(0) NULL DEFAULT NULL,
  `SUSPENSION_STATE_` int(11) NULL DEFAULT NULL,
  PRIMARY KEY (`ID_`) USING BTREE,
  INDEX `ACT_IDX_TASK_CREATE`(`CREATE_TIME_`) USING BTREE,
  INDEX `ACT_FK_TASK_EXE`(`EXECUTION_ID_`) USING BTREE,
  INDEX `ACT_FK_TASK_PROCINST`(`PROC_INST_ID_`) USING BTREE,
  INDEX `ACT_FK_TASK_PROCDEF`(`PROC_DEF_ID_`) USING BTREE,
  CONSTRAINT `ACT_FK_TASK_EXE` FOREIGN KEY (`EXECUTION_ID_`) REFERENCES `act_ru_execution` (`ID_`) ON DELETE RESTRICT ON UPDATE RESTRICT,
  CONSTRAINT `ACT_FK_TASK_PROCDEF` FOREIGN KEY (`PROC_DEF_ID_`) REFERENCES `act_re_procdef` (`ID_`) ON DELETE RESTRICT ON UPDATE RESTRICT,
  CONSTRAINT `ACT_FK_TASK_PROCINST` FOREIGN KEY (`PROC_INST_ID_`) REFERENCES `act_ru_execution` (`ID_`) ON DELETE RESTRICT ON UPDATE RESTRICT
) ENGINE = InnoDB CHARACTER SET = utf8 COLLATE = utf8_bin ROW_FORMAT = Dynamic;

-- ----------------------------
-- Records of act_ru_task
-- ----------------------------
INSERT INTO `act_ru_task` VALUES ('2610', 1, '2601', '2601', 'baoxiaoprocess:1:1804', '部门经理审批', NULL, NULL, 'usertask2', NULL, 'mike', NULL, 50, '2021-02-02 17:49:26', NULL, 1);

-- ----------------------------
-- Table structure for act_ru_variable
-- ----------------------------
DROP TABLE IF EXISTS `act_ru_variable`;
CREATE TABLE `act_ru_variable`  (
  `ID_` varchar(64) CHARACTER SET utf8 COLLATE utf8_bin NOT NULL,
  `REV_` int(11) NULL DEFAULT NULL,
  `TYPE_` varchar(255) CHARACTER SET utf8 COLLATE utf8_bin NOT NULL,
  `NAME_` varchar(255) CHARACTER SET utf8 COLLATE utf8_bin NOT NULL,
  `EXECUTION_ID_` varchar(64) CHARACTER SET utf8 COLLATE utf8_bin NULL DEFAULT NULL,
  `PROC_INST_ID_` varchar(64) CHARACTER SET utf8 COLLATE utf8_bin NULL DEFAULT NULL,
  `TASK_ID_` varchar(64) CHARACTER SET utf8 COLLATE utf8_bin NULL DEFAULT NULL,
  `BYTEARRAY_ID_` varchar(64) CHARACTER SET utf8 COLLATE utf8_bin NULL DEFAULT NULL,
  `DOUBLE_` double NULL DEFAULT NULL,
  `LONG_` bigint(20) NULL DEFAULT NULL,
  `TEXT_` varchar(4000) CHARACTER SET utf8 COLLATE utf8_bin NULL DEFAULT NULL,
  `TEXT2_` varchar(4000) CHARACTER SET utf8 COLLATE utf8_bin NULL DEFAULT NULL,
  PRIMARY KEY (`ID_`) USING BTREE,
  INDEX `ACT_IDX_VARIABLE_TASK_ID`(`TASK_ID_`) USING BTREE,
  INDEX `ACT_FK_VAR_EXE`(`EXECUTION_ID_`) USING BTREE,
  INDEX `ACT_FK_VAR_PROCINST`(`PROC_INST_ID_`) USING BTREE,
  INDEX `ACT_FK_VAR_BYTEARRAY`(`BYTEARRAY_ID_`) USING BTREE,
  CONSTRAINT `ACT_FK_VAR_BYTEARRAY` FOREIGN KEY (`BYTEARRAY_ID_`) REFERENCES `act_ge_bytearray` (`ID_`) ON DELETE RESTRICT ON UPDATE RESTRICT,
  CONSTRAINT `ACT_FK_VAR_EXE` FOREIGN KEY (`EXECUTION_ID_`) REFERENCES `act_ru_execution` (`ID_`) ON DELETE RESTRICT ON UPDATE RESTRICT,
  CONSTRAINT `ACT_FK_VAR_PROCINST` FOREIGN KEY (`PROC_INST_ID_`) REFERENCES `act_ru_execution` (`ID_`) ON DELETE RESTRICT ON UPDATE RESTRICT
) ENGINE = InnoDB CHARACTER SET = utf8 COLLATE = utf8_bin ROW_FORMAT = Dynamic;

-- ----------------------------
-- Records of act_ru_variable
-- ----------------------------
INSERT INTO `act_ru_variable` VALUES ('2603', 1, 'string', 'objId', '2601', '2601', NULL, NULL, NULL, NULL, 'baoxiaoprocess.36', NULL);
INSERT INTO `act_ru_variable` VALUES ('2604', 1, 'string', 'inputUser', '2601', '2601', NULL, NULL, NULL, NULL, 'lee', NULL);

-- ----------------------------
-- Table structure for department
-- ----------------------------
DROP TABLE IF EXISTS `department`;
CREATE TABLE `department`  (
  `ID` int(11) NOT NULL AUTO_INCREMENT,
  `NAME` varchar(50) CHARACTER SET utf8 COLLATE utf8_general_ci NOT NULL,
  `REMARK` varchar(300) CHARACTER SET utf8 COLLATE utf8_general_ci NULL DEFAULT NULL,
  PRIMARY KEY (`ID`) USING BTREE
) ENGINE = InnoDB AUTO_INCREMENT = 19 CHARACTER SET = utf8 COLLATE = utf8_general_ci ROW_FORMAT = Compact;

-- ----------------------------
-- Records of department
-- ----------------------------
INSERT INTO `department` VALUES (1, '技术部', '技术部');
INSERT INTO `department` VALUES (2, '运营部', '运营部');
INSERT INTO `department` VALUES (3, '财务部', '财务部');
INSERT INTO `department` VALUES (5, '总公办', '总公办');
INSERT INTO `department` VALUES (6, '市场部', '市场部');
INSERT INTO `department` VALUES (7, '美术部', '美术部');
INSERT INTO `department` VALUES (10, '教学部', '教学部');
INSERT INTO `department` VALUES (11, '设计部', '设计部');
INSERT INTO `department` VALUES (17, '维修部', '维修任何东西');
INSERT INTO `department` VALUES (18, '综合部', '综合部');

-- ----------------------------
-- Table structure for employee
-- ----------------------------
DROP TABLE IF EXISTS `employee`;
CREATE TABLE `employee`  (
  `id` int(11) NOT NULL AUTO_INCREMENT,
  `username` varchar(255) CHARACTER SET utf8 COLLATE utf8_general_ci NOT NULL,
  `password` varchar(255) CHARACTER SET utf8 COLLATE utf8_general_ci NOT NULL,
  `department_id` int(11) NOT NULL,
  `job_id` int(11) NOT NULL,
  `role_id` int(11) NOT NULL,
  `manager_id` int(11) NOT NULL,
  `address` varchar(255) CHARACTER SET utf8 COLLATE utf8_general_ci NOT NULL,
  `phone` varchar(255) CHARACTER SET utf8 COLLATE utf8_general_ci NOT NULL,
  `gender` varchar(255) CHARACTER SET utf8 COLLATE utf8_general_ci NOT NULL,
  `birthday` datetime(0) NOT NULL,
  `create_time` datetime(0) NOT NULL,
  PRIMARY KEY (`id`) USING BTREE
) ENGINE = InnoDB AUTO_INCREMENT = 14 CHARACTER SET = utf8 COLLATE = utf8_general_ci ROW_FORMAT = Dynamic;

-- ----------------------------
-- Records of employee
-- ----------------------------
INSERT INTO `employee` VALUES (1, 'danny', '123456', 5, 9, 1, 0, '广州市天河区棠东村', '13026762251', '男', '2021-01-28 00:00:00', '2021-01-04 15:14:25');
INSERT INTO `employee` VALUES (2, 'jack', '123456', 3, 8, 2, 1, '广州市天河区棠东村', '13026762252', '女', '2021-01-04 15:40:00', '2021-01-04 15:40:00');
INSERT INTO `employee` VALUES (3, 'mike', '123456', 3, 8, 3, 1, '广州市天河区棠东村', '13026762253', '男', '2021-01-09 09:51:47', '2021-01-09 09:51:54');
INSERT INTO `employee` VALUES (4, 'chen', '123456', 3, 1, 4, 2, '广州市天河区棠东村', '13026762254', '男', '2021-01-09 09:54:47', '2021-01-09 09:54:49');
INSERT INTO `employee` VALUES (5, 'zhang', '123456', 3, 1, 5, 3, '广州市天河区棠东村', '13026762255', '男', '2021-01-26 00:00:00', '2021-01-09 09:54:49');
INSERT INTO `employee` VALUES (6, 'lee', '123456', 3, 7, 6, 2, '广州市天河区棠东村', '13026762255', '男', '2021-01-09 09:54:47', '2021-01-09 09:54:49');
INSERT INTO `employee` VALUES (8, 'Leon', '123456', 5, 8, 2, 1, '广州市天河区棠东村', '13026762258', '男', '2021-01-25 00:00:00', '2021-01-25 18:53:28');
INSERT INTO `employee` VALUES (9, 'wang', '123456', 1, 1, 2, 1, '广州市天河区棠东村', '13026762258', '女', '2021-01-25 00:00:00', '2021-01-25 19:06:29');
INSERT INTO `employee` VALUES (10, 'zhao', '123456', 1, 1, 3, 1, '广州市天河区棠东村', '13026762258', '女', '2021-01-04 00:00:00', '2021-01-25 19:13:50');

-- ----------------------------
-- Table structure for job
-- ----------------------------
DROP TABLE IF EXISTS `job`;
CREATE TABLE `job`  (
  `ID` int(11) NOT NULL AUTO_INCREMENT,
  `NAME` varchar(50) CHARACTER SET utf8 COLLATE utf8_general_ci NOT NULL,
  `REMARK` varchar(300) CHARACTER SET utf8 COLLATE utf8_general_ci NULL DEFAULT NULL,
  PRIMARY KEY (`ID`) USING BTREE
) ENGINE = InnoDB AUTO_INCREMENT = 26 CHARACTER SET = utf8 COLLATE = utf8_general_ci ROW_FORMAT = Compact;

-- ----------------------------
-- Records of job
-- ----------------------------
INSERT INTO `job` VALUES (1, '职员', '勤劳的职员');
INSERT INTO `job` VALUES (2, 'Java开发工程师', 'Java开发工程师');
INSERT INTO `job` VALUES (3, 'Java中级开发工程师', 'Java中级开发工程师');
INSERT INTO `job` VALUES (4, 'Java高级开发工程师', 'Java高级开发工程师');
INSERT INTO `job` VALUES (5, '系统管理员', '系统管理员');
INSERT INTO `job` VALUES (6, '架构师', '架构师');
INSERT INTO `job` VALUES (7, '主管', '主管');
INSERT INTO `job` VALUES (8, '经理', '经理');
INSERT INTO `job` VALUES (9, '总经理', '总经理');
INSERT INTO `job` VALUES (11, 'CEO', 'CEO');
INSERT INTO `job` VALUES (16, '董事长', '董事长');
INSERT INTO `job` VALUES (21, '小鱼儿', '小鱼儿与花无缺');
INSERT INTO `job` VALUES (24, 'Java实习生', '实习培训');

-- ----------------------------
-- Table structure for reimbursement
-- ----------------------------
DROP TABLE IF EXISTS `reimbursement`;
CREATE TABLE `reimbursement`  (
  `id` int(11) NOT NULL AUTO_INCREMENT,
  `money` decimal(8, 2) NOT NULL,
  `title` varchar(200) CHARACTER SET utf8 COLLATE utf8_general_ci NOT NULL,
  `reason` varchar(500) CHARACTER SET utf8 COLLATE utf8_general_ci NOT NULL,
  `create_time` datetime(0) NOT NULL,
  `state` int(11) NOT NULL,
  `user_id` int(11) NOT NULL,
  PRIMARY KEY (`id`) USING BTREE
) ENGINE = InnoDB AUTO_INCREMENT = 37 CHARACTER SET = utf8 COLLATE = utf8_general_ci ROW_FORMAT = Dynamic;

-- ----------------------------
-- Records of reimbursement
-- ----------------------------
INSERT INTO `reimbursement` VALUES (34, 1000.00, '应酬', '吃饭喝酒', '2021-02-02 11:46:11', 2, 6);
INSERT INTO `reimbursement` VALUES (35, 2000.00, '饭局', '高档的', '2021-02-02 16:28:33', 2, 6);
INSERT INTO `reimbursement` VALUES (36, 10000.00, '娱乐局', '这么大笔数额，你懂的', '2021-02-02 17:42:53', 1, 6);

-- ----------------------------
-- Table structure for sys_permission
-- ----------------------------
DROP TABLE IF EXISTS `sys_permission`;
CREATE TABLE `sys_permission`  (
  `id` bigint(20) NOT NULL AUTO_INCREMENT COMMENT '主键',
  `name` varchar(128) CHARACTER SET utf8 COLLATE utf8_general_ci NOT NULL COMMENT '资源名称',
  `type` varchar(32) CHARACTER SET utf8 COLLATE utf8_general_ci NOT NULL COMMENT '资源类型：menu,button,',
  `url` varchar(128) CHARACTER SET utf8 COLLATE utf8_general_ci NULL DEFAULT NULL COMMENT '访问url地址',
  `permission_code` varchar(128) CHARACTER SET utf8 COLLATE utf8_general_ci NULL DEFAULT NULL COMMENT '权限代码字符串',
  `parent_id` bigint(20) NULL DEFAULT NULL COMMENT '父结点id',
  `parent_ids` varchar(128) CHARACTER SET utf8 COLLATE utf8_general_ci NULL DEFAULT NULL COMMENT '父结点id列表串',
  `sort_string` varchar(128) CHARACTER SET utf8 COLLATE utf8_general_ci NULL DEFAULT NULL COMMENT '排序号',
  `available` char(1) CHARACTER SET utf8 COLLATE utf8_general_ci NULL DEFAULT NULL COMMENT '是否可用,1：可用，0不可用',
  PRIMARY KEY (`id`) USING BTREE
) ENGINE = InnoDB AUTO_INCREMENT = 29 CHARACTER SET = utf8 COLLATE = utf8_general_ci ROW_FORMAT = Dynamic;

-- ----------------------------
-- Records of sys_permission
-- ----------------------------
INSERT INTO `sys_permission` VALUES (1, '权限', '', '', NULL, 0, '0/', '0', '1');
INSERT INTO `sys_permission` VALUES (2, '部门管理', 'menu', '', 'department:manager', 1, '0/1/', '', '1');
INSERT INTO `sys_permission` VALUES (3, '部门列表', 'menu|permission', 'department/find', 'department:find', 2, '0/1/11/', '', '1');
INSERT INTO `sys_permission` VALUES (5, '职位管理', 'menu', '', 'job:manager', 1, '0/1/', '', '1');
INSERT INTO `sys_permission` VALUES (6, '职位列表', 'menu|permission', 'job/find', 'job:find', 5, '0/1/12/', '', '1');
INSERT INTO `sys_permission` VALUES (11, '报销管理', 'menu', '', 'reimbursement:manager', 1, '0/1/', '1.', '1');
INSERT INTO `sys_permission` VALUES (12, '报销申请', 'menu|permission', 'reimbursement/savePage', 'reimbursement:save', 11, '0/1/14/', '', '1');
INSERT INTO `sys_permission` VALUES (13, '我的报销', 'menu|permission', 'reimbursement/find', 'reimbursement:find', 11, '0/1/14/', '', '1');
INSERT INTO `sys_permission` VALUES (14, '待办事务', 'menu|permission', 'process/reimbursementTaskListPage', 'reimbursement:findTask', 11, '0/1/14/', '', '1');
INSERT INTO `sys_permission` VALUES (15, '请假管理', 'menu', '', 'absenceForm:manager', 1, '0/1/', '1.', '1');
INSERT INTO `sys_permission` VALUES (16, '请假申请', 'menu|permission', 'absence/savePage', 'absenceForm:save', 15, '0/1/15/', '', '1');
INSERT INTO `sys_permission` VALUES (17, '我的请假', 'menu|permission', 'absence/find', 'absenceForm:find', 15, '0/1/15/', '', '1');
INSERT INTO `sys_permission` VALUES (18, '待办事务', 'menu|permission', 'process/absenceTaskListPage', 'absenceForm:findTask', 15, '0/1/15/', '', '1');
INSERT INTO `sys_permission` VALUES (20, '流程管理', 'menu', '', 'process:manager', 1, '0/1/', NULL, '1');
INSERT INTO `sys_permission` VALUES (21, '发布流程', 'menu|permission', 'process/savePage', 'process:save', 20, '0/1/16/', '2.', '1');
INSERT INTO `sys_permission` VALUES (22, '查看流程', 'menu|permission', 'process/find', 'process:find', 20, '0/1/16/', '', '1');
INSERT INTO `sys_permission` VALUES (26, '系统管理', 'menu', '', 'user:manager', 1, '0/1/', '', '1');
INSERT INTO `sys_permission` VALUES (27, '用户管理', 'menu|permission', 'employee/find', 'user:find', 26, '0/1/23/', '', '1');
INSERT INTO `sys_permission` VALUES (28, '角色列表', 'menu|permission', 'role/find', 'role:find', 26, '0/1/23/', NULL, '1');

-- ----------------------------
-- Table structure for sys_role
-- ----------------------------
DROP TABLE IF EXISTS `sys_role`;
CREATE TABLE `sys_role`  (
  `id` int(11) NOT NULL AUTO_INCREMENT,
  `name` varchar(128) CHARACTER SET utf8 COLLATE utf8_general_ci NOT NULL,
  `available` char(1) CHARACTER SET utf8 COLLATE utf8_general_ci NOT NULL COMMENT '是否可用,1：可用，0不可用',
  `superior` int(11) NULL DEFAULT NULL,
  PRIMARY KEY (`id`) USING BTREE
) ENGINE = InnoDB AUTO_INCREMENT = 7 CHARACTER SET = utf8 COLLATE = utf8_general_ci ROW_FORMAT = Dynamic;

-- ----------------------------
-- Records of sys_role
-- ----------------------------
INSERT INTO `sys_role` VALUES (1, '总经理', '1', 0);
INSERT INTO `sys_role` VALUES (2, 'HR部门经理', '1', 1);
INSERT INTO `sys_role` VALUES (3, '财务部门经理', '1', 1);
INSERT INTO `sys_role` VALUES (4, 'HR', '1', 2);
INSERT INTO `sys_role` VALUES (5, '财务', '1', 3);
INSERT INTO `sys_role` VALUES (6, '普通员工', '1', NULL);

-- ----------------------------
-- Table structure for sys_role_permission
-- ----------------------------
DROP TABLE IF EXISTS `sys_role_permission`;
CREATE TABLE `sys_role_permission`  (
  `id` varchar(36) CHARACTER SET utf8 COLLATE utf8_general_ci NOT NULL,
  `sys_role_id` varchar(36) CHARACTER SET utf8 COLLATE utf8_general_ci NOT NULL COMMENT '角色id',
  `sys_permission_id` varchar(36) CHARACTER SET utf8 COLLATE utf8_general_ci NOT NULL COMMENT '权限id',
  PRIMARY KEY (`id`) USING BTREE
) ENGINE = InnoDB CHARACTER SET = utf8 COLLATE = utf8_general_ci ROW_FORMAT = Dynamic;

-- ----------------------------
-- Records of sys_role_permission
-- ----------------------------
INSERT INTO `sys_role_permission` VALUES ('0e077092-6453-11eb-b142-00d86172218b', '9', '17');
INSERT INTO `sys_role_permission` VALUES ('0fb5156d-6456-11eb-b142-00d86172218b', '6', '11');
INSERT INTO `sys_role_permission` VALUES ('0fb56fd9-6456-11eb-b142-00d86172218b', '6', '12');
INSERT INTO `sys_role_permission` VALUES ('0fb5aca3-6456-11eb-b142-00d86172218b', '6', '13');
INSERT INTO `sys_role_permission` VALUES ('0fb5ee4e-6456-11eb-b142-00d86172218b', '6', '14');
INSERT INTO `sys_role_permission` VALUES ('0fb62b42-6456-11eb-b142-00d86172218b', '6', '15');
INSERT INTO `sys_role_permission` VALUES ('0fb675c0-6456-11eb-b142-00d86172218b', '6', '16');
INSERT INTO `sys_role_permission` VALUES ('0fb6b641-6456-11eb-b142-00d86172218b', '6', '17');
INSERT INTO `sys_role_permission` VALUES ('0fb6ecd6-6456-11eb-b142-00d86172218b', '6', '18');
INSERT INTO `sys_role_permission` VALUES ('163061e3-6456-11eb-b142-00d86172218b', '5', '11');
INSERT INTO `sys_role_permission` VALUES ('1630be59-6456-11eb-b142-00d86172218b', '5', '14');
INSERT INTO `sys_role_permission` VALUES ('16310d78-6456-11eb-b142-00d86172218b', '5', '20');
INSERT INTO `sys_role_permission` VALUES ('16315490-6456-11eb-b142-00d86172218b', '5', '22');
INSERT INTO `sys_role_permission` VALUES ('1ca6caf3-6456-11eb-b142-00d86172218b', '4', '2');
INSERT INTO `sys_role_permission` VALUES ('1ca71729-6456-11eb-b142-00d86172218b', '4', '3');
INSERT INTO `sys_role_permission` VALUES ('1ca774d1-6456-11eb-b142-00d86172218b', '4', '5');
INSERT INTO `sys_role_permission` VALUES ('1ca7b904-6456-11eb-b142-00d86172218b', '4', '6');
INSERT INTO `sys_role_permission` VALUES ('1ca81039-6456-11eb-b142-00d86172218b', '4', '15');
INSERT INTO `sys_role_permission` VALUES ('1ca85891-6456-11eb-b142-00d86172218b', '4', '18');
INSERT INTO `sys_role_permission` VALUES ('1ca8a44c-6456-11eb-b142-00d86172218b', '4', '20');
INSERT INTO `sys_role_permission` VALUES ('1ca8ec9e-6456-11eb-b142-00d86172218b', '4', '22');
INSERT INTO `sys_role_permission` VALUES ('28837920-6456-11eb-b142-00d86172218b', '2', '2');
INSERT INTO `sys_role_permission` VALUES ('2883cc5e-6456-11eb-b142-00d86172218b', '2', '3');
INSERT INTO `sys_role_permission` VALUES ('288418af-6456-11eb-b142-00d86172218b', '2', '5');
INSERT INTO `sys_role_permission` VALUES ('28846ca4-6456-11eb-b142-00d86172218b', '2', '6');
INSERT INTO `sys_role_permission` VALUES ('2884c772-6456-11eb-b142-00d86172218b', '2', '15');
INSERT INTO `sys_role_permission` VALUES ('28850f4f-6456-11eb-b142-00d86172218b', '2', '18');
INSERT INTO `sys_role_permission` VALUES ('2885534e-6456-11eb-b142-00d86172218b', '2', '20');
INSERT INTO `sys_role_permission` VALUES ('28859c3e-6456-11eb-b142-00d86172218b', '2', '21');
INSERT INTO `sys_role_permission` VALUES ('2885e165-6456-11eb-b142-00d86172218b', '2', '22');
INSERT INTO `sys_role_permission` VALUES ('288624b4-6456-11eb-b142-00d86172218b', '2', '26');
INSERT INTO `sys_role_permission` VALUES ('28866634-6456-11eb-b142-00d86172218b', '2', '27');
INSERT INTO `sys_role_permission` VALUES ('2886a174-6456-11eb-b142-00d86172218b', '2', '28');
INSERT INTO `sys_role_permission` VALUES ('2b11a1e0-6456-11eb-b142-00d86172218b', '3', '11');
INSERT INTO `sys_role_permission` VALUES ('2b11f28b-6456-11eb-b142-00d86172218b', '3', '14');
INSERT INTO `sys_role_permission` VALUES ('2b124cde-6456-11eb-b142-00d86172218b', '3', '20');
INSERT INTO `sys_role_permission` VALUES ('2b12959e-6456-11eb-b142-00d86172218b', '3', '21');
INSERT INTO `sys_role_permission` VALUES ('2b12d5a6-6456-11eb-b142-00d86172218b', '3', '22');
INSERT INTO `sys_role_permission` VALUES ('2b131a56-6456-11eb-b142-00d86172218b', '3', '26');
INSERT INTO `sys_role_permission` VALUES ('2b135505-6456-11eb-b142-00d86172218b', '3', '27');
INSERT INTO `sys_role_permission` VALUES ('2b139667-6456-11eb-b142-00d86172218b', '3', '28');
INSERT INTO `sys_role_permission` VALUES ('6cbc2c4c-56e0-11eb-b142-00d86172218b', '1', '2');
INSERT INTO `sys_role_permission` VALUES ('6cbc6bd2-56e0-11eb-b142-00d86172218b', '1', '3');
INSERT INTO `sys_role_permission` VALUES ('6cbd0e93-56e0-11eb-b142-00d86172218b', '1', '5');
INSERT INTO `sys_role_permission` VALUES ('6cbd42aa-56e0-11eb-b142-00d86172218b', '1', '6');
INSERT INTO `sys_role_permission` VALUES ('6cbe029d-56e0-11eb-b142-00d86172218b', '1', '11');
INSERT INTO `sys_role_permission` VALUES ('6cbe3a88-56e0-11eb-b142-00d86172218b', '1', '14');
INSERT INTO `sys_role_permission` VALUES ('6cbe5b15-56e0-11eb-b142-00d86172218b', '1', '15');
INSERT INTO `sys_role_permission` VALUES ('6cbe81ac-56e0-11eb-b142-00d86172218b', '1', '18');
INSERT INTO `sys_role_permission` VALUES ('6cbea3dd-56e0-11eb-b142-00d86172218b', '1', '20');
INSERT INTO `sys_role_permission` VALUES ('6cbec6cd-56e0-11eb-b142-00d86172218b', '1', '22');
INSERT INTO `sys_role_permission` VALUES ('6cbee959-56e0-11eb-b142-00d86172218b', '1', '26');
INSERT INTO `sys_role_permission` VALUES ('6cbf0acc-56e0-11eb-b142-00d86172218b', '1', '27');
INSERT INTO `sys_role_permission` VALUES ('6cbf29a6-56e0-11eb-b142-00d86172218b', '1', '28');

-- ----------------------------
-- Table structure for sys_user_role
-- ----------------------------
DROP TABLE IF EXISTS `sys_user_role`;
CREATE TABLE `sys_user_role`  (
  `id` int(11) NOT NULL AUTO_INCREMENT,
  `sys_user_id` varchar(36) CHARACTER SET utf8 COLLATE utf8_general_ci NOT NULL,
  `sys_role_id` varchar(36) CHARACTER SET utf8 COLLATE utf8_general_ci NOT NULL,
  PRIMARY KEY (`id`) USING BTREE
) ENGINE = InnoDB AUTO_INCREMENT = 11 CHARACTER SET = utf8 COLLATE = utf8_general_ci ROW_FORMAT = Dynamic;

-- ----------------------------
-- Records of sys_user_role
-- ----------------------------
INSERT INTO `sys_user_role` VALUES (1, 'danny', '1');
INSERT INTO `sys_user_role` VALUES (2, 'jack', '2');
INSERT INTO `sys_user_role` VALUES (3, 'mike', '3');
INSERT INTO `sys_user_role` VALUES (4, 'chen', '4');
INSERT INTO `sys_user_role` VALUES (5, 'zhang', '5');
INSERT INTO `sys_user_role` VALUES (6, 'lee', '6');

SET FOREIGN_KEY_CHECKS = 1;
